product_id,warehouse_id,stock_quantity,reorder_level
1,1,430,110
1,2,150,68
1,3,464,95
1,4,246,140
1,5,443,35
2,1,232,56
2,2,497,87
2,3,296,93
2,4,494,69
2,5,311,105
3,1,395,143
3,2,223,81
3,3,442,103
3,4,264,135
3,5,299,72
4,1,185,37
4,2,82,92
4,3,386,57
4,4,292,43
4,5,146,102
5,1,102,58
5,2,351,58
5,3,188,143
5,4,112,79
5,5,74,105
6,1,452,66
6,2,329,93
6,3,230,132
6,4,308,145
6,5,249,99
7,1,359,52
7,2,76,149
7,3,492,102
7,4,107,39
7,5,245,54
8,1,441,65
8,2,123,78
8,3,402,49
8,4,287,147
8,5,249,69
9,1,328,74
9,2,87,49
9,3,67,81
9,4,266,124
9,5,324,69
10,1,399,115
10,2,388,123
10,3,360,107
10,4,199,121
10,5,196,53
11,1,266,56
11,2,144,150
11,3,472,120
11,4,294,123
11,5,64,35
12,1,265,120
12,2,450,49
12,3,459,68
12,4,78,119
12,5,430,85
13,1,165,104
13,2,155,36
13,3,360,71
13,4,455,50
13,5,194,46
14,1,155,59
14,2,470,118
14,3,240,123
14,4,275,122
14,5,419,52
15,1,200,127
15,2,387,66
15,3,226,80
15,4,81,134
15,5,224,39
16,1,213,31
16,2,285,95
16,3,170,55
16,4,127,150
16,5,249,135
17,1,316,136
17,2,387,56
17,3,122,63
17,4,115,33
17,5,169,63
18,1,91,126
18,2,433,150
18,3,207,140
18,4,233,123
18,5,233,130
19,1,72,117
19,2,423,61
19,3,223,42
19,4,475,64
19,5,465,93
20,1,139,97
20,2,119,60
20,3,462,121
20,4,483,57
20,5,213,81
21,1,345,90
21,2,183,102
21,3,119,96
21,4,451,119
21,5,63,101
22,1,101,67
22,2,364,138
22,3,479,42
22,4,193,77
22,5,339,116
23,1,70,55
23,2,290,38
23,3,254,72
23,4,462,138
23,5,494,89
24,1,142,51
24,2,88,139
24,3,414,48
24,4,79,43
24,5,390,46
25,1,307,69
25,2,102,47
25,3,301,150
25,4,147,92
25,5,271,73
26,1,61,55
26,2,299,146
26,3,204,31
26,4,236,79
26,5,396,70
27,1,278,43
27,2,78,71
27,3,302,118
27,4,114,60
27,5,170,146
28,1,122,95
28,2,126,148
28,3,211,69
28,4,256,37
28,5,175,84
29,1,487,143
29,2,189,74
29,3,101,114
29,4,493,67
29,5,216,52
30,1,421,139
30,2,219,126
30,3,249,36
30,4,282,92
30,5,480,60
31,1,144,109
31,2,254,47
31,3,294,104
31,4,467,112
31,5,104,140
32,1,423,141
32,2,472,143
32,3,89,79
32,4,89,107
32,5,66,145
33,1,162,100
33,2,397,36
33,3,277,96
33,4,369,92
33,5,335,73
34,1,400,129
34,2,330,82
34,3,240,108
34,4,175,107
34,5,446,66
35,1,266,115
35,2,61,34
35,3,225,106
35,4,169,107
35,5,436,109
36,1,307,31
36,2,208,65
36,3,385,36
36,4,181,142
36,5,199,137
37,1,182,36
37,2,294,47
37,3,416,81
37,4,395,141
37,5,370,93
38,1,222,65
38,2,240,117
38,3,97,51
38,4,426,138
38,5,297,96
39,1,122,131
39,2,353,52
39,3,375,101
39,4,333,115
39,5,403,98
40,1,150,99
40,2,159,110
40,3,492,81
40,4,320,73
40,5,89,66
41,1,448,111
41,2,133,44
41,3,104,116
41,4,337,49
41,5,153,129
42,1,333,134
42,2,93,139
42,3,121,118
42,4,295,131
42,5,298,59
43,1,60,93
43,2,425,50
43,3,71,63
43,4,407,125
43,5,430,125
44,1,145,115
44,2,296,53
44,3,252,39
44,4,247,131
44,5,451,67
45,1,489,90
45,2,395,101
45,3,500,150
45,4,99,58
45,5,61,90
46,1,328,46
46,2,188,97
46,3,334,70
46,4,322,143
46,5,80,45
47,1,108,78
47,2,190,63
47,3,152,40
47,4,263,101
47,5,209,56
48,1,383,138
48,2,209,114
48,3,177,85
48,4,201,59
48,5,61,38
49,1,204,42
49,2,237,80
49,3,116,148
49,4,163,128
49,5,350,42
50,1,233,86
50,2,158,45
50,3,383,50
50,4,88,57
50,5,479,69
51,1,317,34
51,2,424,131
51,3,490,76
51,4,210,88
51,5,187,134
52,1,128,137
52,2,144,120
52,3,379,73
52,4,72,101
52,5,465,114
53,1,206,135
53,2,76,54
53,3,169,139
53,4,68,44
53,5,282,33
54,1,76,103
54,2,262,100
54,3,239,62
54,4,125,78
54,5,353,146
55,1,195,114
55,2,259,102
55,3,477,31
55,4,357,126
55,5,303,140
56,1,336,114
56,2,68,61
56,3,497,56
56,4,213,70
56,5,172,104
57,1,496,57
57,2,240,134
57,3,271,123
57,4,239,74
57,5,407,96
58,1,373,106
58,2,67,124
58,3,301,140
58,4,79,128
58,5,350,83
59,1,169,79
59,2,84,140
59,3,362,144
59,4,251,119
59,5,177,31
60,1,337,135
60,2,487,101
60,3,388,141
60,4,51,32
60,5,467,137
61,1,109,53
61,2,103,68
61,3,465,83
61,4,55,102
61,5,311,40
62,1,253,41
62,2,463,126
62,3,350,42
62,4,232,35
62,5,446,53
63,1,307,140
63,2,200,147
63,3,330,79
63,4,365,117
63,5,136,125
64,1,378,132
64,2,344,105
64,3,386,44
64,4,150,150
64,5,178,121
65,1,446,75
65,2,406,118
65,3,236,52
65,4,215,55
65,5,257,105
66,1,71,108
66,2,176,67
66,3,285,99
66,4,106,71
66,5,348,85
67,1,446,48
67,2,212,116
67,3,441,111
67,4,458,31
67,5,148,73
68,1,419,94
68,2,135,48
68,3,233,147
68,4,397,46
68,5,314,138
69,1,456,62
69,2,300,145
69,3,442,67
69,4,146,137
69,5,382,87
70,1,113,44
70,2,367,78
70,3,75,147
70,4,444,100
70,5,100,73
71,1,199,106
71,2,433,146
71,3,298,107
71,4,86,117
71,5,391,87
72,1,459,105
72,2,330,62
72,3,160,107
72,4,362,64
72,5,493,141
73,1,111,59
73,2,226,113
73,3,310,31
73,4,163,105
73,5,394,140
74,1,111,99
74,2,93,126
74,3,223,78
74,4,255,80
74,5,410,94
75,1,412,111
75,2,456,52
75,3,442,53
75,4,362,118
75,5,480,77
76,1,115,121
76,2,254,59
76,3,135,80
76,4,257,58
76,5,464,45
77,1,386,88
77,2,289,61
77,3,156,84
77,4,243,128
77,5,312,126
78,1,251,103
78,2,267,87
78,3,487,30
78,4,422,92
78,5,104,90
79,1,144,78
79,2,325,86
79,3,119,86
79,4,353,127
79,5,263,58
80,1,339,64
80,2,274,142
80,3,423,51
80,4,59,41
80,5,285,118
81,1,106,36
81,2,448,43
81,3,162,97
81,4,392,94
81,5,282,38
82,1,215,51
82,2,353,114
82,3,270,103
82,4,87,132
82,5,171,76
83,1,329,92
83,2,137,102
83,3,173,55
83,4,335,107
83,5,247,57
84,1,355,57
84,2,198,39
84,3,235,70
84,4,365,78
84,5,252,55
85,1,88,43
85,2,90,123
85,3,426,75
85,4,445,146
85,5,118,110
86,1,397,150
86,2,263,135
86,3,275,126
86,4,89,103
86,5,205,74
87,1,454,87
87,2,473,123
87,3,87,80
87,4,414,33
87,5,416,117
88,1,493,138
88,2,307,100
88,3,267,56
88,4,114,99
88,5,295,35
89,1,406,125
89,2,72,69
89,3,289,50
89,4,149,79
89,5,440,48
90,1,94,143
90,2,462,38
90,3,477,79
90,4,173,118
90,5,164,150
91,1,384,74
91,2,107,53
91,3,143,76
91,4,496,117
91,5,205,113
92,1,422,109
92,2,135,90
92,3,440,30
92,4,162,111
92,5,432,97
93,1,361,35
93,2,432,126
93,3,391,130
93,4,152,36
93,5,490,108
94,1,295,148
94,2,421,76
94,3,381,47
94,4,409,106
94,5,112,125
95,1,254,142
95,2,448,127
95,3,189,93
95,4,345,117
95,5,149,134
96,1,169,84
96,2,460,100
96,3,334,81
96,4,259,149
96,5,174,55
97,1,429,100
97,2,436,82
97,3,410,95
97,4,383,71
97,5,193,137
98,1,490,106
98,2,146,127
98,3,175,116
98,4,167,92
98,5,55,71
99,1,304,105
99,2,148,63
99,3,213,42
99,4,391,57
99,5,233,88
100,1,111,35
100,2,114,142
100,3,338,74
100,4,173,87
100,5,336,132
101,1,298,138
101,2,297,91
101,3,108,53
101,4,226,43
101,5,266,82
102,1,79,119
102,2,265,127
102,3,420,76
102,4,103,126
102,5,76,91
103,1,437,60
103,2,311,132
103,3,103,126
103,4,211,90
103,5,323,91
104,1,176,60
104,2,343,131
104,3,403,67
104,4,189,31
104,5,352,90
105,1,303,31
105,2,101,90
105,3,350,94
105,4,152,95
105,5,438,74
106,1,478,137
106,2,465,93
106,3,314,125
106,4,198,91
106,5,163,89
107,1,264,145
107,2,108,148
107,3,334,128
107,4,348,67
107,5,294,84
108,1,477,76
108,2,272,127
108,3,365,116
108,4,370,127
108,5,405,40
109,1,233,103
109,2,91,90
109,3,409,139
109,4,84,49
109,5,467,143
110,1,457,100
110,2,254,41
110,3,265,146
110,4,322,62
110,5,382,110
111,1,402,141
111,2,183,66
111,3,421,146
111,4,412,136
111,5,483,60
112,1,484,138
112,2,470,87
112,3,96,97
112,4,398,92
112,5,216,123
113,1,107,121
113,2,457,106
113,3,198,137
113,4,382,144
113,5,413,35
114,1,483,103
114,2,257,57
114,3,284,37
114,4,289,91
114,5,246,51
115,1,391,133
115,2,384,46
115,3,490,124
115,4,145,52
115,5,168,70
116,1,156,38
116,2,253,40
116,3,208,34
116,4,108,53
116,5,209,74
117,1,224,68
117,2,142,110
117,3,287,132
117,4,237,146
117,5,298,56
118,1,471,49
118,2,74,76
118,3,91,73
118,4,479,93
118,5,341,150
119,1,248,91
119,2,103,63
119,3,103,90
119,4,149,75
119,5,419,79
120,1,354,138
120,2,483,116
120,3,52,76
120,4,434,136
120,5,414,42
121,1,455,117
121,2,216,106
121,3,144,149
121,4,213,32
121,5,258,104
122,1,416,143
122,2,129,140
122,3,122,37
122,4,77,44
122,5,396,94
123,1,100,56
123,2,242,134
123,3,72,131
123,4,122,135
123,5,397,104
124,1,322,104
124,2,403,117
124,3,430,69
124,4,274,31
124,5,212,132
125,1,130,87
125,2,138,72
125,3,295,125
125,4,149,141
125,5,219,149
126,1,210,90
126,2,438,140
126,3,162,65
126,4,254,62
126,5,100,37
127,1,65,83
127,2,202,61
127,3,431,98
127,4,243,79
127,5,50,59
128,1,134,74
128,2,371,132
128,3,286,39
128,4,326,51
128,5,341,47
129,1,221,71
129,2,104,88
129,3,110,131
129,4,418,67
129,5,270,47
130,1,76,105
130,2,160,59
130,3,254,83
130,4,85,61
130,5,360,130
131,1,281,49
131,2,188,135
131,3,207,124
131,4,435,56
131,5,403,60
132,1,142,41
132,2,51,105
132,3,53,103
132,4,331,101
132,5,156,75
133,1,217,67
133,2,307,36
133,3,196,62
133,4,226,42
133,5,407,61
134,1,240,127
134,2,205,124
134,3,146,139
134,4,448,133
134,5,346,71
135,1,271,39
135,2,395,91
135,3,324,148
135,4,166,63
135,5,69,109
136,1,234,31
136,2,205,77
136,3,159,128
136,4,189,81
136,5,292,101
137,1,323,58
137,2,145,94
137,3,461,98
137,4,135,143
137,5,325,51
138,1,352,42
138,2,132,107
138,3,226,150
138,4,223,46
138,5,50,94
139,1,153,88
139,2,378,73
139,3,282,53
139,4,180,147
139,5,249,111
140,1,188,147
140,2,345,78
140,3,419,119
140,4,259,37
140,5,218,49
141,1,470,128
141,2,197,37
141,3,266,74
141,4,452,150
141,5,446,146
142,1,148,62
142,2,378,108
142,3,100,45
142,4,183,36
142,5,374,82
143,1,147,111
143,2,359,101
143,3,460,74
143,4,383,54
143,5,56,100
144,1,314,129
144,2,289,52
144,3,440,77
144,4,440,122
144,5,414,146
145,1,160,48
145,2,397,133
145,3,74,42
145,4,207,100
145,5,341,60
146,1,314,34
146,2,423,133
146,3,125,137
146,4,297,74
146,5,450,53
147,1,239,59
147,2,395,86
147,3,217,135
147,4,53,30
147,5,124,90
148,1,418,132
148,2,251,138
148,3,393,72
148,4,402,92
148,5,393,100
149,1,238,134
149,2,299,147
149,3,410,141
149,4,437,128
149,5,348,63
150,1,432,131
150,2,66,97
150,3,142,92
150,4,134,63
150,5,411,68
151,1,140,145
151,2,468,52
151,3,428,65
151,4,283,52
151,5,58,130
152,1,336,45
152,2,263,77
152,3,376,88
152,4,119,63
152,5,405,46
153,1,152,50
153,2,302,93
153,3,117,101
153,4,313,136
153,5,309,128
154,1,188,129
154,2,90,122
154,3,105,121
154,4,389,73
154,5,334,61
155,1,388,129
155,2,288,142
155,3,297,137
155,4,374,38
155,5,214,69
156,1,101,30
156,2,372,33
156,3,180,70
156,4,387,90
156,5,478,80
157,1,418,121
157,2,262,71
157,3,139,127
157,4,326,136
157,5,63,53
158,1,221,121
158,2,163,60
158,3,181,95
158,4,349,55
158,5,458,83
159,1,456,68
159,2,88,78
159,3,231,145
159,4,455,100
159,5,123,68
160,1,489,47
160,2,312,114
160,3,475,92
160,4,483,103
160,5,134,58
161,1,479,56
161,2,389,109
161,3,369,48
161,4,110,144
161,5,111,84
162,1,305,106
162,2,446,43
162,3,357,41
162,4,403,55
162,5,89,49
163,1,172,130
163,2,335,129
163,3,276,41
163,4,142,142
163,5,489,73
164,1,355,68
164,2,344,67
164,3,305,84
164,4,207,70
164,5,195,61
165,1,344,79
165,2,488,32
165,3,110,112
165,4,466,103
165,5,373,150
166,1,344,61
166,2,256,146
166,3,391,83
166,4,311,42
166,5,194,85
167,1,245,100
167,2,206,139
167,3,253,92
167,4,266,112
167,5,431,48
168,1,77,114
168,2,123,103
168,3,161,49
168,4,139,77
168,5,81,40
169,1,215,147
169,2,290,79
169,3,405,53
169,4,345,112
169,5,298,109
170,1,381,117
170,2,132,138
170,3,167,146
170,4,309,143
170,5,292,62
171,1,155,134
171,2,94,134
171,3,176,47
171,4,101,87
171,5,370,92
172,1,114,95
172,2,475,114
172,3,303,142
172,4,190,77
172,5,247,43
173,1,456,46
173,2,126,48
173,3,342,77
173,4,169,50
173,5,345,98
174,1,319,139
174,2,329,53
174,3,405,39
174,4,188,128
174,5,79,75
175,1,417,44
175,2,280,54
175,3,233,56
175,4,285,141
175,5,128,68
176,1,89,87
176,2,182,90
176,3,406,130
176,4,465,132
176,5,172,145
177,1,342,123
177,2,479,111
177,3,441,108
177,4,303,75
177,5,112,71
178,1,187,148
178,2,321,69
178,3,224,72
178,4,403,120
178,5,153,104
179,1,85,38
179,2,278,88
179,3,475,132
179,4,104,81
179,5,481,90
180,1,294,82
180,2,461,90
180,3,169,95
180,4,103,138
180,5,300,72
181,1,482,95
181,2,69,30
181,3,96,145
181,4,375,149
181,5,458,118
182,1,189,143
182,2,191,132
182,3,62,87
182,4,72,100
182,5,132,87
183,1,472,134
183,2,432,77
183,3,188,143
183,4,329,96
183,5,413,31
184,1,104,96
184,2,195,30
184,3,450,101
184,4,273,82
184,5,312,99
185,1,354,31
185,2,271,55
185,3,59,125
185,4,490,91
185,5,235,49
186,1,414,62
186,2,310,120
186,3,295,90
186,4,256,102
186,5,354,122
187,1,266,134
187,2,214,104
187,3,327,149
187,4,89,88
187,5,484,100
188,1,467,83
188,2,492,148
188,3,83,125
188,4,270,125
188,5,478,81
189,1,126,97
189,2,242,113
189,3,415,145
189,4,407,123
189,5,317,99
190,1,403,84
190,2,353,52
190,3,492,103
190,4,219,61
190,5,297,144
191,1,438,97
191,2,437,101
191,3,104,78
191,4,478,54
191,5,119,45
192,1,144,41
192,2,70,44
192,3,162,133
192,4,68,67
192,5,429,55
193,1,455,41
193,2,193,55
193,3,339,105
193,4,449,127
193,5,197,109
194,1,123,111
194,2,199,148
194,3,338,81
194,4,107,76
194,5,266,140
195,1,110,53
195,2,57,114
195,3,300,38
195,4,252,111
195,5,177,50
196,1,386,124
196,2,159,89
196,3,409,135
196,4,479,133
196,5,455,30
197,1,253,97
197,2,374,53
197,3,219,48
197,4,442,80
197,5,447,122
198,1,412,52
198,2,163,102
198,3,208,41
198,4,473,131
198,5,397,62
199,1,495,142
199,2,334,83
199,3,375,128
199,4,215,49
199,5,368,149
200,1,237,133
200,2,277,130
200,3,388,30
200,4,289,35
200,5,307,118
201,1,293,45
201,2,298,31
201,3,348,44
201,4,234,48
201,5,182,85
202,1,77,144
202,2,357,30
202,3,121,147
202,4,108,133
202,5,497,46
203,1,370,55
203,2,311,69
203,3,135,133
203,4,335,54
203,5,485,87
204,1,424,83
204,2,177,51
204,3,135,113
204,4,173,84
204,5,173,81
205,1,260,71
205,2,175,150
205,3,242,58
205,4,198,100
205,5,134,79
206,1,92,38
206,2,204,116
206,3,131,50
206,4,156,40
206,5,124,97
207,1,111,33
207,2,452,44
207,3,125,58
207,4,56,44
207,5,325,147
208,1,429,65
208,2,170,124
208,3,108,88
208,4,289,106
208,5,126,94
209,1,302,116
209,2,248,100
209,3,268,133
209,4,213,95
209,5,490,136
210,1,355,54
210,2,72,124
210,3,67,104
210,4,201,79
210,5,371,132
211,1,268,81
211,2,458,135
211,3,88,52
211,4,228,63
211,5,126,95
212,1,315,109
212,2,256,132
212,3,86,146
212,4,457,119
212,5,149,60
213,1,458,125
213,2,373,99
213,3,191,140
213,4,492,57
213,5,487,58
214,1,232,129
214,2,157,48
214,3,445,59
214,4,409,140
214,5,381,150
215,1,374,98
215,2,50,41
215,3,205,126
215,4,424,148
215,5,104,79
216,1,238,94
216,2,336,54
216,3,286,131
216,4,314,56
216,5,424,148
217,1,298,78
217,2,200,123
217,3,94,120
217,4,288,106
217,5,71,62
218,1,125,43
218,2,63,102
218,3,107,43
218,4,332,88
218,5,284,108
219,1,291,102
219,2,330,39
219,3,316,39
219,4,488,57
219,5,245,83
220,1,245,46
220,2,397,47
220,3,227,90
220,4,437,90
220,5,156,44
221,1,425,51
221,2,225,70
221,3,145,34
221,4,274,62
221,5,474,138
222,1,451,58
222,2,350,102
222,3,280,109
222,4,87,62
222,5,303,89
223,1,92,119
223,2,256,33
223,3,165,65
223,4,359,116
223,5,407,86
224,1,108,96
224,2,419,108
224,3,464,116
224,4,338,126
224,5,296,43
225,1,151,130
225,2,345,56
225,3,113,101
225,4,253,102
225,5,484,98
226,1,478,149
226,2,423,40
226,3,499,95
226,4,296,32
226,5,149,95
227,1,212,94
227,2,439,33
227,3,252,122
227,4,102,39
227,5,494,106
228,1,166,36
228,2,299,85
228,3,374,134
228,4,195,59
228,5,321,134
229,1,193,51
229,2,420,56
229,3,473,130
229,4,103,53
229,5,222,87
230,1,213,40
230,2,333,70
230,3,353,67
230,4,424,80
230,5,462,128
231,1,114,118
231,2,349,34
231,3,450,134
231,4,335,35
231,5,461,91
232,1,312,74
232,2,88,49
232,3,72,143
232,4,217,144
232,5,440,104
233,1,279,49
233,2,356,59
233,3,304,35
233,4,203,123
233,5,68,124
234,1,103,140
234,2,185,54
234,3,152,115
234,4,436,92
234,5,242,47
235,1,339,113
235,2,345,40
235,3,371,110
235,4,175,65
235,5,292,89
236,1,170,36
236,2,186,114
236,3,79,89
236,4,105,67
236,5,314,101
237,1,58,119
237,2,442,95
237,3,431,47
237,4,291,111
237,5,103,30
238,1,214,107
238,2,85,46
238,3,76,69
238,4,314,71
238,5,147,76
239,1,489,44
239,2,415,45
239,3,356,94
239,4,167,130
239,5,480,112
240,1,310,125
240,2,157,63
240,3,477,71
240,4,141,55
240,5,478,100
241,1,405,140
241,2,111,136
241,3,160,126
241,4,401,83
241,5,195,64
242,1,254,110
242,2,331,87
242,3,446,118
242,4,288,51
242,5,452,129
243,1,132,97
243,2,292,145
243,3,372,57
243,4,385,52
243,5,342,76
244,1,420,131
244,2,306,40
244,3,304,48
244,4,455,60
244,5,453,145
245,1,323,84
245,2,303,92
245,3,80,140
245,4,436,47
245,5,169,39
246,1,185,89
246,2,474,83
246,3,203,35
246,4,244,49
246,5,183,87
247,1,422,130
247,2,380,99
247,3,362,93
247,4,167,119
247,5,235,55
248,1,171,89
248,2,488,149
248,3,453,72
248,4,311,69
248,5,354,137
249,1,94,49
249,2,388,86
249,3,396,59
249,4,86,47
249,5,102,76
250,1,259,141
250,2,404,138
250,3,498,108
250,4,322,81
250,5,282,129
251,1,390,56
251,2,482,101
251,3,393,106
251,4,57,79
251,5,458,98
252,1,194,142
252,2,271,110
252,3,122,97
252,4,354,117
252,5,361,107
253,1,255,112
253,2,433,97
253,3,389,38
253,4,400,53
253,5,248,108
254,1,434,99
254,2,68,114
254,3,471,71
254,4,96,132
254,5,224,146
255,1,128,57
255,2,386,118
255,3,385,103
255,4,273,88
255,5,420,36
256,1,224,112
256,2,439,54
256,3,107,130
256,4,359,38
256,5,163,91
257,1,431,46
257,2,476,83
257,3,489,56
257,4,110,54
257,5,167,76
258,1,461,110
258,2,113,131
258,3,165,141
258,4,243,144
258,5,400,129
259,1,100,108
259,2,476,143
259,3,231,78
259,4,147,44
259,5,147,71
260,1,448,135
260,2,423,96
260,3,255,145
260,4,223,63
260,5,194,62
261,1,148,89
261,2,257,130
261,3,262,64
261,4,61,59
261,5,398,109
262,1,409,94
262,2,71,124
262,3,411,101
262,4,222,142
262,5,260,85
263,1,361,118
263,2,421,94
263,3,321,101
263,4,176,89
263,5,133,36
264,1,56,134
264,2,291,69
264,3,474,62
264,4,433,104
264,5,370,86
265,1,189,70
265,2,105,140
265,3,325,126
265,4,496,131
265,5,232,116
266,1,386,135
266,2,119,139
266,3,232,36
266,4,422,33
266,5,145,99
267,1,115,36
267,2,326,123
267,3,177,63
267,4,459,141
267,5,104,141
268,1,114,109
268,2,78,35
268,3,476,44
268,4,482,119
268,5,392,109
269,1,188,65
269,2,153,59
269,3,206,126
269,4,147,131
269,5,313,127
270,1,353,132
270,2,197,136
270,3,241,146
270,4,234,47
270,5,81,103
271,1,99,105
271,2,52,36
271,3,98,109
271,4,253,52
271,5,330,67
272,1,359,99
272,2,93,121
272,3,435,47
272,4,168,128
272,5,280,125
273,1,126,88
273,2,398,38
273,3,417,69
273,4,243,75
273,5,69,106
274,1,342,41
274,2,102,114
274,3,157,61
274,4,210,137
274,5,73,120
275,1,128,109
275,2,282,35
275,3,346,130
275,4,342,79
275,5,267,46
276,1,116,85
276,2,88,55
276,3,215,112
276,4,500,96
276,5,402,69
277,1,238,128
277,2,86,50
277,3,306,143
277,4,69,65
277,5,499,142
278,1,117,137
278,2,382,143
278,3,136,125
278,4,203,51
278,5,129,99
279,1,244,60
279,2,186,96
279,3,439,98
279,4,177,143
279,5,487,58
280,1,374,117
280,2,187,104
280,3,216,99
280,4,150,65
280,5,145,150
281,1,313,72
281,2,200,114
281,3,291,100
281,4,443,73
281,5,329,110
282,1,90,97
282,2,242,134
282,3,111,136
282,4,364,67
282,5,116,88
283,1,226,147
283,2,177,130
283,3,364,150
283,4,386,123
283,5,438,141
284,1,124,110
284,2,365,147
284,3,174,117
284,4,342,142
284,5,198,35
285,1,418,79
285,2,118,66
285,3,245,114
285,4,138,105
285,5,389,129
286,1,225,69
286,2,445,108
286,3,375,86
286,4,204,40
286,5,466,31
287,1,419,38
287,2,353,122
287,3,73,113
287,4,124,39
287,5,164,33
288,1,230,90
288,2,319,61
288,3,79,65
288,4,155,50
288,5,468,137
289,1,379,40
289,2,287,104
289,3,52,105
289,4,50,82
289,5,198,48
290,1,338,126
290,2,443,122
290,3,392,71
290,4,404,33
290,5,233,101
291,1,379,118
291,2,258,56
291,3,204,133
291,4,327,122
291,5,185,127
292,1,295,141
292,2,376,61
292,3,361,146
292,4,365,111
292,5,328,127
293,1,421,136
293,2,294,102
293,3,349,35
293,4,67,121
293,5,279,142
294,1,391,107
294,2,265,150
294,3,411,50
294,4,360,64
294,5,102,137
295,1,239,51
295,2,361,130
295,3,405,55
295,4,441,144
295,5,270,115
296,1,250,110
296,2,218,32
296,3,212,119
296,4,479,35
296,5,89,34
297,1,230,150
297,2,378,46
297,3,444,73
297,4,393,55
297,5,459,136
298,1,137,123
298,2,370,69
298,3,137,116
298,4,251,93
298,5,409,65
299,1,280,147
299,2,238,126
299,3,389,122
299,4,402,71
299,5,286,132
300,1,133,91
300,2,238,148
300,3,177,106
300,4,140,102
300,5,330,110
301,1,218,30
301,2,404,149
301,3,107,83
301,4,52,70
301,5,116,108
302,1,278,122
302,2,191,88
302,3,441,115
302,4,149,59
302,5,340,111
303,1,101,121
303,2,223,50
303,3,291,42
303,4,100,96
303,5,499,77
304,1,156,37
304,2,160,68
304,3,377,41
304,4,500,116
304,5,284,108
305,1,278,57
305,2,257,137
305,3,386,100
305,4,192,33
305,5,409,48
306,1,329,116
306,2,275,116
306,3,168,38
306,4,412,105
306,5,84,48
307,1,149,143
307,2,196,32
307,3,215,95
307,4,196,71
307,5,264,90
308,1,328,109
308,2,127,118
308,3,71,147
308,4,406,64
308,5,184,70
309,1,280,92
309,2,341,45
309,3,367,140
309,4,428,31
309,5,417,67
310,1,169,37
310,2,56,113
310,3,358,104
310,4,339,38
310,5,483,85
311,1,408,77
311,2,324,144
311,3,381,72
311,4,433,102
311,5,195,125
312,1,253,65
312,2,390,59
312,3,99,62
312,4,414,48
312,5,74,74
313,1,335,101
313,2,405,66
313,3,288,96
313,4,222,92
313,5,136,110
314,1,64,68
314,2,239,89
314,3,465,73
314,4,290,104
314,5,291,136
315,1,68,90
315,2,131,72
315,3,96,102
315,4,338,62
315,5,349,80
316,1,68,55
316,2,273,114
316,3,495,49
316,4,269,37
316,5,425,127
317,1,458,109
317,2,487,50
317,3,278,118
317,4,185,57
317,5,335,45
318,1,262,39
318,2,372,124
318,3,414,93
318,4,498,94
318,5,113,79
319,1,340,105
319,2,353,95
319,3,263,126
319,4,250,106
319,5,304,35
320,1,86,142
320,2,204,67
320,3,191,138
320,4,406,103
320,5,165,54
321,1,494,149
321,2,132,70
321,3,250,142
321,4,140,109
321,5,489,32
322,1,342,126
322,2,476,52
322,3,238,86
322,4,189,34
322,5,126,106
323,1,85,116
323,2,205,100
323,3,453,121
323,4,383,145
323,5,424,91
324,1,143,30
324,2,223,93
324,3,408,144
324,4,90,144
324,5,340,101
325,1,70,56
325,2,462,106
325,3,348,68
325,4,426,74
325,5,464,98
326,1,481,98
326,2,208,143
326,3,345,116
326,4,340,80
326,5,133,59
327,1,174,111
327,2,277,32
327,3,336,126
327,4,89,93
327,5,132,112
328,1,467,60
328,2,310,143
328,3,481,78
328,4,293,143
328,5,322,61
329,1,211,98
329,2,68,135
329,3,114,46
329,4,295,109
329,5,69,129
330,1,496,73
330,2,408,119
330,3,288,95
330,4,285,33
330,5,490,149
331,1,438,106
331,2,495,79
331,3,342,139
331,4,450,141
331,5,452,76
332,1,353,118
332,2,360,91
332,3,51,102
332,4,401,34
332,5,68,113
333,1,53,145
333,2,57,122
333,3,164,145
333,4,100,99
333,5,182,86
334,1,239,40
334,2,419,119
334,3,117,129
334,4,387,80
334,5,204,72
335,1,406,60
335,2,98,132
335,3,221,66
335,4,191,139
335,5,96,142
336,1,335,111
336,2,176,98
336,3,364,124
336,4,365,39
336,5,61,59
337,1,308,39
337,2,199,105
337,3,500,52
337,4,216,50
337,5,102,85
338,1,464,138
338,2,75,123
338,3,366,52
338,4,418,49
338,5,122,121
339,1,377,42
339,2,61,56
339,3,256,58
339,4,488,71
339,5,422,86
340,1,120,98
340,2,403,48
340,3,416,92
340,4,124,108
340,5,224,83
341,1,280,104
341,2,419,106
341,3,493,136
341,4,440,145
341,5,302,117
342,1,371,112
342,2,100,119
342,3,283,148
342,4,88,149
342,5,248,143
343,1,225,67
343,2,304,53
343,3,149,83
343,4,447,35
343,5,239,82
344,1,313,129
344,2,84,79
344,3,260,92
344,4,144,147
344,5,443,79
345,1,485,148
345,2,121,108
345,3,83,59
345,4,151,49
345,5,296,71
346,1,120,50
346,2,116,51
346,3,287,34
346,4,195,139
346,5,196,120
347,1,166,102
347,2,146,53
347,3,175,31
347,4,82,71
347,5,83,104
348,1,307,138
348,2,89,94
348,3,246,77
348,4,269,62
348,5,352,48
349,1,261,40
349,2,378,33
349,3,316,112
349,4,324,62
349,5,392,81
350,1,300,137
350,2,445,64
350,3,330,67
350,4,126,48
350,5,124,47
351,1,384,77
351,2,424,131
351,3,221,90
351,4,292,86
351,5,284,126
352,1,162,80
352,2,404,107
352,3,308,61
352,4,96,33
352,5,245,121
353,1,429,64
353,2,240,74
353,3,346,113
353,4,276,128
353,5,193,137
354,1,195,119
354,2,133,88
354,3,231,104
354,4,451,76
354,5,272,47
355,1,66,103
355,2,174,54
355,3,330,120
355,4,348,98
355,5,194,115
356,1,343,142
356,2,471,117
356,3,119,69
356,4,498,103
356,5,286,73
357,1,74,61
357,2,242,102
357,3,244,96
357,4,401,141
357,5,134,144
358,1,335,43
358,2,481,73
358,3,305,146
358,4,130,104
358,5,211,127
359,1,58,86
359,2,276,111
359,3,134,58
359,4,389,72
359,5,85,44
360,1,331,88
360,2,226,62
360,3,472,83
360,4,251,128
360,5,468,90
361,1,262,65
361,2,131,84
361,3,273,43
361,4,371,73
361,5,117,78
362,1,390,107
362,2,481,95
362,3,428,85
362,4,214,117
362,5,330,72
363,1,211,82
363,2,243,70
363,3,198,93
363,4,56,68
363,5,162,52
364,1,403,135
364,2,291,124
364,3,412,101
364,4,211,104
364,5,137,91
365,1,472,77
365,2,240,105
365,3,414,109
365,4,314,68
365,5,389,107
366,1,98,37
366,2,364,69
366,3,95,70
366,4,263,149
366,5,88,142
367,1,376,61
367,2,343,35
367,3,295,45
367,4,428,123
367,5,130,62
368,1,373,119
368,2,365,62
368,3,88,130
368,4,316,125
368,5,388,59
369,1,244,79
369,2,316,126
369,3,104,109
369,4,272,93
369,5,264,56
370,1,213,100
370,2,330,55
370,3,62,82
370,4,94,66
370,5,56,139
371,1,462,89
371,2,332,91
371,3,82,42
371,4,206,62
371,5,239,100
372,1,381,92
372,2,452,128
372,3,142,128
372,4,222,134
372,5,495,79
373,1,381,66
373,2,70,125
373,3,96,135
373,4,315,122
373,5,381,55
374,1,109,62
374,2,232,149
374,3,299,66
374,4,366,65
374,5,273,126
375,1,346,63
375,2,314,117
375,3,306,59
375,4,237,37
375,5,223,128
376,1,348,90
376,2,109,148
376,3,362,65
376,4,335,89
376,5,310,54
377,1,193,30
377,2,291,69
377,3,333,101
377,4,466,48
377,5,323,95
378,1,209,146
378,2,449,93
378,3,86,139
378,4,266,141
378,5,417,32
379,1,383,36
379,2,283,118
379,3,309,50
379,4,496,53
379,5,158,84
380,1,126,150
380,2,471,120
380,3,205,145
380,4,164,149
380,5,397,138
381,1,393,127
381,2,357,81
381,3,246,119
381,4,487,44
381,5,76,111
382,1,492,98
382,2,480,58
382,3,288,80
382,4,160,39
382,5,391,128
383,1,485,80
383,2,177,77
383,3,447,101
383,4,121,50
383,5,307,111
384,1,70,65
384,2,240,52
384,3,496,48
384,4,362,150
384,5,141,82
385,1,495,136
385,2,384,139
385,3,208,142
385,4,280,101
385,5,253,125
386,1,159,144
386,2,213,56
386,3,290,147
386,4,245,104
386,5,482,148
387,1,257,67
387,2,447,107
387,3,200,33
387,4,356,83
387,5,271,139
388,1,319,116
388,2,77,67
388,3,275,66
388,4,233,101
388,5,429,75
389,1,261,115
389,2,328,143
389,3,339,100
389,4,262,131
389,5,285,140
390,1,117,104
390,2,104,94
390,3,254,65
390,4,311,114
390,5,212,133
391,1,499,128
391,2,209,60
391,3,121,30
391,4,154,119
391,5,239,128
392,1,132,36
392,2,445,89
392,3,135,149
392,4,272,126
392,5,315,125
393,1,141,132
393,2,456,149
393,3,130,72
393,4,363,129
393,5,96,65
394,1,328,121
394,2,441,79
394,3,93,99
394,4,297,105
394,5,271,61
395,1,180,149
395,2,287,77
395,3,316,62
395,4,55,109
395,5,423,31
396,1,430,79
396,2,108,116
396,3,52,125
396,4,340,125
396,5,316,50
397,1,323,40
397,2,288,84
397,3,308,100
397,4,410,145
397,5,150,135
398,1,69,130
398,2,424,44
398,3,108,78
398,4,402,132
398,5,92,105
399,1,482,90
399,2,160,103
399,3,404,120
399,4,392,137
399,5,158,84
400,1,66,71
400,2,328,150
400,3,241,107
400,4,252,121
400,5,315,85
401,1,463,121
401,2,248,98
401,3,496,111
401,4,298,83
401,5,60,34
402,1,297,106
402,2,107,101
402,3,300,65
402,4,421,124
402,5,108,66
403,1,384,101
403,2,456,67
403,3,487,137
403,4,111,107
403,5,344,36
404,1,211,68
404,2,416,118
404,3,197,97
404,4,362,86
404,5,470,113
405,1,490,77
405,2,344,87
405,3,344,114
405,4,168,99
405,5,337,56
406,1,450,42
406,2,312,36
406,3,53,74
406,4,486,40
406,5,435,70
407,1,162,103
407,2,440,82
407,3,458,115
407,4,253,101
407,5,199,75
408,1,473,91
408,2,356,138
408,3,289,117
408,4,138,35
408,5,319,32
409,1,303,40
409,2,389,93
409,3,138,51
409,4,227,97
409,5,204,39
410,1,416,49
410,2,411,101
410,3,434,145
410,4,122,148
410,5,51,95
411,1,292,147
411,2,206,126
411,3,272,35
411,4,199,131
411,5,377,92
412,1,131,74
412,2,252,40
412,3,356,138
412,4,475,91
412,5,52,32
413,1,384,141
413,2,465,135
413,3,382,86
413,4,442,91
413,5,68,78
414,1,486,77
414,2,184,134
414,3,144,69
414,4,116,82
414,5,115,70
415,1,73,62
415,2,360,32
415,3,219,62
415,4,286,31
415,5,364,55
416,1,81,136
416,2,116,92
416,3,110,113
416,4,64,78
416,5,274,143
417,1,213,80
417,2,240,84
417,3,485,36
417,4,180,49
417,5,224,39
418,1,167,86
418,2,217,38
418,3,480,147
418,4,170,30
418,5,147,32
419,1,347,39
419,2,295,83
419,3,152,48
419,4,221,101
419,5,461,100
420,1,297,103
420,2,437,107
420,3,329,45
420,4,479,116
420,5,445,106
421,1,331,137
421,2,139,53
421,3,122,85
421,4,232,48
421,5,463,40
422,1,431,77
422,2,50,125
422,3,150,66
422,4,305,68
422,5,318,119
423,1,220,107
423,2,89,130
423,3,500,54
423,4,201,56
423,5,148,63
424,1,221,56
424,2,161,144
424,3,105,101
424,4,74,30
424,5,497,74
425,1,180,102
425,2,114,111
425,3,325,68
425,4,201,135
425,5,438,42
426,1,448,64
426,2,88,84
426,3,324,76
426,4,169,45
426,5,272,149
427,1,363,61
427,2,481,131
427,3,76,40
427,4,96,105
427,5,345,37
428,1,397,149
428,2,238,150
428,3,163,43
428,4,62,116
428,5,153,111
429,1,352,58
429,2,373,32
429,3,50,80
429,4,464,106
429,5,332,116
430,1,170,115
430,2,467,93
430,3,395,76
430,4,294,122
430,5,262,134
431,1,336,99
431,2,368,118
431,3,418,98
431,4,356,122
431,5,383,106
432,1,327,114
432,2,283,147
432,3,217,111
432,4,255,71
432,5,126,64
433,1,332,71
433,2,181,104
433,3,291,109
433,4,353,31
433,5,160,88
434,1,390,56
434,2,176,115
434,3,383,41
434,4,422,113
434,5,98,139
435,1,274,45
435,2,407,54
435,3,329,139
435,4,265,51
435,5,181,115
436,1,61,138
436,2,229,108
436,3,257,125
436,4,241,50
436,5,481,71
437,1,102,127
437,2,133,139
437,3,93,105
437,4,179,42
437,5,69,120
438,1,457,93
438,2,389,56
438,3,413,134
438,4,116,107
438,5,409,91
439,1,475,68
439,2,381,56
439,3,213,33
439,4,423,45
439,5,195,115
440,1,128,47
440,2,278,64
440,3,324,111
440,4,100,143
440,5,90,130
441,1,52,117
441,2,354,41
441,3,468,84
441,4,189,120
441,5,195,147
442,1,266,55
442,2,249,33
442,3,418,61
442,4,458,90
442,5,440,67
443,1,290,44
443,2,378,116
443,3,87,138
443,4,104,72
443,5,324,79
444,1,216,137
444,2,462,146
444,3,129,133
444,4,97,109
444,5,399,124
445,1,246,129
445,2,308,64
445,3,343,127
445,4,195,129
445,5,419,44
446,1,418,134
446,2,336,98
446,3,380,39
446,4,290,48
446,5,176,51
447,1,205,82
447,2,489,137
447,3,362,132
447,4,470,34
447,5,51,59
448,1,317,46
448,2,224,38
448,3,89,48
448,4,215,87
448,5,298,150
449,1,163,80
449,2,334,33
449,3,205,64
449,4,356,139
449,5,419,134
450,1,366,63
450,2,471,79
450,3,487,46
450,4,135,58
450,5,202,58
451,1,286,136
451,2,266,30
451,3,177,53
451,4,264,142
451,5,111,125
452,1,95,90
452,2,245,125
452,3,450,49
452,4,65,137
452,5,347,139
453,1,296,35
453,2,260,138
453,3,246,57
453,4,380,150
453,5,367,62
454,1,492,120
454,2,230,61
454,3,68,39
454,4,310,74
454,5,222,133
455,1,120,56
455,2,417,128
455,3,386,107
455,4,246,30
455,5,88,123
456,1,294,56
456,2,362,115
456,3,475,30
456,4,131,101
456,5,224,105
457,1,77,102
457,2,111,78
457,3,313,145
457,4,242,131
457,5,89,67
458,1,168,109
458,2,121,106
458,3,331,34
458,4,331,87
458,5,155,101
459,1,274,38
459,2,317,144
459,3,466,120
459,4,477,98
459,5,67,113
460,1,167,32
460,2,325,53
460,3,158,100
460,4,435,67
460,5,494,67
461,1,498,57
461,2,232,73
461,3,324,45
461,4,412,143
461,5,412,84
462,1,233,145
462,2,109,42
462,3,329,135
462,4,162,48
462,5,317,147
463,1,212,63
463,2,334,85
463,3,231,40
463,4,253,102
463,5,354,52
464,1,389,149
464,2,65,129
464,3,111,50
464,4,208,34
464,5,172,33
465,1,69,114
465,2,191,95
465,3,452,79
465,4,92,132
465,5,180,123
466,1,102,124
466,2,261,89
466,3,213,127
466,4,406,143
466,5,125,99
467,1,342,34
467,2,229,101
467,3,296,36
467,4,447,84
467,5,211,55
468,1,67,101
468,2,428,86
468,3,329,73
468,4,311,96
468,5,109,113
469,1,284,100
469,2,424,115
469,3,261,95
469,4,132,46
469,5,278,89
470,1,171,137
470,2,365,34
470,3,492,40
470,4,331,144
470,5,157,91
471,1,366,109
471,2,380,106
471,3,492,52
471,4,324,111
471,5,176,71
472,1,145,38
472,2,460,78
472,3,292,93
472,4,395,31
472,5,289,132
473,1,134,42
473,2,284,131
473,3,414,68
473,4,219,61
473,5,73,121
474,1,58,57
474,2,180,57
474,3,396,126
474,4,54,144
474,5,455,96
475,1,184,45
475,2,102,69
475,3,443,111
475,4,112,126
475,5,252,46
476,1,364,64
476,2,459,87
476,3,421,131
476,4,434,62
476,5,341,75
477,1,417,32
477,2,437,58
477,3,356,65
477,4,330,36
477,5,62,136
478,1,272,53
478,2,464,88
478,3,356,31
478,4,319,115
478,5,114,80
479,1,314,94
479,2,476,50
479,3,375,61
479,4,157,118
479,5,423,93
480,1,231,90
480,2,418,97
480,3,96,64
480,4,183,116
480,5,215,110
481,1,150,144
481,2,69,132
481,3,267,69
481,4,467,30
481,5,104,62
482,1,301,47
482,2,316,120
482,3,385,144
482,4,75,76
482,5,456,140
483,1,235,132
483,2,450,56
483,3,181,51
483,4,410,43
483,5,227,143
484,1,386,63
484,2,293,70
484,3,479,53
484,4,452,112
484,5,81,131
485,1,280,47
485,2,165,70
485,3,361,141
485,4,365,62
485,5,207,64
486,1,183,131
486,2,121,134
486,3,221,93
486,4,338,121
486,5,111,105
487,1,128,104
487,2,204,96
487,3,258,91
487,4,208,86
487,5,113,70
488,1,453,82
488,2,266,52
488,3,345,120
488,4,206,70
488,5,261,31
489,1,165,75
489,2,434,30
489,3,403,130
489,4,287,122
489,5,404,125
490,1,139,44
490,2,60,35
490,3,119,70
490,4,398,131
490,5,305,61
491,1,466,37
491,2,491,82
491,3,275,144
491,4,434,91
491,5,331,89
492,1,175,105
492,2,421,144
492,3,312,72
492,4,252,105
492,5,250,118
493,1,322,88
493,2,396,95
493,3,395,125
493,4,461,120
493,5,477,136
494,1,309,45
494,2,367,142
494,3,95,49
494,4,75,101
494,5,244,77
495,1,148,46
495,2,451,90
495,3,277,49
495,4,260,31
495,5,105,58
496,1,325,30
496,2,364,142
496,3,419,122
496,4,317,53
496,5,255,119
497,1,110,94
497,2,384,71
497,3,123,42
497,4,78,101
497,5,93,74
498,1,276,111
498,2,232,115
498,3,455,51
498,4,205,53
498,5,416,76
499,1,266,131
499,2,245,136
499,3,395,101
499,4,187,111
499,5,262,150
500,1,71,37
500,2,159,84
500,3,99,83
500,4,444,52
500,5,473,48
501,1,202,125
501,2,201,89
501,3,228,81
501,4,145,60
501,5,214,137
502,1,356,36
502,2,213,71
502,3,147,136
502,4,76,98
502,5,404,100
503,1,163,142
503,2,145,94
503,3,455,133
503,4,294,56
503,5,391,37
504,1,440,98
504,2,67,57
504,3,121,105
504,4,105,71
504,5,61,55
505,1,177,146
505,2,342,135
505,3,228,40
505,4,357,122
505,5,353,97
506,1,323,49
506,2,401,59
506,3,267,125
506,4,179,84
506,5,337,57
507,1,296,75
507,2,404,81
507,3,97,118
507,4,217,72
507,5,428,130
508,1,101,93
508,2,86,72
508,3,225,71
508,4,287,37
508,5,402,124
509,1,477,95
509,2,457,83
509,3,76,122
509,4,190,87
509,5,332,115
510,1,116,51
510,2,140,90
510,3,189,32
510,4,72,126
510,5,232,134
511,1,371,123
511,2,399,123
511,3,85,89
511,4,391,69
511,5,101,130
512,1,256,130
512,2,433,44
512,3,486,48
512,4,67,133
512,5,63,30
513,1,373,85
513,2,58,33
513,3,378,56
513,4,432,63
513,5,273,84
514,1,284,103
514,2,219,40
514,3,102,64
514,4,173,144
514,5,70,120
515,1,118,49
515,2,297,34
515,3,386,110
515,4,365,131
515,5,72,80
516,1,211,55
516,2,471,120
516,3,266,81
516,4,361,89
516,5,220,61
517,1,276,100
517,2,370,47
517,3,178,131
517,4,338,117
517,5,330,33
518,1,341,77
518,2,307,51
518,3,150,127
518,4,279,131
518,5,326,49
519,1,211,63
519,2,445,131
519,3,224,112
519,4,408,148
519,5,80,40
520,1,283,150
520,2,278,59
520,3,320,73
520,4,331,106
520,5,397,52
521,1,224,122
521,2,464,104
521,3,217,82
521,4,226,71
521,5,348,129
522,1,231,54
522,2,318,83
522,3,234,135
522,4,74,108
522,5,299,138
523,1,380,118
523,2,470,109
523,3,131,148
523,4,124,134
523,5,65,57
524,1,456,45
524,2,281,127
524,3,92,126
524,4,220,150
524,5,385,92
525,1,306,50
525,2,468,64
525,3,268,65
525,4,162,54
525,5,418,79
526,1,181,150
526,2,189,117
526,3,251,82
526,4,401,112
526,5,296,82
527,1,486,104
527,2,499,39
527,3,103,34
527,4,189,61
527,5,122,65
528,1,206,53
528,2,209,121
528,3,125,69
528,4,443,47
528,5,451,109
529,1,111,99
529,2,172,120
529,3,193,72
529,4,455,32
529,5,345,137
530,1,344,62
530,2,128,101
530,3,152,110
530,4,69,144
530,5,387,147
531,1,486,48
531,2,96,86
531,3,185,64
531,4,76,44
531,5,220,33
532,1,245,74
532,2,479,128
532,3,126,102
532,4,65,137
532,5,249,63
533,1,403,118
533,2,388,65
533,3,207,51
533,4,433,90
533,5,92,122
534,1,80,60
534,2,486,136
534,3,165,149
534,4,286,30
534,5,314,83
535,1,51,103
535,2,239,87
535,3,368,110
535,4,63,95
535,5,359,42
536,1,446,124
536,2,174,119
536,3,159,59
536,4,335,120
536,5,418,130
537,1,446,150
537,2,67,130
537,3,325,144
537,4,471,57
537,5,400,52
538,1,110,102
538,2,174,57
538,3,241,144
538,4,353,85
538,5,83,56
539,1,216,53
539,2,449,146
539,3,179,111
539,4,187,132
539,5,343,60
540,1,434,106
540,2,316,38
540,3,134,72
540,4,120,38
540,5,148,42
541,1,81,36
541,2,299,113
541,3,99,105
541,4,472,141
541,5,301,56
542,1,322,93
542,2,349,90
542,3,472,40
542,4,69,113
542,5,115,49
543,1,458,35
543,2,462,94
543,3,483,94
543,4,97,102
543,5,127,81
544,1,331,97
544,2,84,119
544,3,294,41
544,4,129,141
544,5,110,75
545,1,119,103
545,2,477,141
545,3,231,142
545,4,170,117
545,5,458,59
546,1,192,68
546,2,353,100
546,3,86,46
546,4,370,105
546,5,92,67
547,1,144,123
547,2,477,150
547,3,224,42
547,4,499,50
547,5,71,68
548,1,396,105
548,2,263,55
548,3,242,62
548,4,258,87
548,5,474,65
549,1,452,103
549,2,221,52
549,3,249,106
549,4,417,52
549,5,431,71
550,1,196,91
550,2,245,57
550,3,273,84
550,4,324,87
550,5,245,33
551,1,275,146
551,2,145,32
551,3,163,68
551,4,132,88
551,5,460,124
552,1,339,127
552,2,430,37
552,3,315,119
552,4,264,78
552,5,175,58
553,1,382,138
553,2,91,53
553,3,324,135
553,4,424,66
553,5,233,34
554,1,344,72
554,2,129,117
554,3,134,52
554,4,231,74
554,5,65,59
555,1,147,135
555,2,346,106
555,3,332,47
555,4,448,53
555,5,484,126
556,1,485,58
556,2,181,71
556,3,274,51
556,4,275,82
556,5,256,141
557,1,396,133
557,2,101,64
557,3,196,46
557,4,360,40
557,5,352,91
558,1,436,41
558,2,121,121
558,3,208,31
558,4,258,134
558,5,250,97
559,1,98,43
559,2,414,87
559,3,167,67
559,4,299,121
559,5,427,86
560,1,256,128
560,2,112,140
560,3,117,132
560,4,346,105
560,5,462,36
561,1,334,121
561,2,134,60
561,3,134,92
561,4,458,142
561,5,403,63
562,1,434,48
562,2,194,82
562,3,261,96
562,4,402,121
562,5,140,45
563,1,257,96
563,2,278,127
563,3,245,41
563,4,176,59
563,5,334,85
564,1,277,78
564,2,406,31
564,3,272,130
564,4,464,92
564,5,424,110
565,1,113,31
565,2,344,99
565,3,175,90
565,4,101,129
565,5,351,49
566,1,249,50
566,2,341,144
566,3,471,119
566,4,466,34
566,5,323,68
567,1,365,137
567,2,85,51
567,3,462,71
567,4,408,62
567,5,458,132
568,1,373,131
568,2,191,39
568,3,409,119
568,4,405,125
568,5,216,131
569,1,309,88
569,2,151,120
569,3,455,122
569,4,202,126
569,5,398,78
570,1,222,46
570,2,95,91
570,3,295,66
570,4,322,58
570,5,451,81
571,1,201,88
571,2,252,144
571,3,146,86
571,4,289,141
571,5,210,127
572,1,428,137
572,2,203,55
572,3,282,84
572,4,334,135
572,5,371,65
573,1,249,68
573,2,159,38
573,3,50,102
573,4,449,62
573,5,492,55
574,1,404,119
574,2,128,67
574,3,57,58
574,4,328,88
574,5,324,128
575,1,146,136
575,2,215,141
575,3,468,139
575,4,402,95
575,5,170,87
576,1,114,83
576,2,359,118
576,3,198,105
576,4,431,52
576,5,181,30
577,1,323,55
577,2,430,148
577,3,318,83
577,4,394,49
577,5,137,62
578,1,169,126
578,2,492,127
578,3,223,133
578,4,124,137
578,5,230,104
579,1,390,148
579,2,167,95
579,3,399,68
579,4,422,125
579,5,101,31
580,1,170,95
580,2,389,98
580,3,121,102
580,4,411,102
580,5,164,96
581,1,122,134
581,2,212,81
581,3,287,50
581,4,255,128
581,5,112,72
582,1,84,39
582,2,493,110
582,3,199,55
582,4,458,73
582,5,256,85
583,1,497,123
583,2,154,121
583,3,110,95
583,4,309,69
583,5,96,32
584,1,335,99
584,2,426,32
584,3,91,55
584,4,347,146
584,5,112,38
585,1,231,78
585,2,395,124
585,3,181,66
585,4,322,85
585,5,464,117
586,1,350,95
586,2,396,59
586,3,284,112
586,4,166,141
586,5,152,51
587,1,83,90
587,2,374,114
587,3,112,55
587,4,122,85
587,5,280,145
588,1,157,74
588,2,359,40
588,3,304,48
588,4,460,142
588,5,258,140
589,1,153,56
589,2,85,70
589,3,425,135
589,4,192,146
589,5,278,104
590,1,341,45
590,2,160,33
590,3,367,43
590,4,244,39
590,5,69,130
591,1,223,40
591,2,449,39
591,3,124,132
591,4,57,59
591,5,490,68
592,1,227,46
592,2,390,61
592,3,232,88
592,4,70,60
592,5,78,84
593,1,343,49
593,2,354,37
593,3,445,52
593,4,465,60
593,5,417,67
594,1,429,91
594,2,486,91
594,3,381,81
594,4,424,102
594,5,465,96
595,1,97,44
595,2,256,36
595,3,451,102
595,4,352,119
595,5,496,116
596,1,422,120
596,2,402,56
596,3,251,59
596,4,360,55
596,5,477,133
597,1,238,110
597,2,497,136
597,3,251,67
597,4,276,51
597,5,157,107
598,1,328,68
598,2,390,69
598,3,297,93
598,4,187,40
598,5,285,85
599,1,130,63
599,2,88,74
599,3,443,36
599,4,342,56
599,5,334,133
600,1,356,65
600,2,119,44
600,3,222,146
600,4,257,42
600,5,421,110
601,1,154,133
601,2,83,85
601,3,92,51
601,4,228,78
601,5,465,144
602,1,265,116
602,2,379,37
602,3,169,140
602,4,448,48
602,5,285,76
603,1,332,116
603,2,293,129
603,3,228,93
603,4,429,84
603,5,129,34
604,1,128,46
604,2,191,144
604,3,81,47
604,4,417,43
604,5,212,109
605,1,411,34
605,2,147,146
605,3,131,117
605,4,116,105
605,5,181,81
606,1,335,142
606,2,170,39
606,3,305,89
606,4,358,48
606,5,148,133
607,1,294,108
607,2,352,119
607,3,277,60
607,4,427,147
607,5,167,49
608,1,132,99
608,2,406,59
608,3,103,80
608,4,302,128
608,5,152,69
609,1,274,90
609,2,242,124
609,3,261,126
609,4,226,34
609,5,128,30
610,1,146,138
610,2,395,130
610,3,465,96
610,4,131,133
610,5,68,91
611,1,443,149
611,2,310,137
611,3,157,74
611,4,292,145
611,5,294,45
612,1,201,44
612,2,430,129
612,3,110,56
612,4,404,82
612,5,242,112
613,1,389,61
613,2,477,91
613,3,493,97
613,4,138,84
613,5,54,119
614,1,451,63
614,2,446,103
614,3,413,50
614,4,479,71
614,5,248,99
615,1,314,146
615,2,269,78
615,3,324,140
615,4,361,113
615,5,250,45
616,1,183,67
616,2,374,56
616,3,345,38
616,4,210,40
616,5,371,116
617,1,325,84
617,2,242,70
617,3,387,94
617,4,191,93
617,5,371,133
618,1,380,134
618,2,281,43
618,3,345,80
618,4,113,115
618,5,275,110
619,1,158,61
619,2,419,116
619,3,439,89
619,4,309,43
619,5,395,86
620,1,430,87
620,2,197,100
620,3,476,111
620,4,453,44
620,5,107,136
621,1,488,108
621,2,188,139
621,3,183,106
621,4,135,108
621,5,251,90
622,1,117,122
622,2,227,122
622,3,476,142
622,4,206,145
622,5,116,43
623,1,196,142
623,2,285,102
623,3,149,149
623,4,444,97
623,5,215,120
624,1,256,45
624,2,392,131
624,3,384,52
624,4,488,92
624,5,298,54
625,1,174,44
625,2,156,84
625,3,346,35
625,4,130,137
625,5,488,115
626,1,112,60
626,2,408,137
626,3,441,105
626,4,438,149
626,5,404,116
627,1,431,62
627,2,294,128
627,3,488,82
627,4,350,58
627,5,265,89
628,1,350,133
628,2,199,105
628,3,416,67
628,4,489,102
628,5,74,67
629,1,421,101
629,2,284,130
629,3,468,105
629,4,456,148
629,5,261,101
630,1,80,53
630,2,479,82
630,3,413,141
630,4,204,39
630,5,298,143
631,1,399,149
631,2,422,111
631,3,433,145
631,4,182,56
631,5,476,81
632,1,146,150
632,2,466,59
632,3,402,92
632,4,402,107
632,5,81,53
633,1,124,96
633,2,448,144
633,3,179,82
633,4,379,93
633,5,89,40
634,1,428,47
634,2,266,140
634,3,361,42
634,4,83,121
634,5,331,101
635,1,213,36
635,2,147,84
635,3,393,92
635,4,320,92
635,5,306,133
636,1,322,78
636,2,160,118
636,3,481,65
636,4,383,38
636,5,180,53
637,1,83,93
637,2,268,98
637,3,415,142
637,4,312,39
637,5,403,55
638,1,243,30
638,2,355,142
638,3,134,113
638,4,97,73
638,5,453,97
639,1,395,51
639,2,204,82
639,3,415,79
639,4,336,49
639,5,100,94
640,1,320,40
640,2,203,33
640,3,137,38
640,4,86,67
640,5,89,35
641,1,214,58
641,2,398,36
641,3,57,46
641,4,171,46
641,5,179,77
642,1,90,115
642,2,141,84
642,3,124,33
642,4,172,100
642,5,489,73
643,1,402,134
643,2,305,95
643,3,277,137
643,4,346,146
643,5,178,70
644,1,356,136
644,2,335,66
644,3,342,133
644,4,208,68
644,5,254,122
645,1,84,81
645,2,456,55
645,3,153,138
645,4,207,127
645,5,75,127
646,1,377,59
646,2,286,116
646,3,208,59
646,4,353,53
646,5,452,131
647,1,283,41
647,2,318,88
647,3,394,126
647,4,140,130
647,5,337,49
648,1,414,50
648,2,230,66
648,3,94,103
648,4,195,105
648,5,475,90
649,1,198,76
649,2,404,113
649,3,250,114
649,4,204,70
649,5,108,113
650,1,157,48
650,2,195,50
650,3,85,147
650,4,203,100
650,5,397,55
651,1,367,64
651,2,84,39
651,3,317,84
651,4,309,139
651,5,67,52
652,1,209,35
652,2,397,47
652,3,175,43
652,4,186,131
652,5,157,129
653,1,80,55
653,2,132,89
653,3,182,46
653,4,418,148
653,5,216,115
654,1,105,53
654,2,375,113
654,3,366,129
654,4,351,149
654,5,209,111
655,1,399,68
655,2,345,133
655,3,476,73
655,4,234,122
655,5,185,78
656,1,490,90
656,2,351,87
656,3,366,83
656,4,103,137
656,5,437,45
657,1,339,58
657,2,323,133
657,3,392,131
657,4,336,99
657,5,132,115
658,1,148,109
658,2,259,99
658,3,484,111
658,4,250,140
658,5,360,129
659,1,500,77
659,2,171,42
659,3,52,78
659,4,468,139
659,5,499,71
660,1,272,39
660,2,291,102
660,3,100,84
660,4,239,35
660,5,449,63
661,1,206,53
661,2,262,142
661,3,323,33
661,4,204,87
661,5,411,59
662,1,413,124
662,2,419,61
662,3,426,55
662,4,160,111
662,5,364,109
663,1,466,103
663,2,118,31
663,3,262,59
663,4,358,50
663,5,57,60
664,1,274,128
664,2,485,141
664,3,251,114
664,4,77,31
664,5,467,119
665,1,400,82
665,2,468,125
665,3,433,128
665,4,223,140
665,5,185,89
666,1,411,113
666,2,165,58
666,3,50,47
666,4,276,63
666,5,318,111
667,1,464,53
667,2,422,104
667,3,292,97
667,4,88,79
667,5,472,72
668,1,219,115
668,2,456,100
668,3,451,72
668,4,387,145
668,5,334,30
669,1,229,144
669,2,345,62
669,3,252,147
669,4,264,74
669,5,421,86
670,1,99,33
670,2,68,139
670,3,303,74
670,4,268,37
670,5,489,103
671,1,231,99
671,2,130,140
671,3,250,100
671,4,391,112
671,5,122,86
672,1,257,66
672,2,95,74
672,3,445,125
672,4,208,32
672,5,449,84
673,1,277,60
673,2,412,30
673,3,465,78
673,4,344,123
673,5,379,62
674,1,416,100
674,2,493,136
674,3,431,41
674,4,458,79
674,5,117,46
675,1,459,123
675,2,358,103
675,3,243,136
675,4,123,77
675,5,151,56
676,1,443,96
676,2,341,44
676,3,179,100
676,4,454,131
676,5,270,53
677,1,63,36
677,2,82,91
677,3,101,119
677,4,127,120
677,5,421,97
678,1,206,117
678,2,97,115
678,3,225,79
678,4,124,98
678,5,202,70
679,1,431,65
679,2,209,117
679,3,111,77
679,4,182,104
679,5,290,143
680,1,168,88
680,2,325,137
680,3,461,78
680,4,403,138
680,5,310,71
681,1,446,77
681,2,299,35
681,3,426,115
681,4,55,48
681,5,472,46
682,1,267,56
682,2,394,143
682,3,401,80
682,4,279,51
682,5,319,51
683,1,332,43
683,2,247,121
683,3,488,94
683,4,482,67
683,5,54,90
684,1,168,74
684,2,128,119
684,3,138,135
684,4,439,126
684,5,340,44
685,1,344,118
685,2,419,38
685,3,364,96
685,4,92,66
685,5,353,113
686,1,444,142
686,2,151,81
686,3,156,94
686,4,233,142
686,5,312,64
687,1,423,97
687,2,287,108
687,3,372,120
687,4,106,44
687,5,211,108
688,1,269,114
688,2,292,100
688,3,71,35
688,4,321,126
688,5,154,113
689,1,334,94
689,2,296,59
689,3,327,129
689,4,274,74
689,5,228,101
690,1,124,35
690,2,271,116
690,3,336,59
690,4,60,125
690,5,374,112
691,1,257,98
691,2,149,102
691,3,490,103
691,4,342,69
691,5,116,95
692,1,212,53
692,2,141,107
692,3,242,122
692,4,383,117
692,5,278,86
693,1,323,73
693,2,399,83
693,3,463,134
693,4,270,91
693,5,111,59
694,1,345,101
694,2,181,111
694,3,324,56
694,4,456,79
694,5,265,53
695,1,181,128
695,2,405,98
695,3,325,142
695,4,461,130
695,5,126,79
696,1,235,40
696,2,457,113
696,3,263,46
696,4,286,78
696,5,160,63
697,1,396,105
697,2,333,83
697,3,82,117
697,4,216,40
697,5,481,99
698,1,314,33
698,2,311,125
698,3,324,54
698,4,293,68
698,5,213,47
699,1,400,47
699,2,386,34
699,3,93,139
699,4,328,98
699,5,355,72
700,1,462,72
700,2,281,133
700,3,236,33
700,4,394,90
700,5,76,142
701,1,220,76
701,2,209,83
701,3,245,147
701,4,178,66
701,5,166,56
702,1,113,68
702,2,301,35
702,3,412,135
702,4,194,72
702,5,361,89
703,1,129,75
703,2,71,109
703,3,266,110
703,4,327,43
703,5,114,120
704,1,67,93
704,2,455,57
704,3,482,123
704,4,332,121
704,5,415,150
705,1,400,92
705,2,444,38
705,3,131,31
705,4,283,84
705,5,166,131
706,1,336,150
706,2,422,141
706,3,138,47
706,4,307,125
706,5,434,103
707,1,224,146
707,2,125,131
707,3,438,112
707,4,348,105
707,5,468,111
708,1,199,82
708,2,241,93
708,3,91,94
708,4,90,131
708,5,53,101
709,1,235,61
709,2,159,91
709,3,73,110
709,4,257,62
709,5,395,84
710,1,372,122
710,2,448,130
710,3,296,145
710,4,245,38
710,5,151,52
711,1,218,68
711,2,114,116
711,3,194,98
711,4,282,64
711,5,470,101
712,1,491,54
712,2,117,60
712,3,192,66
712,4,397,142
712,5,182,64
713,1,334,38
713,2,266,39
713,3,243,54
713,4,186,108
713,5,261,81
714,1,97,73
714,2,83,109
714,3,480,142
714,4,304,85
714,5,78,107
715,1,427,112
715,2,434,143
715,3,124,142
715,4,212,32
715,5,405,34
716,1,237,59
716,2,424,36
716,3,264,102
716,4,96,79
716,5,270,149
717,1,58,116
717,2,269,130
717,3,298,68
717,4,66,62
717,5,338,50
718,1,114,131
718,2,119,120
718,3,264,109
718,4,492,142
718,5,280,43
719,1,316,30
719,2,365,48
719,3,493,107
719,4,489,100
719,5,476,118
720,1,270,63
720,2,145,126
720,3,498,71
720,4,314,59
720,5,437,134
721,1,68,52
721,2,129,115
721,3,278,95
721,4,416,101
721,5,236,62
722,1,161,99
722,2,381,133
722,3,90,112
722,4,416,48
722,5,119,51
723,1,58,78
723,2,151,126
723,3,95,113
723,4,340,132
723,5,452,147
724,1,63,101
724,2,439,48
724,3,204,118
724,4,206,140
724,5,449,93
725,1,489,107
725,2,218,99
725,3,319,126
725,4,387,95
725,5,80,41
726,1,331,146
726,2,221,122
726,3,286,100
726,4,253,51
726,5,428,112
727,1,152,51
727,2,76,138
727,3,55,50
727,4,328,62
727,5,108,51
728,1,417,109
728,2,180,149
728,3,179,93
728,4,364,129
728,5,204,120
729,1,251,54
729,2,73,141
729,3,281,58
729,4,86,69
729,5,262,85
730,1,170,39
730,2,220,35
730,3,305,84
730,4,184,72
730,5,434,72
731,1,304,145
731,2,431,44
731,3,464,42
731,4,151,83
731,5,179,149
732,1,150,53
732,2,106,128
732,3,166,73
732,4,194,88
732,5,78,71
733,1,206,104
733,2,208,32
733,3,178,78
733,4,408,96
733,5,500,150
734,1,177,147
734,2,221,120
734,3,82,34
734,4,437,37
734,5,199,45
735,1,449,83
735,2,386,141
735,3,194,120
735,4,320,117
735,5,412,94
736,1,113,44
736,2,262,101
736,3,76,115
736,4,97,30
736,5,267,119
737,1,55,77
737,2,127,56
737,3,86,106
737,4,174,58
737,5,291,110
738,1,195,65
738,2,167,126
738,3,276,45
738,4,337,66
738,5,211,87
739,1,112,130
739,2,394,124
739,3,324,30
739,4,381,105
739,5,106,65
740,1,345,63
740,2,468,143
740,3,160,104
740,4,298,32
740,5,227,75
741,1,54,123
741,2,147,70
741,3,472,65
741,4,387,150
741,5,138,31
742,1,98,68
742,2,366,133
742,3,241,128
742,4,486,104
742,5,381,31
743,1,347,59
743,2,128,97
743,3,175,127
743,4,302,34
743,5,166,51
744,1,305,70
744,2,477,109
744,3,257,51
744,4,161,71
744,5,311,69
745,1,288,140
745,2,50,82
745,3,404,38
745,4,343,100
745,5,72,59
746,1,93,141
746,2,178,42
746,3,292,107
746,4,275,48
746,5,226,126
747,1,451,81
747,2,145,40
747,3,78,61
747,4,129,101
747,5,207,91
748,1,481,113
748,2,489,130
748,3,199,70
748,4,438,134
748,5,215,34
749,1,74,86
749,2,238,83
749,3,143,107
749,4,455,36
749,5,401,32
750,1,150,44
750,2,392,115
750,3,311,134
750,4,234,109
750,5,94,62
751,1,340,132
751,2,427,101
751,3,375,78
751,4,441,123
751,5,398,49
752,1,499,63
752,2,486,100
752,3,475,100
752,4,246,30
752,5,257,133
753,1,303,71
753,2,51,70
753,3,63,81
753,4,239,143
753,5,366,135
754,1,462,94
754,2,430,64
754,3,371,93
754,4,81,147
754,5,92,124
755,1,158,119
755,2,437,38
755,3,441,60
755,4,311,141
755,5,213,107
756,1,480,67
756,2,452,126
756,3,278,44
756,4,89,143
756,5,90,43
757,1,412,133
757,2,390,93
757,3,266,87
757,4,211,102
757,5,371,106
758,1,258,81
758,2,497,99
758,3,467,136
758,4,374,48
758,5,486,141
759,1,308,100
759,2,417,123
759,3,187,111
759,4,445,58
759,5,157,34
760,1,439,35
760,2,199,107
760,3,329,121
760,4,66,92
760,5,375,128
761,1,65,67
761,2,393,130
761,3,457,82
761,4,107,70
761,5,204,144
762,1,262,146
762,2,463,142
762,3,140,35
762,4,252,97
762,5,315,107
763,1,260,49
763,2,340,55
763,3,110,30
763,4,302,134
763,5,387,106
764,1,445,135
764,2,82,94
764,3,389,71
764,4,100,110
764,5,395,60
765,1,220,139
765,2,107,82
765,3,234,141
765,4,326,111
765,5,383,32
766,1,453,70
766,2,419,39
766,3,95,70
766,4,331,139
766,5,359,39
767,1,179,130
767,2,482,72
767,3,111,48
767,4,135,31
767,5,468,43
768,1,222,149
768,2,162,128
768,3,330,75
768,4,399,71
768,5,203,114
769,1,473,88
769,2,248,131
769,3,431,91
769,4,177,106
769,5,344,85
770,1,168,120
770,2,345,144
770,3,315,56
770,4,250,36
770,5,285,121
771,1,222,115
771,2,170,34
771,3,464,142
771,4,445,59
771,5,300,94
772,1,282,139
772,2,289,70
772,3,336,136
772,4,102,132
772,5,169,37
773,1,340,83
773,2,54,64
773,3,488,40
773,4,446,130
773,5,262,137
774,1,346,133
774,2,481,70
774,3,438,149
774,4,166,86
774,5,124,137
775,1,277,84
775,2,347,32
775,3,361,64
775,4,104,76
775,5,261,79
776,1,442,35
776,2,104,61
776,3,484,114
776,4,413,100
776,5,346,102
777,1,412,111
777,2,243,83
777,3,230,73
777,4,62,137
777,5,106,96
778,1,181,122
778,2,290,63
778,3,439,118
778,4,236,46
778,5,279,136
779,1,434,38
779,2,256,95
779,3,90,142
779,4,266,56
779,5,292,146
780,1,349,150
780,2,151,125
780,3,336,122
780,4,357,131
780,5,208,109
781,1,384,53
781,2,229,150
781,3,109,84
781,4,256,150
781,5,342,48
782,1,412,105
782,2,206,57
782,3,493,109
782,4,340,118
782,5,120,126
783,1,235,89
783,2,160,86
783,3,194,118
783,4,353,115
783,5,357,41
784,1,115,132
784,2,399,96
784,3,179,65
784,4,431,73
784,5,369,69
785,1,277,119
785,2,341,39
785,3,354,41
785,4,80,56
785,5,119,61
786,1,221,87
786,2,393,92
786,3,65,32
786,4,366,138
786,5,226,142
787,1,316,52
787,2,500,106
787,3,209,60
787,4,258,120
787,5,196,32
788,1,308,139
788,2,108,44
788,3,144,113
788,4,337,42
788,5,317,58
789,1,164,119
789,2,364,144
789,3,485,122
789,4,441,41
789,5,468,97
790,1,485,98
790,2,251,136
790,3,205,150
790,4,471,93
790,5,146,142
791,1,461,150
791,2,279,142
791,3,125,40
791,4,416,147
791,5,334,118
792,1,132,102
792,2,263,86
792,3,463,93
792,4,60,81
792,5,355,79
793,1,116,71
793,2,299,123
793,3,240,62
793,4,257,110
793,5,71,35
794,1,181,73
794,2,351,141
794,3,272,73
794,4,444,91
794,5,58,67
795,1,299,90
795,2,418,115
795,3,66,105
795,4,417,102
795,5,335,138
796,1,385,45
796,2,277,126
796,3,260,137
796,4,182,52
796,5,358,110
797,1,228,36
797,2,72,35
797,3,260,135
797,4,376,52
797,5,188,52
798,1,255,42
798,2,364,145
798,3,288,58
798,4,237,105
798,5,490,70
799,1,274,40
799,2,354,116
799,3,280,71
799,4,406,131
799,5,488,46
800,1,265,43
800,2,249,32
800,3,212,46
800,4,325,89
800,5,115,79
801,1,300,88
801,2,188,94
801,3,229,39
801,4,152,124
801,5,377,116
802,1,432,104
802,2,180,62
802,3,424,72
802,4,493,48
802,5,75,78
803,1,262,61
803,2,225,67
803,3,456,81
803,4,94,64
803,5,403,70
804,1,238,55
804,2,404,130
804,3,269,124
804,4,359,76
804,5,276,114
805,1,398,35
805,2,494,78
805,3,119,150
805,4,480,43
805,5,180,134
806,1,417,95
806,2,428,50
806,3,82,100
806,4,96,52
806,5,193,80
807,1,73,38
807,2,470,100
807,3,242,60
807,4,71,118
807,5,341,91
808,1,399,126
808,2,431,129
808,3,398,99
808,4,469,150
808,5,291,123
809,1,156,150
809,2,239,114
809,3,482,58
809,4,253,55
809,5,180,70
810,1,72,133
810,2,174,71
810,3,177,118
810,4,385,148
810,5,74,49
811,1,434,82
811,2,351,123
811,3,85,36
811,4,295,71
811,5,293,133
812,1,349,61
812,2,375,58
812,3,98,136
812,4,344,55
812,5,186,33
813,1,154,143
813,2,389,148
813,3,157,76
813,4,77,76
813,5,266,150
814,1,112,63
814,2,114,131
814,3,281,90
814,4,57,72
814,5,405,47
815,1,381,104
815,2,244,44
815,3,317,145
815,4,356,112
815,5,249,103
816,1,486,61
816,2,395,105
816,3,238,140
816,4,122,83
816,5,397,110
817,1,497,132
817,2,453,100
817,3,291,107
817,4,191,92
817,5,269,44
818,1,480,90
818,2,452,122
818,3,189,127
818,4,263,57
818,5,245,30
819,1,315,149
819,2,177,59
819,3,356,123
819,4,397,47
819,5,354,129
820,1,161,64
820,2,357,141
820,3,356,105
820,4,79,118
820,5,371,65
821,1,246,110
821,2,328,119
821,3,282,145
821,4,315,121
821,5,330,140
822,1,53,128
822,2,97,137
822,3,197,69
822,4,207,104
822,5,153,132
823,1,294,95
823,2,322,80
823,3,262,34
823,4,91,40
823,5,451,136
824,1,341,110
824,2,118,63
824,3,338,91
824,4,64,50
824,5,128,149
825,1,433,147
825,2,237,111
825,3,130,60
825,4,327,87
825,5,269,94
826,1,156,148
826,2,415,50
826,3,325,105
826,4,430,147
826,5,436,68
827,1,186,139
827,2,473,72
827,3,152,44
827,4,300,53
827,5,389,56
828,1,182,139
828,2,207,141
828,3,356,82
828,4,218,99
828,5,213,75
829,1,199,36
829,2,79,111
829,3,76,149
829,4,89,70
829,5,210,80
830,1,350,132
830,2,68,136
830,3,409,85
830,4,94,47
830,5,162,124
831,1,135,65
831,2,405,100
831,3,131,102
831,4,155,133
831,5,344,93
832,1,300,69
832,2,121,49
832,3,67,136
832,4,246,68
832,5,183,90
833,1,423,83
833,2,175,106
833,3,175,84
833,4,400,35
833,5,307,85
834,1,195,51
834,2,479,30
834,3,467,53
834,4,291,41
834,5,351,82
835,1,171,92
835,2,454,138
835,3,453,67
835,4,371,55
835,5,208,109
836,1,260,94
836,2,337,137
836,3,497,51
836,4,248,107
836,5,187,147
837,1,419,85
837,2,453,81
837,3,180,62
837,4,363,56
837,5,153,85
838,1,344,68
838,2,260,97
838,3,308,42
838,4,420,39
838,5,488,104
839,1,456,35
839,2,165,145
839,3,415,132
839,4,356,58
839,5,243,110
840,1,414,135
840,2,297,147
840,3,213,65
840,4,331,88
840,5,316,51
841,1,62,149
841,2,375,113
841,3,63,135
841,4,198,149
841,5,271,72
842,1,264,149
842,2,459,119
842,3,148,125
842,4,426,55
842,5,254,100
843,1,157,66
843,2,331,117
843,3,463,46
843,4,398,116
843,5,310,83
844,1,329,61
844,2,487,142
844,3,428,142
844,4,80,50
844,5,50,67
845,1,451,100
845,2,366,44
845,3,126,50
845,4,61,147
845,5,317,129
846,1,163,69
846,2,452,34
846,3,472,120
846,4,421,141
846,5,319,83
847,1,453,72
847,2,121,103
847,3,358,85
847,4,141,55
847,5,343,136
848,1,241,40
848,2,65,40
848,3,396,147
848,4,479,30
848,5,54,82
849,1,71,116
849,2,296,87
849,3,141,55
849,4,181,121
849,5,61,34
850,1,257,39
850,2,380,110
850,3,330,98
850,4,480,141
850,5,265,132
851,1,116,90
851,2,482,53
851,3,452,106
851,4,199,54
851,5,455,145
852,1,86,74
852,2,309,95
852,3,263,51
852,4,66,55
852,5,198,97
853,1,70,100
853,2,417,81
853,3,106,126
853,4,321,32
853,5,363,140
854,1,440,86
854,2,194,67
854,3,159,34
854,4,314,48
854,5,236,149
855,1,279,59
855,2,268,57
855,3,341,126
855,4,380,65
855,5,57,74
856,1,207,136
856,2,175,84
856,3,386,119
856,4,176,81
856,5,145,98
857,1,298,121
857,2,392,102
857,3,159,33
857,4,92,93
857,5,303,125
858,1,488,81
858,2,309,55
858,3,314,60
858,4,238,132
858,5,331,79
859,1,162,94
859,2,139,36
859,3,346,143
859,4,343,102
859,5,139,59
860,1,426,127
860,2,176,143
860,3,146,31
860,4,400,105
860,5,280,139
861,1,302,117
861,2,181,75
861,3,133,56
861,4,351,132
861,5,466,123
862,1,178,81
862,2,333,44
862,3,413,30
862,4,126,69
862,5,164,62
863,1,227,108
863,2,115,97
863,3,194,120
863,4,331,94
863,5,267,41
864,1,144,131
864,2,488,99
864,3,323,90
864,4,478,89
864,5,331,108
865,1,423,41
865,2,396,136
865,3,481,112
865,4,399,56
865,5,148,56
866,1,88,32
866,2,180,98
866,3,225,94
866,4,245,139
866,5,155,74
867,1,189,137
867,2,73,40
867,3,206,92
867,4,153,73
867,5,93,118
868,1,58,73
868,2,444,56
868,3,311,38
868,4,141,139
868,5,70,60
869,1,165,46
869,2,463,103
869,3,271,39
869,4,252,150
869,5,446,113
870,1,425,82
870,2,378,31
870,3,230,82
870,4,108,105
870,5,241,142
871,1,136,148
871,2,355,118
871,3,55,82
871,4,425,61
871,5,373,134
872,1,331,87
872,2,350,38
872,3,61,117
872,4,384,133
872,5,297,150
873,1,354,146
873,2,224,76
873,3,222,70
873,4,257,141
873,5,352,135
874,1,122,110
874,2,414,54
874,3,93,59
874,4,123,89
874,5,197,140
875,1,467,128
875,2,125,138
875,3,118,141
875,4,399,135
875,5,470,34
876,1,64,103
876,2,213,64
876,3,243,99
876,4,250,31
876,5,240,143
877,1,300,51
877,2,167,123
877,3,299,47
877,4,429,80
877,5,467,127
878,1,429,118
878,2,252,139
878,3,259,83
878,4,300,111
878,5,180,115
879,1,95,34
879,2,267,98
879,3,96,118
879,4,204,58
879,5,361,123
880,1,270,79
880,2,272,82
880,3,438,46
880,4,96,102
880,5,278,145
881,1,64,104
881,2,130,99
881,3,470,43
881,4,238,31
881,5,62,81
882,1,488,93
882,2,301,125
882,3,450,72
882,4,133,62
882,5,371,135
883,1,199,44
883,2,462,108
883,3,374,73
883,4,386,72
883,5,138,105
884,1,98,54
884,2,389,69
884,3,127,139
884,4,234,56
884,5,473,42
885,1,240,101
885,2,160,97
885,3,184,113
885,4,491,56
885,5,242,94
886,1,484,125
886,2,342,142
886,3,163,138
886,4,319,142
886,5,325,88
887,1,326,44
887,2,97,67
887,3,329,56
887,4,398,130
887,5,460,122
888,1,351,127
888,2,77,92
888,3,213,36
888,4,59,106
888,5,209,116
889,1,203,113
889,2,328,54
889,3,244,74
889,4,310,35
889,5,177,114
890,1,499,57
890,2,156,120
890,3,488,61
890,4,249,145
890,5,195,86
891,1,73,69
891,2,394,96
891,3,298,118
891,4,419,40
891,5,63,142
892,1,179,134
892,2,440,106
892,3,207,118
892,4,196,147
892,5,408,74
893,1,210,62
893,2,200,122
893,3,389,47
893,4,467,127
893,5,268,50
894,1,388,62
894,2,465,38
894,3,369,111
894,4,475,70
894,5,291,149
895,1,238,129
895,2,324,78
895,3,417,97
895,4,358,118
895,5,57,47
896,1,404,96
896,2,202,52
896,3,296,96
896,4,210,146
896,5,310,106
897,1,488,113
897,2,269,112
897,3,299,118
897,4,126,38
897,5,484,139
898,1,273,30
898,2,243,134
898,3,446,84
898,4,240,127
898,5,365,65
899,1,257,73
899,2,304,118
899,3,287,133
899,4,344,38
899,5,190,144
900,1,74,134
900,2,417,121
900,3,474,45
900,4,192,145
900,5,112,34
901,1,207,118
901,2,405,41
901,3,478,60
901,4,78,70
901,5,486,117
902,1,73,128
902,2,411,95
902,3,332,105
902,4,446,148
902,5,263,63
903,1,256,60
903,2,112,118
903,3,335,95
903,4,412,97
903,5,318,89
904,1,479,116
904,2,137,136
904,3,320,106
904,4,50,139
904,5,417,123
905,1,291,36
905,2,272,45
905,3,440,63
905,4,166,137
905,5,82,45
906,1,276,60
906,2,479,82
906,3,460,47
906,4,271,110
906,5,471,55
907,1,191,60
907,2,209,120
907,3,67,111
907,4,380,88
907,5,323,41
908,1,58,49
908,2,311,121
908,3,117,43
908,4,471,77
908,5,440,105
909,1,310,111
909,2,227,128
909,3,151,134
909,4,229,133
909,5,295,97
910,1,314,49
910,2,320,59
910,3,424,36
910,4,297,40
910,5,58,133
911,1,345,129
911,2,241,78
911,3,272,40
911,4,51,120
911,5,57,89
912,1,369,40
912,2,137,114
912,3,334,35
912,4,436,48
912,5,500,135
913,1,368,113
913,2,83,87
913,3,244,70
913,4,450,143
913,5,256,35
914,1,271,130
914,2,226,60
914,3,228,33
914,4,354,73
914,5,293,36
915,1,71,80
915,2,208,132
915,3,402,73
915,4,304,89
915,5,377,93
916,1,109,131
916,2,70,83
916,3,420,57
916,4,391,131
916,5,396,33
917,1,71,37
917,2,152,45
917,3,101,67
917,4,426,144
917,5,495,142
918,1,298,136
918,2,409,91
918,3,370,110
918,4,250,80
918,5,99,40
919,1,339,111
919,2,89,92
919,3,50,54
919,4,326,133
919,5,454,92
920,1,407,49
920,2,220,59
920,3,446,73
920,4,491,69
920,5,358,130
921,1,469,135
921,2,245,105
921,3,498,67
921,4,187,72
921,5,197,38
922,1,488,43
922,2,459,119
922,3,220,39
922,4,241,74
922,5,351,146
923,1,215,42
923,2,101,93
923,3,485,61
923,4,400,52
923,5,261,50
924,1,236,147
924,2,349,39
924,3,121,94
924,4,358,40
924,5,280,35
925,1,230,49
925,2,241,137
925,3,68,49
925,4,222,144
925,5,410,90
926,1,161,54
926,2,199,91
926,3,69,57
926,4,122,41
926,5,63,41
927,1,239,144
927,2,253,107
927,3,181,89
927,4,304,50
927,5,496,39
928,1,80,50
928,2,127,143
928,3,179,93
928,4,181,47
928,5,347,57
929,1,349,82
929,2,443,75
929,3,393,39
929,4,393,39
929,5,360,66
930,1,240,31
930,2,226,121
930,3,490,84
930,4,383,80
930,5,130,92
931,1,418,34
931,2,90,110
931,3,467,46
931,4,128,117
931,5,177,53
932,1,476,150
932,2,312,74
932,3,490,34
932,4,105,87
932,5,69,126
933,1,255,142
933,2,406,42
933,3,84,129
933,4,74,99
933,5,450,72
934,1,159,74
934,2,363,33
934,3,75,99
934,4,351,128
934,5,209,102
935,1,148,121
935,2,52,90
935,3,59,54
935,4,133,127
935,5,243,58
936,1,281,126
936,2,112,82
936,3,124,30
936,4,169,108
936,5,110,56
937,1,344,90
937,2,120,44
937,3,435,126
937,4,200,64
937,5,284,101
938,1,180,107
938,2,235,55
938,3,209,55
938,4,163,143
938,5,226,106
939,1,498,93
939,2,272,46
939,3,248,107
939,4,349,66
939,5,362,49
940,1,248,104
940,2,56,131
940,3,305,62
940,4,146,102
940,5,155,138
941,1,189,105
941,2,314,138
941,3,198,42
941,4,321,97
941,5,267,102
942,1,155,126
942,2,278,53
942,3,443,40
942,4,325,149
942,5,196,101
943,1,77,46
943,2,160,86
943,3,260,134
943,4,51,43
943,5,206,145
944,1,260,58
944,2,184,106
944,3,499,76
944,4,328,128
944,5,106,135
945,1,260,122
945,2,413,122
945,3,75,48
945,4,261,81
945,5,66,93
946,1,96,70
946,2,500,143
946,3,384,77
946,4,134,130
946,5,495,76
947,1,484,113
947,2,313,32
947,3,459,87
947,4,72,81
947,5,281,47
948,1,405,89
948,2,161,128
948,3,389,83
948,4,287,52
948,5,78,66
949,1,459,82
949,2,299,105
949,3,130,103
949,4,118,37
949,5,404,149
950,1,71,89
950,2,479,41
950,3,319,40
950,4,76,148
950,5,263,113
951,1,110,139
951,2,223,76
951,3,271,145
951,4,440,149
951,5,263,112
952,1,322,104
952,2,394,56
952,3,277,88
952,4,441,143
952,5,347,110
953,1,249,114
953,2,404,104
953,3,178,108
953,4,62,138
953,5,63,74
954,1,177,148
954,2,314,97
954,3,479,58
954,4,457,88
954,5,267,128
955,1,365,66
955,2,439,88
955,3,316,54
955,4,250,80
955,5,284,111
956,1,423,80
956,2,157,122
956,3,419,75
956,4,374,106
956,5,51,36
957,1,140,58
957,2,333,100
957,3,253,116
957,4,270,75
957,5,268,131
958,1,262,78
958,2,80,78
958,3,128,41
958,4,365,122
958,5,330,109
959,1,408,92
959,2,466,89
959,3,384,123
959,4,206,86
959,5,99,80
960,1,252,119
960,2,250,63
960,3,94,30
960,4,409,72
960,5,154,74
961,1,66,76
961,2,112,149
961,3,231,132
961,4,344,35
961,5,493,82
962,1,221,79
962,2,360,143
962,3,277,95
962,4,218,147
962,5,476,132
963,1,198,57
963,2,328,149
963,3,495,34
963,4,150,142
963,5,139,70
964,1,363,49
964,2,159,148
964,3,142,144
964,4,84,135
964,5,222,38
965,1,375,90
965,2,192,56
965,3,239,148
965,4,447,67
965,5,308,39
966,1,63,31
966,2,355,91
966,3,92,69
966,4,419,50
966,5,226,87
967,1,244,57
967,2,146,78
967,3,133,100
967,4,276,139
967,5,245,55
968,1,240,127
968,2,468,98
968,3,322,42
968,4,310,47
968,5,490,125
969,1,128,86
969,2,284,130
969,3,330,137
969,4,346,136
969,5,268,52
970,1,477,61
970,2,119,54
970,3,453,66
970,4,111,57
970,5,53,92
971,1,165,87
971,2,95,134
971,3,335,70
971,4,105,131
971,5,96,86
972,1,321,145
972,2,486,92
972,3,146,117
972,4,326,67
972,5,207,147
973,1,221,77
973,2,66,32
973,3,297,83
973,4,248,126
973,5,443,65
974,1,275,71
974,2,165,107
974,3,231,62
974,4,128,103
974,5,176,77
975,1,481,43
975,2,472,59
975,3,301,77
975,4,212,41
975,5,366,77
976,1,144,84
976,2,490,76
976,3,161,108
976,4,58,92
976,5,322,87
977,1,228,147
977,2,423,110
977,3,415,127
977,4,72,33
977,5,84,146
978,1,342,134
978,2,277,147
978,3,173,92
978,4,312,128
978,5,53,46
979,1,172,51
979,2,239,41
979,3,50,55
979,4,402,65
979,5,470,88
980,1,200,74
980,2,99,55
980,3,356,97
980,4,332,140
980,5,371,58
981,1,217,112
981,2,434,64
981,3,176,51
981,4,249,107
981,5,230,103
982,1,486,68
982,2,72,59
982,3,299,146
982,4,455,147
982,5,69,111
983,1,459,51
983,2,303,142
983,3,341,141
983,4,441,68
983,5,406,139
984,1,328,140
984,2,73,51
984,3,464,120
984,4,437,139
984,5,437,137
985,1,433,37
985,2,359,70
985,3,265,42
985,4,415,72
985,5,124,80
986,1,244,36
986,2,145,47
986,3,459,66
986,4,413,130
986,5,102,31
987,1,489,137
987,2,163,68
987,3,105,105
987,4,355,137
987,5,301,136
988,1,271,123
988,2,333,97
988,3,398,107
988,4,111,144
988,5,275,111
989,1,227,145
989,2,411,91
989,3,133,142
989,4,226,133
989,5,456,37
990,1,156,74
990,2,303,145
990,3,157,126
990,4,158,86
990,5,490,34
991,1,131,118
991,2,107,63
991,3,498,52
991,4,224,130
991,5,224,100
992,1,133,68
992,2,61,47
992,3,89,43
992,4,401,48
992,5,119,30
993,1,430,88
993,2,326,33
993,3,68,132
993,4,487,137
993,5,247,93
994,1,170,38
994,2,229,111
994,3,153,149
994,4,447,127
994,5,454,105
995,1,414,48
995,2,301,144
995,3,216,111
995,4,493,143
995,5,100,87
996,1,132,140
996,2,472,71
996,3,310,115
996,4,285,48
996,5,335,77
997,1,80,146
997,2,375,57
997,3,435,48
997,4,291,92
997,5,108,119
998,1,56,31
998,2,53,138
998,3,205,56
998,4,331,118
998,5,359,110
999,1,117,133
999,2,189,59
999,3,117,108
999,4,486,86
999,5,268,72
1000,1,230,39
1000,2,141,133
1000,3,294,139
1000,4,276,86
1000,5,311,43
1001,1,116,62
1001,2,374,32
1001,3,109,46
1001,4,379,98
1001,5,234,126
1002,1,394,126
1002,2,228,72
1002,3,112,132
1002,4,481,127
1002,5,204,139
1003,1,214,108
1003,2,199,149
1003,3,154,139
1003,4,61,100
1003,5,117,116
1004,1,457,60
1004,2,403,123
1004,3,298,71
1004,4,83,34
1004,5,208,129
1005,1,226,131
1005,2,371,145
1005,3,345,73
1005,4,161,88
1005,5,422,34
1006,1,224,71
1006,2,150,77
1006,3,484,30
1006,4,358,97
1006,5,304,149
1007,1,499,85
1007,2,220,129
1007,3,154,73
1007,4,119,77
1007,5,348,142
1008,1,94,36
1008,2,386,31
1008,3,98,122
1008,4,226,136
1008,5,382,36
1009,1,265,99
1009,2,365,41
1009,3,208,97
1009,4,126,120
1009,5,58,72
1010,1,51,62
1010,2,324,80
1010,3,237,63
1010,4,444,92
1010,5,346,92
1011,1,54,61
1011,2,278,67
1011,3,256,81
1011,4,168,118
1011,5,220,99
1012,1,319,83
1012,2,192,37
1012,3,131,97
1012,4,283,99
1012,5,444,139
1013,1,419,150
1013,2,269,36
1013,3,463,77
1013,4,332,119
1013,5,412,102
1014,1,182,59
1014,2,161,109
1014,3,471,134
1014,4,402,35
1014,5,420,140
1015,1,498,86
1015,2,150,46
1015,3,273,94
1015,4,149,146
1015,5,78,107
1016,1,334,83
1016,2,438,78
1016,3,328,37
1016,4,474,128
1016,5,85,118
1017,1,474,133
1017,2,397,131
1017,3,179,57
1017,4,353,120
1017,5,117,82
1018,1,290,135
1018,2,124,112
1018,3,163,31
1018,4,310,115
1018,5,209,137
1019,1,499,96
1019,2,310,91
1019,3,102,60
1019,4,384,122
1019,5,140,135
1020,1,179,147
1020,2,197,42
1020,3,314,71
1020,4,174,67
1020,5,188,113
1021,1,497,141
1021,2,433,80
1021,3,69,117
1021,4,487,51
1021,5,398,148
1022,1,70,34
1022,2,264,110
1022,3,220,112
1022,4,413,61
1022,5,55,43
1023,1,388,31
1023,2,58,146
1023,3,196,105
1023,4,317,59
1023,5,389,99
1024,1,345,108
1024,2,459,74
1024,3,317,141
1024,4,456,33
1024,5,301,122
1025,1,112,88
1025,2,499,149
1025,3,494,66
1025,4,386,74
1025,5,219,76
1026,1,116,73
1026,2,276,142
1026,3,64,69
1026,4,184,141
1026,5,448,101
1027,1,122,87
1027,2,85,32
1027,3,336,126
1027,4,103,34
1027,5,386,76
1028,1,307,132
1028,2,252,59
1028,3,226,81
1028,4,418,36
1028,5,436,112
1029,1,152,34
1029,2,147,62
1029,3,219,61
1029,4,106,60
1029,5,162,129
1030,1,90,111
1030,2,453,93
1030,3,176,100
1030,4,313,89
1030,5,338,77
1031,1,372,33
1031,2,240,56
1031,3,330,124
1031,4,410,73
1031,5,170,84
1032,1,202,113
1032,2,391,126
1032,3,172,143
1032,4,253,110
1032,5,471,45
1033,1,275,31
1033,2,333,134
1033,3,370,71
1033,4,387,89
1033,5,118,105
1034,1,367,44
1034,2,242,38
1034,3,262,39
1034,4,406,54
1034,5,285,52
1035,1,299,132
1035,2,317,99
1035,3,50,54
1035,4,218,42
1035,5,421,105
1036,1,109,83
1036,2,301,101
1036,3,388,59
1036,4,287,42
1036,5,253,47
1037,1,482,96
1037,2,454,94
1037,3,130,143
1037,4,211,123
1037,5,286,104
1038,1,234,71
1038,2,128,95
1038,3,367,67
1038,4,147,80
1038,5,258,87
1039,1,376,56
1039,2,242,88
1039,3,98,137
1039,4,253,101
1039,5,316,79
1040,1,498,149
1040,2,252,137
1040,3,333,79
1040,4,481,68
1040,5,236,125
1041,1,438,106
1041,2,470,100
1041,3,61,132
1041,4,199,147
1041,5,403,104
1042,1,351,51
1042,2,353,108
1042,3,247,52
1042,4,228,136
1042,5,263,130
1043,1,98,149
1043,2,399,48
1043,3,254,46
1043,4,349,142
1043,5,349,142
1044,1,79,75
1044,2,431,103
1044,3,57,148
1044,4,162,120
1044,5,131,82
1045,1,364,79
1045,2,129,96
1045,3,309,51
1045,4,397,36
1045,5,99,41
1046,1,497,134
1046,2,64,71
1046,3,455,94
1046,4,359,30
1046,5,191,97
1047,1,474,65
1047,2,89,48
1047,3,234,110
1047,4,257,66
1047,5,57,57
1048,1,178,131
1048,2,185,111
1048,3,166,127
1048,4,90,69
1048,5,258,143
1049,1,438,150
1049,2,216,106
1049,3,240,100
1049,4,87,136
1049,5,499,119
1050,1,90,32
1050,2,97,114
1050,3,421,66
1050,4,187,80
1050,5,350,110
1051,1,408,139
1051,2,113,132
1051,3,452,80
1051,4,61,131
1051,5,86,43
1052,1,159,68
1052,2,112,106
1052,3,107,105
1052,4,184,41
1052,5,119,102
1053,1,425,88
1053,2,452,44
1053,3,263,91
1053,4,213,108
1053,5,394,95
1054,1,328,47
1054,2,308,124
1054,3,132,148
1054,4,315,101
1054,5,181,87
1055,1,466,134
1055,2,155,56
1055,3,163,139
1055,4,131,102
1055,5,100,46
1056,1,307,49
1056,2,154,94
1056,3,301,87
1056,4,412,127
1056,5,402,31
1057,1,267,62
1057,2,473,116
1057,3,442,147
1057,4,119,59
1057,5,258,90
1058,1,106,44
1058,2,480,40
1058,3,56,121
1058,4,305,59
1058,5,107,99
1059,1,137,150
1059,2,212,85
1059,3,480,54
1059,4,499,119
1059,5,487,50
1060,1,247,126
1060,2,446,36
1060,3,346,132
1060,4,66,63
1060,5,69,62
1061,1,200,93
1061,2,449,122
1061,3,313,33
1061,4,218,66
1061,5,228,68
1062,1,420,74
1062,2,215,79
1062,3,354,83
1062,4,202,130
1062,5,112,116
1063,1,89,59
1063,2,123,59
1063,3,247,119
1063,4,492,108
1063,5,291,67
1064,1,383,144
1064,2,117,70
1064,3,344,37
1064,4,328,65
1064,5,242,42
1065,1,403,133
1065,2,265,71
1065,3,150,140
1065,4,337,141
1065,5,266,112
1066,1,381,66
1066,2,372,54
1066,3,312,58
1066,4,61,74
1066,5,244,57
1067,1,109,52
1067,2,316,35
1067,3,236,76
1067,4,327,81
1067,5,174,103
1068,1,213,99
1068,2,212,40
1068,3,164,35
1068,4,250,121
1068,5,491,124
1069,1,406,122
1069,2,54,106
1069,3,351,119
1069,4,200,126
1069,5,272,34
1070,1,236,106
1070,2,411,148
1070,3,231,97
1070,4,337,99
1070,5,297,110
1071,1,132,68
1071,2,417,44
1071,3,225,74
1071,4,379,132
1071,5,97,137
1072,1,78,120
1072,2,254,44
1072,3,285,70
1072,4,74,51
1072,5,282,86
1073,1,178,99
1073,2,443,90
1073,3,381,79
1073,4,50,94
1073,5,386,82
1074,1,394,45
1074,2,271,82
1074,3,191,123
1074,4,277,87
1074,5,346,68
1075,1,306,32
1075,2,499,45
1075,3,456,95
1075,4,51,63
1075,5,483,70
1076,1,340,110
1076,2,401,139
1076,3,417,46
1076,4,87,113
1076,5,61,67
1077,1,235,105
1077,2,352,62
1077,3,300,141
1077,4,500,39
1077,5,206,121
1078,1,437,42
1078,2,327,111
1078,3,349,149
1078,4,430,118
1078,5,260,124
1079,1,128,39
1079,2,335,80
1079,3,378,53
1079,4,128,146
1079,5,486,93
1080,1,114,54
1080,2,191,48
1080,3,465,111
1080,4,332,140
1080,5,214,36
1081,1,469,146
1081,2,88,63
1081,3,449,123
1081,4,157,38
1081,5,243,112
1082,1,114,126
1082,2,368,117
1082,3,411,59
1082,4,377,123
1082,5,129,54
1083,1,434,72
1083,2,113,44
1083,3,492,67
1083,4,418,52
1083,5,309,46
1084,1,91,65
1084,2,337,53
1084,3,324,115
1084,4,201,53
1084,5,55,77
1085,1,145,84
1085,2,316,117
1085,3,219,104
1085,4,132,69
1085,5,68,137
1086,1,480,82
1086,2,444,81
1086,3,397,113
1086,4,247,122
1086,5,160,61
1087,1,101,50
1087,2,268,55
1087,3,85,38
1087,4,483,93
1087,5,397,51
1088,1,293,91
1088,2,68,143
1088,3,179,136
1088,4,301,134
1088,5,181,149
1089,1,88,125
1089,2,337,33
1089,3,187,86
1089,4,190,116
1089,5,92,70
1090,1,67,146
1090,2,102,139
1090,3,385,129
1090,4,403,111
1090,5,408,50
1091,1,368,106
1091,2,450,39
1091,3,499,137
1091,4,403,132
1091,5,354,127
1092,1,473,57
1092,2,60,62
1092,3,359,43
1092,4,395,115
1092,5,91,66
1093,1,297,139
1093,2,140,150
1093,3,444,106
1093,4,338,70
1093,5,460,102
1094,1,145,80
1094,2,434,121
1094,3,102,43
1094,4,418,60
1094,5,163,43
1095,1,490,90
1095,2,328,136
1095,3,153,119
1095,4,149,62
1095,5,367,59
1096,1,166,137
1096,2,190,40
1096,3,63,142
1096,4,65,72
1096,5,452,99
1097,1,386,48
1097,2,356,132
1097,3,349,69
1097,4,377,88
1097,5,171,141
1098,1,91,122
1098,2,468,57
1098,3,451,30
1098,4,500,58
1098,5,125,122
1099,1,417,94
1099,2,471,70
1099,3,274,95
1099,4,257,78
1099,5,491,60
1100,1,484,120
1100,2,376,133
1100,3,153,34
1100,4,286,37
1100,5,329,70
1101,1,319,96
1101,2,122,115
1101,3,434,80
1101,4,135,132
1101,5,105,92
1102,1,106,57
1102,2,251,95
1102,3,151,131
1102,4,214,50
1102,5,105,98
1103,1,144,56
1103,2,305,88
1103,3,82,68
1103,4,367,85
1103,5,122,56
1104,1,362,107
1104,2,364,141
1104,3,63,131
1104,4,220,63
1104,5,149,38
1105,1,133,36
1105,2,76,147
1105,3,425,116
1105,4,332,132
1105,5,475,143
1106,1,233,38
1106,2,314,103
1106,3,150,71
1106,4,216,86
1106,5,200,32
1107,1,150,59
1107,2,398,99
1107,3,116,44
1107,4,419,50
1107,5,293,146
1108,1,477,120
1108,2,344,66
1108,3,228,39
1108,4,399,150
1108,5,54,80
1109,1,408,47
1109,2,54,71
1109,3,373,142
1109,4,455,30
1109,5,150,55
1110,1,352,131
1110,2,247,142
1110,3,339,64
1110,4,285,96
1110,5,430,42
1111,1,236,70
1111,2,480,109
1111,3,202,44
1111,4,406,42
1111,5,55,52
1112,1,334,48
1112,2,155,127
1112,3,498,34
1112,4,295,36
1112,5,341,108
1113,1,440,122
1113,2,283,149
1113,3,50,146
1113,4,329,100
1113,5,352,63
1114,1,399,126
1114,2,383,107
1114,3,306,66
1114,4,92,125
1114,5,400,71
1115,1,320,55
1115,2,494,116
1115,3,486,100
1115,4,390,126
1115,5,79,144
1116,1,450,137
1116,2,334,94
1116,3,217,120
1116,4,219,142
1116,5,105,32
1117,1,328,95
1117,2,343,82
1117,3,190,93
1117,4,392,49
1117,5,240,107
1118,1,71,47
1118,2,482,37
1118,3,495,76
1118,4,71,46
1118,5,481,68
1119,1,212,102
1119,2,135,66
1119,3,92,114
1119,4,205,130
1119,5,72,41
1120,1,293,122
1120,2,463,109
1120,3,70,108
1120,4,473,117
1120,5,127,98
1121,1,388,79
1121,2,373,101
1121,3,157,142
1121,4,116,67
1121,5,81,78
1122,1,483,74
1122,2,119,128
1122,3,456,81
1122,4,125,144
1122,5,77,95
1123,1,80,38
1123,2,190,115
1123,3,499,122
1123,4,474,98
1123,5,451,49
1124,1,205,140
1124,2,108,57
1124,3,258,101
1124,4,471,117
1124,5,276,81
1125,1,232,117
1125,2,301,110
1125,3,386,99
1125,4,200,86
1125,5,363,33
1126,1,269,59
1126,2,197,146
1126,3,123,40
1126,4,120,133
1126,5,410,122
1127,1,91,131
1127,2,62,133
1127,3,489,93
1127,4,347,33
1127,5,435,58
1128,1,244,150
1128,2,150,32
1128,3,178,67
1128,4,327,148
1128,5,347,125
1129,1,211,92
1129,2,390,55
1129,3,199,67
1129,4,337,139
1129,5,435,31
1130,1,391,51
1130,2,95,116
1130,3,257,46
1130,4,247,88
1130,5,487,139
1131,1,242,66
1131,2,434,112
1131,3,314,135
1131,4,230,142
1131,5,249,31
1132,1,312,68
1132,2,280,133
1132,3,83,87
1132,4,77,94
1132,5,140,45
1133,1,277,82
1133,2,360,95
1133,3,95,143
1133,4,318,117
1133,5,294,49
1134,1,418,37
1134,2,485,108
1134,3,394,144
1134,4,87,78
1134,5,477,137
1135,1,315,149
1135,2,132,141
1135,3,340,37
1135,4,348,68
1135,5,318,103
1136,1,459,99
1136,2,463,62
1136,3,145,79
1136,4,76,72
1136,5,234,78
1137,1,97,115
1137,2,252,88
1137,3,286,126
1137,4,57,146
1137,5,112,108
1138,1,283,59
1138,2,358,63
1138,3,105,60
1138,4,249,145
1138,5,147,51
1139,1,402,89
1139,2,224,41
1139,3,264,122
1139,4,122,125
1139,5,72,36
1140,1,52,67
1140,2,314,97
1140,3,280,94
1140,4,166,118
1140,5,291,33
1141,1,408,87
1141,2,87,91
1141,3,187,37
1141,4,458,68
1141,5,491,78
1142,1,199,40
1142,2,492,38
1142,3,252,124
1142,4,100,89
1142,5,192,108
1143,1,131,98
1143,2,322,133
1143,3,277,119
1143,4,331,63
1143,5,245,110
1144,1,252,109
1144,2,383,56
1144,3,434,143
1144,4,374,43
1144,5,472,137
1145,1,266,37
1145,2,288,141
1145,3,94,43
1145,4,100,104
1145,5,215,114
1146,1,297,118
1146,2,393,100
1146,3,240,51
1146,4,414,67
1146,5,253,95
1147,1,72,38
1147,2,186,56
1147,3,138,125
1147,4,91,51
1147,5,134,97
1148,1,295,119
1148,2,220,120
1148,3,189,127
1148,4,471,90
1148,5,130,74
1149,1,78,80
1149,2,205,96
1149,3,129,114
1149,4,332,76
1149,5,423,37
1150,1,177,143
1150,2,453,63
1150,3,374,112
1150,4,87,120
1150,5,379,121
1151,1,361,139
1151,2,178,38
1151,3,198,121
1151,4,138,44
1151,5,431,142
1152,1,99,42
1152,2,359,92
1152,3,288,106
1152,4,163,143
1152,5,179,67
1153,1,374,139
1153,2,317,69
1153,3,482,136
1153,4,202,55
1153,5,137,61
1154,1,299,33
1154,2,455,36
1154,3,418,127
1154,4,426,144
1154,5,337,52
1155,1,489,78
1155,2,340,82
1155,3,276,73
1155,4,110,121
1155,5,304,70
1156,1,165,110
1156,2,250,88
1156,3,434,72
1156,4,64,31
1156,5,303,54
1157,1,228,132
1157,2,493,74
1157,3,461,108
1157,4,403,124
1157,5,400,58
1158,1,191,75
1158,2,485,141
1158,3,483,60
1158,4,85,97
1158,5,485,109
1159,1,403,66
1159,2,398,149
1159,3,409,78
1159,4,493,113
1159,5,407,150
1160,1,314,53
1160,2,158,33
1160,3,458,148
1160,4,171,90
1160,5,188,50
1161,1,489,130
1161,2,391,38
1161,3,324,145
1161,4,454,81
1161,5,405,45
1162,1,76,116
1162,2,194,127
1162,3,439,86
1162,4,181,85
1162,5,354,139
1163,1,329,107
1163,2,98,105
1163,3,454,115
1163,4,406,104
1163,5,299,109
1164,1,303,106
1164,2,182,85
1164,3,124,100
1164,4,492,35
1164,5,248,62
1165,1,138,125
1165,2,366,146
1165,3,89,35
1165,4,142,47
1165,5,299,136
1166,1,253,102
1166,2,480,75
1166,3,314,43
1166,4,201,135
1166,5,438,100
1167,1,309,40
1167,2,94,82
1167,3,497,139
1167,4,199,46
1167,5,376,143
1168,1,396,61
1168,2,366,74
1168,3,198,82
1168,4,310,137
1168,5,52,87
1169,1,281,122
1169,2,76,38
1169,3,173,83
1169,4,352,32
1169,5,490,111
1170,1,296,140
1170,2,393,33
1170,3,284,56
1170,4,362,115
1170,5,312,99
1171,1,307,135
1171,2,371,31
1171,3,326,138
1171,4,180,41
1171,5,85,130
1172,1,458,56
1172,2,283,125
1172,3,498,141
1172,4,300,49
1172,5,65,87
1173,1,366,84
1173,2,300,63
1173,3,265,68
1173,4,306,42
1173,5,262,58
1174,1,240,107
1174,2,237,32
1174,3,326,73
1174,4,113,38
1174,5,296,38
1175,1,183,140
1175,2,245,138
1175,3,172,141
1175,4,328,70
1175,5,195,84
1176,1,219,77
1176,2,55,119
1176,3,484,104
1176,4,353,77
1176,5,331,114
1177,1,178,103
1177,2,385,98
1177,3,488,97
1177,4,392,139
1177,5,105,36
1178,1,431,50
1178,2,390,131
1178,3,355,37
1178,4,421,142
1178,5,132,122
1179,1,313,150
1179,2,349,116
1179,3,455,58
1179,4,377,66
1179,5,218,133
1180,1,80,100
1180,2,144,89
1180,3,382,94
1180,4,430,82
1180,5,262,40
1181,1,142,148
1181,2,411,43
1181,3,328,86
1181,4,425,112
1181,5,111,125
1182,1,462,116
1182,2,219,41
1182,3,296,46
1182,4,291,90
1182,5,60,32
1183,1,300,56
1183,2,88,122
1183,3,215,35
1183,4,480,97
1183,5,414,38
1184,1,296,94
1184,2,390,77
1184,3,68,96
1184,4,326,59
1184,5,140,148
1185,1,211,123
1185,2,487,82
1185,3,266,137
1185,4,141,104
1185,5,364,150
1186,1,426,86
1186,2,238,40
1186,3,390,87
1186,4,310,124
1186,5,94,99
1187,1,272,132
1187,2,292,102
1187,3,67,140
1187,4,283,105
1187,5,290,84
1188,1,476,71
1188,2,346,115
1188,3,86,62
1188,4,210,115
1188,5,375,107
1189,1,384,133
1189,2,250,40
1189,3,321,54
1189,4,162,86
1189,5,445,148
1190,1,134,58
1190,2,57,46
1190,3,399,62
1190,4,351,66
1190,5,265,104
1191,1,411,40
1191,2,396,63
1191,3,207,111
1191,4,69,111
1191,5,431,34
1192,1,340,113
1192,2,241,60
1192,3,256,64
1192,4,55,82
1192,5,424,33
1193,1,184,80
1193,2,402,138
1193,3,401,69
1193,4,237,97
1193,5,354,42
1194,1,499,134
1194,2,284,36
1194,3,213,118
1194,4,76,141
1194,5,59,68
1195,1,61,51
1195,2,277,74
1195,3,338,102
1195,4,106,80
1195,5,151,146
1196,1,67,49
1196,2,308,116
1196,3,479,138
1196,4,475,66
1196,5,458,131
1197,1,192,115
1197,2,419,104
1197,3,314,94
1197,4,460,46
1197,5,99,105
1198,1,158,77
1198,2,317,138
1198,3,215,137
1198,4,385,102
1198,5,403,48
1199,1,197,63
1199,2,483,121
1199,3,137,147
1199,4,112,114
1199,5,84,38
1200,1,380,32
1200,2,202,71
1200,3,150,70
1200,4,424,102
1200,5,479,40
1201,1,205,116
1201,2,110,47
1201,3,345,35
1201,4,343,46
1201,5,160,54
1202,1,179,47
1202,2,389,108
1202,3,170,32
1202,4,303,129
1202,5,261,92
1203,1,240,67
1203,2,437,136
1203,3,434,117
1203,4,151,47
1203,5,484,124
1204,1,153,107
1204,2,417,44
1204,3,306,88
1204,4,156,93
1204,5,485,34
1205,1,56,46
1205,2,169,122
1205,3,208,117
1205,4,56,86
1205,5,327,54
1206,1,148,139
1206,2,66,119
1206,3,205,112
1206,4,169,49
1206,5,235,110
1207,1,381,94
1207,2,236,48
1207,3,320,103
1207,4,388,50
1207,5,243,39
1208,1,88,39
1208,2,71,99
1208,3,286,79
1208,4,436,48
1208,5,393,76
1209,1,135,94
1209,2,161,76
1209,3,271,38
1209,4,252,124
1209,5,181,88
1210,1,303,107
1210,2,375,48
1210,3,455,42
1210,4,218,77
1210,5,116,33
1211,1,313,124
1211,2,93,135
1211,3,357,91
1211,4,240,125
1211,5,56,105
1212,1,58,79
1212,2,141,122
1212,3,304,42
1212,4,376,123
1212,5,62,119
1213,1,124,76
1213,2,450,58
1213,3,137,86
1213,4,202,44
1213,5,338,132
1214,1,341,135
1214,2,410,70
1214,3,276,61
1214,4,277,42
1214,5,450,93
1215,1,236,144
1215,2,479,115
1215,3,187,113
1215,4,71,44
1215,5,390,83
1216,1,472,47
1216,2,435,104
1216,3,132,45
1216,4,67,139
1216,5,469,109
1217,1,326,51
1217,2,57,135
1217,3,396,138
1217,4,366,44
1217,5,249,125
1218,1,451,125
1218,2,60,83
1218,3,425,76
1218,4,415,97
1218,5,210,131
1219,1,294,34
1219,2,53,132
1219,3,464,86
1219,4,227,62
1219,5,390,145
1220,1,225,86
1220,2,343,96
1220,3,436,100
1220,4,121,89
1220,5,267,80
1221,1,77,135
1221,2,164,34
1221,3,164,145
1221,4,378,141
1221,5,399,50
1222,1,436,129
1222,2,135,96
1222,3,370,87
1222,4,256,135
1222,5,264,118
1223,1,402,34
1223,2,152,139
1223,3,429,141
1223,4,365,36
1223,5,223,92
1224,1,273,86
1224,2,469,84
1224,3,173,147
1224,4,155,139
1224,5,431,53
1225,1,188,131
1225,2,481,40
1225,3,294,105
1225,4,136,51
1225,5,383,42
1226,1,468,37
1226,2,358,49
1226,3,313,87
1226,4,238,114
1226,5,358,111
1227,1,253,71
1227,2,92,86
1227,3,278,52
1227,4,377,50
1227,5,309,61
1228,1,155,54
1228,2,86,30
1228,3,420,42
1228,4,381,133
1228,5,413,126
1229,1,305,84
1229,2,79,148
1229,3,296,35
1229,4,476,56
1229,5,444,97
1230,1,233,133
1230,2,443,38
1230,3,387,65
1230,4,393,38
1230,5,316,53
1231,1,208,77
1231,2,446,118
1231,3,453,143
1231,4,230,132
1231,5,166,57
1232,1,138,144
1232,2,368,133
1232,3,254,32
1232,4,179,85
1232,5,418,61
1233,1,116,79
1233,2,130,116
1233,3,188,95
1233,4,393,81
1233,5,261,53
1234,1,370,114
1234,2,444,122
1234,3,379,68
1234,4,138,103
1234,5,78,62
1235,1,218,145
1235,2,93,45
1235,3,221,121
1235,4,308,35
1235,5,123,97
1236,1,358,71
1236,2,392,124
1236,3,98,53
1236,4,495,143
1236,5,196,117
1237,1,174,83
1237,2,208,39
1237,3,170,107
1237,4,451,89
1237,5,158,148
1238,1,339,121
1238,2,186,48
1238,3,215,134
1238,4,309,103
1238,5,391,137
1239,1,220,144
1239,2,124,84
1239,3,423,84
1239,4,218,117
1239,5,371,78
1240,1,264,122
1240,2,86,70
1240,3,263,42
1240,4,189,32
1240,5,212,120
1241,1,478,99
1241,2,343,74
1241,3,293,115
1241,4,127,41
1241,5,434,144
1242,1,316,111
1242,2,366,129
1242,3,232,88
1242,4,401,55
1242,5,225,104
1243,1,450,42
1243,2,65,81
1243,3,296,79
1243,4,127,105
1243,5,211,104
1244,1,290,142
1244,2,191,82
1244,3,215,74
1244,4,152,41
1244,5,62,94
1245,1,210,74
1245,2,466,98
1245,3,382,148
1245,4,131,99
1245,5,195,49
1246,1,210,43
1246,2,440,110
1246,3,180,39
1246,4,63,117
1246,5,342,107
1247,1,341,46
1247,2,306,87
1247,3,192,105
1247,4,244,104
1247,5,119,63
1248,1,432,148
1248,2,476,33
1248,3,140,149
1248,4,367,101
1248,5,53,32
1249,1,427,149
1249,2,494,30
1249,3,481,70
1249,4,203,35
1249,5,322,97
1250,1,320,73
1250,2,349,72
1250,3,357,150
1250,4,256,74
1250,5,428,71
1251,1,256,113
1251,2,194,118
1251,3,113,115
1251,4,104,37
1251,5,398,123
1252,1,216,145
1252,2,171,57
1252,3,54,85
1252,4,388,51
1252,5,220,150
1253,1,359,100
1253,2,354,49
1253,3,354,62
1253,4,337,144
1253,5,190,64
1254,1,417,84
1254,2,496,38
1254,3,187,47
1254,4,74,145
1254,5,398,65
1255,1,142,56
1255,2,120,31
1255,3,407,85
1255,4,364,114
1255,5,482,109
1256,1,125,130
1256,2,431,144
1256,3,430,96
1256,4,131,98
1256,5,214,67
1257,1,52,73
1257,2,209,58
1257,3,275,31
1257,4,77,95
1257,5,436,132
1258,1,99,125
1258,2,324,73
1258,3,274,107
1258,4,447,45
1258,5,111,61
1259,1,137,58
1259,2,268,72
1259,3,435,78
1259,4,336,63
1259,5,231,52
1260,1,410,63
1260,2,444,44
1260,3,231,114
1260,4,299,104
1260,5,420,114
1261,1,291,81
1261,2,352,135
1261,3,375,96
1261,4,368,112
1261,5,166,100
1262,1,261,127
1262,2,188,114
1262,3,454,41
1262,4,305,97
1262,5,456,86
1263,1,90,115
1263,2,68,71
1263,3,219,71
1263,4,286,139
1263,5,280,80
1264,1,344,124
1264,2,427,91
1264,3,361,76
1264,4,494,37
1264,5,319,51
1265,1,247,79
1265,2,261,146
1265,3,74,92
1265,4,345,116
1265,5,239,115
1266,1,355,113
1266,2,300,71
1266,3,358,140
1266,4,150,72
1266,5,158,83
1267,1,438,147
1267,2,262,38
1267,3,99,33
1267,4,82,133
1267,5,415,43
1268,1,178,75
1268,2,257,97
1268,3,88,117
1268,4,423,36
1268,5,247,136
1269,1,72,83
1269,2,365,131
1269,3,208,47
1269,4,286,125
1269,5,137,110
1270,1,202,43
1270,2,493,38
1270,3,69,87
1270,4,381,74
1270,5,57,39
1271,1,190,60
1271,2,467,64
1271,3,425,103
1271,4,67,103
1271,5,65,82
1272,1,265,131
1272,2,162,84
1272,3,343,97
1272,4,302,69
1272,5,164,82
1273,1,329,82
1273,2,334,139
1273,3,396,30
1273,4,406,64
1273,5,265,67
1274,1,192,63
1274,2,165,65
1274,3,486,109
1274,4,350,145
1274,5,345,64
1275,1,360,58
1275,2,361,55
1275,3,134,89
1275,4,489,108
1275,5,475,146
1276,1,101,34
1276,2,285,32
1276,3,83,61
1276,4,61,55
1276,5,414,90
1277,1,406,146
1277,2,88,140
1277,3,399,60
1277,4,394,34
1277,5,134,69
1278,1,118,65
1278,2,247,136
1278,3,307,45
1278,4,381,89
1278,5,475,116
1279,1,90,31
1279,2,309,51
1279,3,62,63
1279,4,56,48
1279,5,376,140
1280,1,341,106
1280,2,73,66
1280,3,495,132
1280,4,468,126
1280,5,127,48
1281,1,420,106
1281,2,198,104
1281,3,293,121
1281,4,456,41
1281,5,415,113
1282,1,436,107
1282,2,172,61
1282,3,476,30
1282,4,297,67
1282,5,170,140
1283,1,99,117
1283,2,327,102
1283,3,274,130
1283,4,332,105
1283,5,186,107
1284,1,121,144
1284,2,403,66
1284,3,489,48
1284,4,71,36
1284,5,153,147
1285,1,390,35
1285,2,197,91
1285,3,262,136
1285,4,395,122
1285,5,487,137
1286,1,489,140
1286,2,285,134
1286,3,183,124
1286,4,211,114
1286,5,238,83
1287,1,231,39
1287,2,223,60
1287,3,197,96
1287,4,142,91
1287,5,119,141
1288,1,64,124
1288,2,484,112
1288,3,438,49
1288,4,127,123
1288,5,363,79
1289,1,82,105
1289,2,222,118
1289,3,495,60
1289,4,430,141
1289,5,50,34
1290,1,331,107
1290,2,252,109
1290,3,332,124
1290,4,244,84
1290,5,220,95
1291,1,180,93
1291,2,143,68
1291,3,304,34
1291,4,142,73
1291,5,259,93
1292,1,138,38
1292,2,329,147
1292,3,245,112
1292,4,226,30
1292,5,303,97
1293,1,52,32
1293,2,306,142
1293,3,134,42
1293,4,160,38
1293,5,139,135
1294,1,232,113
1294,2,373,135
1294,3,460,81
1294,4,381,77
1294,5,225,128
1295,1,212,72
1295,2,422,131
1295,3,107,77
1295,4,445,32
1295,5,117,50
1296,1,226,90
1296,2,133,85
1296,3,405,121
1296,4,451,58
1296,5,427,117
1297,1,100,39
1297,2,92,35
1297,3,361,76
1297,4,465,114
1297,5,238,84
1298,1,447,143
1298,2,309,117
1298,3,53,119
1298,4,439,64
1298,5,292,125
1299,1,108,90
1299,2,479,111
1299,3,448,101
1299,4,445,47
1299,5,333,58
1300,1,335,40
1300,2,119,94
1300,3,158,74
1300,4,160,121
1300,5,255,74
1301,1,490,135
1301,2,351,94
1301,3,139,73
1301,4,78,100
1301,5,193,76
1302,1,397,53
1302,2,233,107
1302,3,337,104
1302,4,109,48
1302,5,445,111
1303,1,405,38
1303,2,350,94
1303,3,449,97
1303,4,369,72
1303,5,98,111
1304,1,412,33
1304,2,171,75
1304,3,98,33
1304,4,243,118
1304,5,131,87
1305,1,333,104
1305,2,104,116
1305,3,186,66
1305,4,118,102
1305,5,337,60
1306,1,250,97
1306,2,126,137
1306,3,191,114
1306,4,460,111
1306,5,304,74
1307,1,275,60
1307,2,462,120
1307,3,344,111
1307,4,446,59
1307,5,77,61
1308,1,222,113
1308,2,59,45
1308,3,451,123
1308,4,392,104
1308,5,75,34
1309,1,465,84
1309,2,391,91
1309,3,195,107
1309,4,86,141
1309,5,417,42
1310,1,138,90
1310,2,145,123
1310,3,151,80
1310,4,437,78
1310,5,350,67
1311,1,204,67
1311,2,462,54
1311,3,372,35
1311,4,120,72
1311,5,444,104
1312,1,180,64
1312,2,459,64
1312,3,266,104
1312,4,246,116
1312,5,324,81
1313,1,156,141
1313,2,126,87
1313,3,262,56
1313,4,186,53
1313,5,229,39
1314,1,316,67
1314,2,460,88
1314,3,146,61
1314,4,86,102
1314,5,466,72
1315,1,333,47
1315,2,456,130
1315,3,141,87
1315,4,275,80
1315,5,104,78
1316,1,369,150
1316,2,388,112
1316,3,325,46
1316,4,178,90
1316,5,489,145
1317,1,422,135
1317,2,338,115
1317,3,364,74
1317,4,90,136
1317,5,270,102
1318,1,108,118
1318,2,82,78
1318,3,283,93
1318,4,290,82
1318,5,287,110
1319,1,285,47
1319,2,394,42
1319,3,112,68
1319,4,392,46
1319,5,484,67
1320,1,124,111
1320,2,297,32
1320,3,465,81
1320,4,417,132
1320,5,462,54
1321,1,310,48
1321,2,336,62
1321,3,292,125
1321,4,361,119
1321,5,193,136
1322,1,491,31
1322,2,159,81
1322,3,169,115
1322,4,201,140
1322,5,317,136
1323,1,246,56
1323,2,394,52
1323,3,354,100
1323,4,174,37
1323,5,320,133
1324,1,186,46
1324,2,375,98
1324,3,229,97
1324,4,209,115
1324,5,332,48
1325,1,207,61
1325,2,235,103
1325,3,413,122
1325,4,95,135
1325,5,80,41
1326,1,481,142
1326,2,485,68
1326,3,263,144
1326,4,127,52
1326,5,486,118
1327,1,431,107
1327,2,227,59
1327,3,412,86
1327,4,215,83
1327,5,418,90
1328,1,438,40
1328,2,365,77
1328,3,490,124
1328,4,412,123
1328,5,129,127
1329,1,98,147
1329,2,362,109
1329,3,306,85
1329,4,415,97
1329,5,186,115
1330,1,104,84
1330,2,440,68
1330,3,113,83
1330,4,216,59
1330,5,178,81
1331,1,135,129
1331,2,331,94
1331,3,102,39
1331,4,59,132
1331,5,59,69
1332,1,428,123
1332,2,97,73
1332,3,199,107
1332,4,495,88
1332,5,291,64
1333,1,447,129
1333,2,182,98
1333,3,334,88
1333,4,185,141
1333,5,447,95
1334,1,348,43
1334,2,65,41
1334,3,471,32
1334,4,67,129
1334,5,249,100
1335,1,285,119
1335,2,157,31
1335,3,396,115
1335,4,324,39
1335,5,260,90
1336,1,322,59
1336,2,76,68
1336,3,129,83
1336,4,462,47
1336,5,191,42
1337,1,202,48
1337,2,80,107
1337,3,169,81
1337,4,154,102
1337,5,323,59
1338,1,115,124
1338,2,174,37
1338,3,264,40
1338,4,118,119
1338,5,323,65
1339,1,444,120
1339,2,406,108
1339,3,180,90
1339,4,153,48
1339,5,176,137
1340,1,206,118
1340,2,409,122
1340,3,302,96
1340,4,281,132
1340,5,476,117
1341,1,202,76
1341,2,409,64
1341,3,252,119
1341,4,469,74
1341,5,277,60
1342,1,178,103
1342,2,63,82
1342,3,309,33
1342,4,465,48
1342,5,307,145
1343,1,103,124
1343,2,290,101
1343,3,122,126
1343,4,163,47
1343,5,487,62
1344,1,188,99
1344,2,211,42
1344,3,299,98
1344,4,409,141
1344,5,291,104
1345,1,58,103
1345,2,264,140
1345,3,312,80
1345,4,467,40
1345,5,460,105
1346,1,77,135
1346,2,79,35
1346,3,163,70
1346,4,362,34
1346,5,300,102
1347,1,316,88
1347,2,124,101
1347,3,310,87
1347,4,485,121
1347,5,422,34
1348,1,460,67
1348,2,436,147
1348,3,385,52
1348,4,101,32
1348,5,357,32
1349,1,361,109
1349,2,207,66
1349,3,123,30
1349,4,337,49
1349,5,454,63
1350,1,330,84
1350,2,217,80
1350,3,55,73
1350,4,159,59
1350,5,266,125
1351,1,385,40
1351,2,446,121
1351,3,253,104
1351,4,477,94
1351,5,143,39
1352,1,339,119
1352,2,54,43
1352,3,145,32
1352,4,135,41
1352,5,236,70
1353,1,338,43
1353,2,443,86
1353,3,422,83
1353,4,491,93
1353,5,186,109
1354,1,473,36
1354,2,433,114
1354,3,224,71
1354,4,444,135
1354,5,207,50
1355,1,305,54
1355,2,287,114
1355,3,350,86
1355,4,359,57
1355,5,279,52
1356,1,54,74
1356,2,137,43
1356,3,63,110
1356,4,400,33
1356,5,60,131
1357,1,440,116
1357,2,334,138
1357,3,392,50
1357,4,360,84
1357,5,340,105
1358,1,425,140
1358,2,198,110
1358,3,205,67
1358,4,184,40
1358,5,291,34
1359,1,168,82
1359,2,430,52
1359,3,310,48
1359,4,429,81
1359,5,316,31
1360,1,97,68
1360,2,293,65
1360,3,269,71
1360,4,150,31
1360,5,90,124
1361,1,478,89
1361,2,174,46
1361,3,488,44
1361,4,107,108
1361,5,422,109
1362,1,489,61
1362,2,130,62
1362,3,321,123
1362,4,263,105
1362,5,427,99
1363,1,267,71
1363,2,251,82
1363,3,173,52
1363,4,99,130
1363,5,424,45
1364,1,58,102
1364,2,373,75
1364,3,101,145
1364,4,432,105
1364,5,342,78
1365,1,137,126
1365,2,53,65
1365,3,55,58
1365,4,215,80
1365,5,365,65
1366,1,103,141
1366,2,350,48
1366,3,413,103
1366,4,417,142
1366,5,280,69
1367,1,465,109
1367,2,302,138
1367,3,163,39
1367,4,135,72
1367,5,122,79
1368,1,184,99
1368,2,327,101
1368,3,417,117
1368,4,311,111
1368,5,486,110
1369,1,326,87
1369,2,308,131
1369,3,400,37
1369,4,210,101
1369,5,341,58
1370,1,357,75
1370,2,458,85
1370,3,500,72
1370,4,111,130
1370,5,74,87
1371,1,362,60
1371,2,120,135
1371,3,312,62
1371,4,172,77
1371,5,210,47
1372,1,485,102
1372,2,346,123
1372,3,472,37
1372,4,321,40
1372,5,121,75
1373,1,251,52
1373,2,236,85
1373,3,498,58
1373,4,72,138
1373,5,59,70
1374,1,370,149
1374,2,296,106
1374,3,199,87
1374,4,420,84
1374,5,299,101
1375,1,59,133
1375,2,333,148
1375,3,359,149
1375,4,164,82
1375,5,84,53
1376,1,373,83
1376,2,494,53
1376,3,231,81
1376,4,315,146
1376,5,295,64
1377,1,318,106
1377,2,497,68
1377,3,484,118
1377,4,201,79
1377,5,238,58
1378,1,94,86
1378,2,212,40
1378,3,389,90
1378,4,417,132
1378,5,465,88
1379,1,69,90
1379,2,424,116
1379,3,320,136
1379,4,169,81
1379,5,224,43
1380,1,133,108
1380,2,409,124
1380,3,152,123
1380,4,482,149
1380,5,409,72
1381,1,69,65
1381,2,118,148
1381,3,229,48
1381,4,484,63
1381,5,194,130
1382,1,140,64
1382,2,382,123
1382,3,163,33
1382,4,313,105
1382,5,490,135
1383,1,466,37
1383,2,212,150
1383,3,303,147
1383,4,63,85
1383,5,131,92
1384,1,276,109
1384,2,260,140
1384,3,398,144
1384,4,229,127
1384,5,367,135
1385,1,271,31
1385,2,273,77
1385,3,83,60
1385,4,160,100
1385,5,222,129
1386,1,435,137
1386,2,397,38
1386,3,407,115
1386,4,380,141
1386,5,407,57
1387,1,333,149
1387,2,380,42
1387,3,220,40
1387,4,384,42
1387,5,389,85
1388,1,340,107
1388,2,337,116
1388,3,399,145
1388,4,298,131
1388,5,486,100
1389,1,154,98
1389,2,406,111
1389,3,189,73
1389,4,140,124
1389,5,448,83
1390,1,454,116
1390,2,396,56
1390,3,116,121
1390,4,421,149
1390,5,214,74
1391,1,461,32
1391,2,351,67
1391,3,306,60
1391,4,472,76
1391,5,435,102
1392,1,346,110
1392,2,449,90
1392,3,278,76
1392,4,188,95
1392,5,202,88
1393,1,217,42
1393,2,180,51
1393,3,345,99
1393,4,174,31
1393,5,436,75
1394,1,352,78
1394,2,364,36
1394,3,77,116
1394,4,439,117
1394,5,157,127
1395,1,336,120
1395,2,138,76
1395,3,168,97
1395,4,243,93
1395,5,237,35
1396,1,496,117
1396,2,65,114
1396,3,248,68
1396,4,463,124
1396,5,429,93
1397,1,99,70
1397,2,266,42
1397,3,140,52
1397,4,360,86
1397,5,199,49
1398,1,393,133
1398,2,341,132
1398,3,239,31
1398,4,454,34
1398,5,200,110
1399,1,472,93
1399,2,113,77
1399,3,86,103
1399,4,154,140
1399,5,382,49
1400,1,222,41
1400,2,246,128
1400,3,475,145
1400,4,302,88
1400,5,160,76
1401,1,430,140
1401,2,356,119
1401,3,241,84
1401,4,468,147
1401,5,289,82
1402,1,323,129
1402,2,434,103
1402,3,223,106
1402,4,407,34
1402,5,179,48
1403,1,115,39
1403,2,196,144
1403,3,322,75
1403,4,283,52
1403,5,469,35
1404,1,84,78
1404,2,157,81
1404,3,103,97
1404,4,471,81
1404,5,108,84
1405,1,330,133
1405,2,144,38
1405,3,375,103
1405,4,220,139
1405,5,113,115
1406,1,427,84
1406,2,469,128
1406,3,437,76
1406,4,460,146
1406,5,411,73
1407,1,306,75
1407,2,461,138
1407,3,183,68
1407,4,242,144
1407,5,285,134
1408,1,273,73
1408,2,104,68
1408,3,138,99
1408,4,165,82
1408,5,287,92
1409,1,406,80
1409,2,378,127
1409,3,353,63
1409,4,285,31
1409,5,153,85
1410,1,240,75
1410,2,408,135
1410,3,368,38
1410,4,419,38
1410,5,115,68
1411,1,302,65
1411,2,400,59
1411,3,383,105
1411,4,398,148
1411,5,379,48
1412,1,211,140
1412,2,282,39
1412,3,370,85
1412,4,482,82
1412,5,438,57
1413,1,140,39
1413,2,490,119
1413,3,357,119
1413,4,231,72
1413,5,433,45
1414,1,65,127
1414,2,435,83
1414,3,128,134
1414,4,292,107
1414,5,269,137
1415,1,184,63
1415,2,256,55
1415,3,440,107
1415,4,479,61
1415,5,471,81
1416,1,325,63
1416,2,374,92
1416,3,226,136
1416,4,146,124
1416,5,306,55
1417,1,271,62
1417,2,290,117
1417,3,359,75
1417,4,262,99
1417,5,481,148
1418,1,302,128
1418,2,235,77
1418,3,485,112
1418,4,376,119
1418,5,59,133
1419,1,482,121
1419,2,486,100
1419,3,324,105
1419,4,343,71
1419,5,306,52
1420,1,401,100
1420,2,145,147
1420,3,216,72
1420,4,176,52
1420,5,215,46
1421,1,62,136
1421,2,308,116
1421,3,271,55
1421,4,285,124
1421,5,353,82
1422,1,91,39
1422,2,182,132
1422,3,208,131
1422,4,349,100
1422,5,182,40
1423,1,53,129
1423,2,356,86
1423,3,89,75
1423,4,210,68
1423,5,310,90
1424,1,498,117
1424,2,271,68
1424,3,198,67
1424,4,473,42
1424,5,325,95
1425,1,469,138
1425,2,467,87
1425,3,124,57
1425,4,375,149
1425,5,376,67
1426,1,70,99
1426,2,71,42
1426,3,143,131
1426,4,366,130
1426,5,211,108
1427,1,132,118
1427,2,216,108
1427,3,458,39
1427,4,282,45
1427,5,166,58
1428,1,490,95
1428,2,426,36
1428,3,288,89
1428,4,112,66
1428,5,269,125
1429,1,427,145
1429,2,252,143
1429,3,220,85
1429,4,89,140
1429,5,95,34
1430,1,294,89
1430,2,72,142
1430,3,327,71
1430,4,371,138
1430,5,447,67
1431,1,468,134
1431,2,364,131
1431,3,73,79
1431,4,105,137
1431,5,60,32
1432,1,431,63
1432,2,486,144
1432,3,362,73
1432,4,459,101
1432,5,355,44
1433,1,138,89
1433,2,102,90
1433,3,170,84
1433,4,180,114
1433,5,368,44
1434,1,184,45
1434,2,221,39
1434,3,458,112
1434,4,131,39
1434,5,164,117
1435,1,394,128
1435,2,190,132
1435,3,473,130
1435,4,460,65
1435,5,93,31
1436,1,153,106
1436,2,440,77
1436,3,454,76
1436,4,382,133
1436,5,477,43
1437,1,490,107
1437,2,80,115
1437,3,238,53
1437,4,415,63
1437,5,119,57
1438,1,463,75
1438,2,162,139
1438,3,267,55
1438,4,460,94
1438,5,489,35
1439,1,393,105
1439,2,223,78
1439,3,94,98
1439,4,262,55
1439,5,104,126
1440,1,353,91
1440,2,146,59
1440,3,457,113
1440,4,110,96
1440,5,145,86
1441,1,309,90
1441,2,138,61
1441,3,243,117
1441,4,397,59
1441,5,401,71
1442,1,455,98
1442,2,327,133
1442,3,130,131
1442,4,193,93
1442,5,361,71
1443,1,436,93
1443,2,53,132
1443,3,370,128
1443,4,280,99
1443,5,214,58
1444,1,317,122
1444,2,122,52
1444,3,250,52
1444,4,433,34
1444,5,62,42
1445,1,196,69
1445,2,246,141
1445,3,254,99
1445,4,208,146
1445,5,269,120
1446,1,455,127
1446,2,382,136
1446,3,499,130
1446,4,181,94
1446,5,303,83
1447,1,274,34
1447,2,132,127
1447,3,463,67
1447,4,273,116
1447,5,385,105
1448,1,458,58
1448,2,323,134
1448,3,202,33
1448,4,434,125
1448,5,75,92
1449,1,61,144
1449,2,492,122
1449,3,174,117
1449,4,310,131
1449,5,55,98
1450,1,164,96
1450,2,303,37
1450,3,242,55
1450,4,248,59
1450,5,189,83
1451,1,464,131
1451,2,379,47
1451,3,329,41
1451,4,494,108
1451,5,326,62
1452,1,150,71
1452,2,174,51
1452,3,308,45
1452,4,176,95
1452,5,440,45
1453,1,390,77
1453,2,455,124
1453,3,133,93
1453,4,352,75
1453,5,263,129
1454,1,58,67
1454,2,189,129
1454,3,182,92
1454,4,387,51
1454,5,216,109
1455,1,377,102
1455,2,487,87
1455,3,326,125
1455,4,316,39
1455,5,367,41
1456,1,217,105
1456,2,477,68
1456,3,114,143
1456,4,341,39
1456,5,250,142
1457,1,440,90
1457,2,334,98
1457,3,372,92
1457,4,143,97
1457,5,91,146
1458,1,332,95
1458,2,72,113
1458,3,385,82
1458,4,347,147
1458,5,98,57
1459,1,52,75
1459,2,244,147
1459,3,480,109
1459,4,64,42
1459,5,156,118
1460,1,50,61
1460,2,78,142
1460,3,499,127
1460,4,101,44
1460,5,214,33
1461,1,229,131
1461,2,286,90
1461,3,447,145
1461,4,402,51
1461,5,224,98
1462,1,309,38
1462,2,395,117
1462,3,67,75
1462,4,144,60
1462,5,175,56
1463,1,168,117
1463,2,156,148
1463,3,488,32
1463,4,98,58
1463,5,397,84
1464,1,427,47
1464,2,396,80
1464,3,439,150
1464,4,391,59
1464,5,53,86
1465,1,459,31
1465,2,317,145
1465,3,145,44
1465,4,307,110
1465,5,257,139
1466,1,72,93
1466,2,377,93
1466,3,463,118
1466,4,311,127
1466,5,413,72
1467,1,208,45
1467,2,437,81
1467,3,425,107
1467,4,445,132
1467,5,105,109
1468,1,348,99
1468,2,196,111
1468,3,323,119
1468,4,454,37
1468,5,328,30
1469,1,207,34
1469,2,236,94
1469,3,325,98
1469,4,500,49
1469,5,210,38
1470,1,172,99
1470,2,276,146
1470,3,193,66
1470,4,324,39
1470,5,218,70
1471,1,483,38
1471,2,214,143
1471,3,182,150
1471,4,80,120
1471,5,150,67
1472,1,432,81
1472,2,63,41
1472,3,186,110
1472,4,126,149
1472,5,328,36
1473,1,204,149
1473,2,239,115
1473,3,139,43
1473,4,232,107
1473,5,354,62
1474,1,294,96
1474,2,59,68
1474,3,468,137
1474,4,461,100
1474,5,397,111
1475,1,317,55
1475,2,435,76
1475,3,439,68
1475,4,218,129
1475,5,94,56
1476,1,349,110
1476,2,270,66
1476,3,366,144
1476,4,246,128
1476,5,434,118
1477,1,277,86
1477,2,396,113
1477,3,219,38
1477,4,357,67
1477,5,127,129
1478,1,252,40
1478,2,393,87
1478,3,397,119
1478,4,425,117
1478,5,439,71
1479,1,372,47
1479,2,144,72
1479,3,474,125
1479,4,363,35
1479,5,166,61
1480,1,316,90
1480,2,93,32
1480,3,420,85
1480,4,423,128
1480,5,205,149
1481,1,356,100
1481,2,421,129
1481,3,382,48
1481,4,99,149
1481,5,261,48
1482,1,265,146
1482,2,358,64
1482,3,161,111
1482,4,429,54
1482,5,219,149
1483,1,489,130
1483,2,458,142
1483,3,71,141
1483,4,364,62
1483,5,86,144
1484,1,292,137
1484,2,469,90
1484,3,486,82
1484,4,348,135
1484,5,50,52
1485,1,366,60
1485,2,102,125
1485,3,167,121
1485,4,213,71
1485,5,331,142
1486,1,145,114
1486,2,55,108
1486,3,493,150
1486,4,404,139
1486,5,332,144
1487,1,223,85
1487,2,373,113
1487,3,85,92
1487,4,123,149
1487,5,456,139
1488,1,322,42
1488,2,295,32
1488,3,224,117
1488,4,338,139
1488,5,316,30
1489,1,71,110
1489,2,477,46
1489,3,107,78
1489,4,401,77
1489,5,495,72
1490,1,289,149
1490,2,63,73
1490,3,445,52
1490,4,374,89
1490,5,280,113
1491,1,314,40
1491,2,427,87
1491,3,71,95
1491,4,485,74
1491,5,363,100
1492,1,448,128
1492,2,472,148
1492,3,407,34
1492,4,477,136
1492,5,240,87
1493,1,201,149
1493,2,464,43
1493,3,357,36
1493,4,313,54
1493,5,306,86
1494,1,446,55
1494,2,66,36
1494,3,235,84
1494,4,139,101
1494,5,68,48
1495,1,302,114
1495,2,288,123
1495,3,126,41
1495,4,233,67
1495,5,174,113
1496,1,117,50
1496,2,456,91
1496,3,400,81
1496,4,184,119
1496,5,483,114
1497,1,186,39
1497,2,320,114
1497,3,127,130
1497,4,384,82
1497,5,485,78
1498,1,469,106
1498,2,311,30
1498,3,167,129
1498,4,267,97
1498,5,393,40
1499,1,272,49
1499,2,125,36
1499,3,178,109
1499,4,319,96
1499,5,497,124
1500,1,232,132
1500,2,294,108
1500,3,474,78
1500,4,266,105
1500,5,117,41
1501,1,446,97
1501,2,194,45
1501,3,435,132
1501,4,175,86
1501,5,233,65
1502,1,491,114
1502,2,79,76
1502,3,61,77
1502,4,271,138
1502,5,145,70
1503,1,91,127
1503,2,369,47
1503,3,399,96
1503,4,434,75
1503,5,361,51
1504,1,455,101
1504,2,392,122
1504,3,54,122
1504,4,446,36
1504,5,481,38
1505,1,315,97
1505,2,217,124
1505,3,224,41
1505,4,325,119
1505,5,146,143
1506,1,298,44
1506,2,488,87
1506,3,295,46
1506,4,378,64
1506,5,116,37
1507,1,424,119
1507,2,284,140
1507,3,158,76
1507,4,63,32
1507,5,135,108
1508,1,50,110
1508,2,243,91
1508,3,196,66
1508,4,380,122
1508,5,326,44
1509,1,399,63
1509,2,391,143
1509,3,313,124
1509,4,307,43
1509,5,269,70
1510,1,167,135
1510,2,116,105
1510,3,357,45
1510,4,80,91
1510,5,56,37
1511,1,458,112
1511,2,128,144
1511,3,440,112
1511,4,57,48
1511,5,386,128
1512,1,190,63
1512,2,81,101
1512,3,138,39
1512,4,321,117
1512,5,337,125
1513,1,315,91
1513,2,442,111
1513,3,418,123
1513,4,71,135
1513,5,134,123
1514,1,145,105
1514,2,118,125
1514,3,260,86
1514,4,67,107
1514,5,130,93
1515,1,305,48
1515,2,339,60
1515,3,247,70
1515,4,217,77
1515,5,247,45
1516,1,205,123
1516,2,351,133
1516,3,414,102
1516,4,61,34
1516,5,305,42
1517,1,380,130
1517,2,257,104
1517,3,253,83
1517,4,365,76
1517,5,276,118
1518,1,390,127
1518,2,386,34
1518,3,274,71
1518,4,79,61
1518,5,439,41
1519,1,278,50
1519,2,451,66
1519,3,381,40
1519,4,204,85
1519,5,208,96
1520,1,409,120
1520,2,92,57
1520,3,391,80
1520,4,454,75
1520,5,121,122
1521,1,238,137
1521,2,115,81
1521,3,359,127
1521,4,281,121
1521,5,252,96
1522,1,377,118
1522,2,249,48
1522,3,193,74
1522,4,444,121
1522,5,380,33
1523,1,315,53
1523,2,309,141
1523,3,463,120
1523,4,495,136
1523,5,136,125
1524,1,162,102
1524,2,476,145
1524,3,384,69
1524,4,286,65
1524,5,286,68
1525,1,440,42
1525,2,185,36
1525,3,124,75
1525,4,111,92
1525,5,174,143
1526,1,405,101
1526,2,204,50
1526,3,111,94
1526,4,349,45
1526,5,371,111
1527,1,168,74
1527,2,341,100
1527,3,357,137
1527,4,290,146
1527,5,394,117
1528,1,131,80
1528,2,335,94
1528,3,282,98
1528,4,304,107
1528,5,409,46
1529,1,128,135
1529,2,220,32
1529,3,66,137
1529,4,149,45
1529,5,138,113
1530,1,438,102
1530,2,484,129
1530,3,63,144
1530,4,364,120
1530,5,75,100
1531,1,378,119
1531,2,498,80
1531,3,200,50
1531,4,420,129
1531,5,473,112
1532,1,497,90
1532,2,449,31
1532,3,206,148
1532,4,94,131
1532,5,402,104
1533,1,206,37
1533,2,442,98
1533,3,257,42
1533,4,420,68
1533,5,465,131
1534,1,364,103
1534,2,262,92
1534,3,496,137
1534,4,266,112
1534,5,286,57
1535,1,381,105
1535,2,484,150
1535,3,150,110
1535,4,164,113
1535,5,481,125
1536,1,125,69
1536,2,263,38
1536,3,251,131
1536,4,259,83
1536,5,132,51
1537,1,346,90
1537,2,347,120
1537,3,250,144
1537,4,156,33
1537,5,190,55
1538,1,50,142
1538,2,441,63
1538,3,264,134
1538,4,398,136
1538,5,335,47
1539,1,137,150
1539,2,106,120
1539,3,190,113
1539,4,290,57
1539,5,273,69
1540,1,315,126
1540,2,141,102
1540,3,482,47
1540,4,492,149
1540,5,166,98
1541,1,357,101
1541,2,272,126
1541,3,406,51
1541,4,425,62
1541,5,82,94
1542,1,213,137
1542,2,398,128
1542,3,64,118
1542,4,121,109
1542,5,244,68
1543,1,500,133
1543,2,477,56
1543,3,336,83
1543,4,500,48
1543,5,220,143
1544,1,314,137
1544,2,335,109
1544,3,125,83
1544,4,210,57
1544,5,388,64
1545,1,235,33
1545,2,453,139
1545,3,332,35
1545,4,264,146
1545,5,134,75
1546,1,452,102
1546,2,83,32
1546,3,434,137
1546,4,83,127
1546,5,115,92
1547,1,215,31
1547,2,112,137
1547,3,399,34
1547,4,465,145
1547,5,153,133
1548,1,374,149
1548,2,440,48
1548,3,165,88
1548,4,445,33
1548,5,283,101
1549,1,105,135
1549,2,185,93
1549,3,68,81
1549,4,152,132
1549,5,414,99
1550,1,162,142
1550,2,190,137
1550,3,443,64
1550,4,294,141
1550,5,395,95
1551,1,298,60
1551,2,69,115
1551,3,65,48
1551,4,217,148
1551,5,244,77
1552,1,157,64
1552,2,322,46
1552,3,204,128
1552,4,196,45
1552,5,319,148
1553,1,237,74
1553,2,308,49
1553,3,217,130
1553,4,67,40
1553,5,170,131
1554,1,176,150
1554,2,425,143
1554,3,306,42
1554,4,57,127
1554,5,81,94
1555,1,367,64
1555,2,288,148
1555,3,498,50
1555,4,327,61
1555,5,51,145
1556,1,115,31
1556,2,149,82
1556,3,224,30
1556,4,480,61
1556,5,350,114
1557,1,77,99
1557,2,454,59
1557,3,290,68
1557,4,248,126
1557,5,52,101
1558,1,496,124
1558,2,73,141
1558,3,258,140
1558,4,111,121
1558,5,460,107
1559,1,147,129
1559,2,296,35
1559,3,410,74
1559,4,286,137
1559,5,329,104
1560,1,340,102
1560,2,316,76
1560,3,406,134
1560,4,62,51
1560,5,262,106
1561,1,355,116
1561,2,472,133
1561,3,99,76
1561,4,389,31
1561,5,221,59
1562,1,193,66
1562,2,355,59
1562,3,385,38
1562,4,86,38
1562,5,152,120
1563,1,89,120
1563,2,272,50
1563,3,366,115
1563,4,259,146
1563,5,187,37
1564,1,73,78
1564,2,222,132
1564,3,212,38
1564,4,413,145
1564,5,218,70
1565,1,292,115
1565,2,315,102
1565,3,127,93
1565,4,50,31
1565,5,56,150
1566,1,337,79
1566,2,488,40
1566,3,419,145
1566,4,113,141
1566,5,448,32
1567,1,353,79
1567,2,307,127
1567,3,273,73
1567,4,263,50
1567,5,412,59
1568,1,415,97
1568,2,410,146
1568,3,449,37
1568,4,124,90
1568,5,113,56
1569,1,257,102
1569,2,465,148
1569,3,201,146
1569,4,306,34
1569,5,251,118
1570,1,110,108
1570,2,230,42
1570,3,264,104
1570,4,300,142
1570,5,423,75
1571,1,217,134
1571,2,264,108
1571,3,274,131
1571,4,75,50
1571,5,96,133
1572,1,246,60
1572,2,181,105
1572,3,369,69
1572,4,157,87
1572,5,380,61
1573,1,487,118
1573,2,244,47
1573,3,367,117
1573,4,115,100
1573,5,140,74
1574,1,236,62
1574,2,93,56
1574,3,363,136
1574,4,284,94
1574,5,272,134
1575,1,391,61
1575,2,248,115
1575,3,339,86
1575,4,485,132
1575,5,134,104
1576,1,257,108
1576,2,130,121
1576,3,208,140
1576,4,485,44
1576,5,411,107
1577,1,289,140
1577,2,392,106
1577,3,75,123
1577,4,96,37
1577,5,223,128
1578,1,85,65
1578,2,219,81
1578,3,90,123
1578,4,380,127
1578,5,257,40
1579,1,111,61
1579,2,62,109
1579,3,277,134
1579,4,430,59
1579,5,267,61
1580,1,53,45
1580,2,208,150
1580,3,314,46
1580,4,248,140
1580,5,418,145
1581,1,291,65
1581,2,325,65
1581,3,57,50
1581,4,393,37
1581,5,312,62
1582,1,165,92
1582,2,54,52
1582,3,403,105
1582,4,52,64
1582,5,478,54
1583,1,246,54
1583,2,431,108
1583,3,447,103
1583,4,408,60
1583,5,118,62
1584,1,178,101
1584,2,70,150
1584,3,109,77
1584,4,445,42
1584,5,425,62
1585,1,215,64
1585,2,110,118
1585,3,170,66
1585,4,207,125
1585,5,243,113
1586,1,304,81
1586,2,147,120
1586,3,305,42
1586,4,279,91
1586,5,378,132
1587,1,328,33
1587,2,230,43
1587,3,313,76
1587,4,436,69
1587,5,431,67
1588,1,399,121
1588,2,61,80
1588,3,154,111
1588,4,255,35
1588,5,196,54
1589,1,216,115
1589,2,118,44
1589,3,310,129
1589,4,412,73
1589,5,271,69
1590,1,315,86
1590,2,274,121
1590,3,219,134
1590,4,462,91
1590,5,162,141
1591,1,204,92
1591,2,491,86
1591,3,177,111
1591,4,206,100
1591,5,483,46
1592,1,145,86
1592,2,209,138
1592,3,463,67
1592,4,494,134
1592,5,476,133
1593,1,177,43
1593,2,445,46
1593,3,428,46
1593,4,85,116
1593,5,348,45
1594,1,393,94
1594,2,159,111
1594,3,80,42
1594,4,425,43
1594,5,75,76
1595,1,362,131
1595,2,89,143
1595,3,57,106
1595,4,472,87
1595,5,58,143
1596,1,320,83
1596,2,458,54
1596,3,202,73
1596,4,130,91
1596,5,337,117
1597,1,307,35
1597,2,187,129
1597,3,231,137
1597,4,243,142
1597,5,389,72
1598,1,401,91
1598,2,213,82
1598,3,398,119
1598,4,368,50
1598,5,323,77
1599,1,70,96
1599,2,132,138
1599,3,200,139
1599,4,303,97
1599,5,414,84
1600,1,127,32
1600,2,233,108
1600,3,307,37
1600,4,77,58
1600,5,302,97
1601,1,430,140
1601,2,353,71
1601,3,328,144
1601,4,118,126
1601,5,282,54
1602,1,128,95
1602,2,142,90
1602,3,479,102
1602,4,64,79
1602,5,181,111
1603,1,254,83
1603,2,462,125
1603,3,323,64
1603,4,151,120
1603,5,341,39
1604,1,125,134
1604,2,353,150
1604,3,187,100
1604,4,352,65
1604,5,99,44
1605,1,418,39
1605,2,201,76
1605,3,209,32
1605,4,399,116
1605,5,305,140
1606,1,168,79
1606,2,440,119
1606,3,193,37
1606,4,339,63
1606,5,252,76
1607,1,144,130
1607,2,376,62
1607,3,273,139
1607,4,160,113
1607,5,313,147
1608,1,119,126
1608,2,202,106
1608,3,350,62
1608,4,412,117
1608,5,97,148
1609,1,105,62
1609,2,279,92
1609,3,239,84
1609,4,115,73
1609,5,428,145
1610,1,102,97
1610,2,54,52
1610,3,340,130
1610,4,234,41
1610,5,183,37
1611,1,143,49
1611,2,156,147
1611,3,110,57
1611,4,386,30
1611,5,228,128
1612,1,168,140
1612,2,499,55
1612,3,213,80
1612,4,354,62
1612,5,473,61
1613,1,456,127
1613,2,194,52
1613,3,389,136
1613,4,311,147
1613,5,398,148
1614,1,473,34
1614,2,318,42
1614,3,82,119
1614,4,445,84
1614,5,457,52
1615,1,331,81
1615,2,399,109
1615,3,149,128
1615,4,292,89
1615,5,385,135
1616,1,266,54
1616,2,189,47
1616,3,137,145
1616,4,317,89
1616,5,117,30
1617,1,81,114
1617,2,163,144
1617,3,286,147
1617,4,201,123
1617,5,282,43
1618,1,415,44
1618,2,235,124
1618,3,477,134
1618,4,126,84
1618,5,393,127
1619,1,392,55
1619,2,356,130
1619,3,141,75
1619,4,118,120
1619,5,407,42
1620,1,64,98
1620,2,313,135
1620,3,121,150
1620,4,164,136
1620,5,201,114
1621,1,394,53
1621,2,322,93
1621,3,306,45
1621,4,162,34
1621,5,111,148
1622,1,479,147
1622,2,79,49
1622,3,175,92
1622,4,331,129
1622,5,321,92
1623,1,473,134
1623,2,151,50
1623,3,283,77
1623,4,385,79
1623,5,333,32
1624,1,302,85
1624,2,115,45
1624,3,364,146
1624,4,58,146
1624,5,115,44
1625,1,305,58
1625,2,423,103
1625,3,197,87
1625,4,422,83
1625,5,128,112
1626,1,417,130
1626,2,252,31
1626,3,51,63
1626,4,435,35
1626,5,493,137
1627,1,89,138
1627,2,144,107
1627,3,374,89
1627,4,147,104
1627,5,478,116
1628,1,497,53
1628,2,100,102
1628,3,92,87
1628,4,426,36
1628,5,310,109
1629,1,317,94
1629,2,262,119
1629,3,224,123
1629,4,151,117
1629,5,397,39
1630,1,325,135
1630,2,256,108
1630,3,495,100
1630,4,312,121
1630,5,328,46
1631,1,198,98
1631,2,67,93
1631,3,224,120
1631,4,390,38
1631,5,442,77
1632,1,325,149
1632,2,216,39
1632,3,274,128
1632,4,344,68
1632,5,251,70
1633,1,273,31
1633,2,285,95
1633,3,259,53
1633,4,333,55
1633,5,85,47
1634,1,442,64
1634,2,66,144
1634,3,284,110
1634,4,112,40
1634,5,384,110
1635,1,74,89
1635,2,442,117
1635,3,392,45
1635,4,86,139
1635,5,105,54
1636,1,240,69
1636,2,436,118
1636,3,192,51
1636,4,395,86
1636,5,333,45
1637,1,96,117
1637,2,142,99
1637,3,325,132
1637,4,318,139
1637,5,320,51
1638,1,242,53
1638,2,471,89
1638,3,94,37
1638,4,448,45
1638,5,144,92
1639,1,405,97
1639,2,154,104
1639,3,445,92
1639,4,295,136
1639,5,408,98
1640,1,182,140
1640,2,439,131
1640,3,68,81
1640,4,205,139
1640,5,124,94
1641,1,158,136
1641,2,70,38
1641,3,374,147
1641,4,120,100
1641,5,499,86
1642,1,358,118
1642,2,267,65
1642,3,241,53
1642,4,124,80
1642,5,327,59
1643,1,433,92
1643,2,135,130
1643,3,201,110
1643,4,493,44
1643,5,94,85
1644,1,122,93
1644,2,428,130
1644,3,288,117
1644,4,141,91
1644,5,61,93
1645,1,350,62
1645,2,288,36
1645,3,292,69
1645,4,443,130
1645,5,465,91
1646,1,136,64
1646,2,227,52
1646,3,454,147
1646,4,462,146
1646,5,272,143
1647,1,398,104
1647,2,119,132
1647,3,282,31
1647,4,83,97
1647,5,368,133
1648,1,92,92
1648,2,93,133
1648,3,208,76
1648,4,113,136
1648,5,155,63
1649,1,464,57
1649,2,491,95
1649,3,186,138
1649,4,298,129
1649,5,356,147
1650,1,64,30
1650,2,116,104
1650,3,130,94
1650,4,212,55
1650,5,191,113
1651,1,410,108
1651,2,431,33
1651,3,90,59
1651,4,179,108
1651,5,65,62
1652,1,198,73
1652,2,199,80
1652,3,249,149
1652,4,424,88
1652,5,364,149
1653,1,194,35
1653,2,454,81
1653,3,313,121
1653,4,153,139
1653,5,328,143
1654,1,373,144
1654,2,107,36
1654,3,60,124
1654,4,471,135
1654,5,178,127
1655,1,428,133
1655,2,177,72
1655,3,60,120
1655,4,368,144
1655,5,237,71
1656,1,62,58
1656,2,96,111
1656,3,234,98
1656,4,271,65
1656,5,204,47
1657,1,374,108
1657,2,241,80
1657,3,122,134
1657,4,385,67
1657,5,200,80
1658,1,241,104
1658,2,326,80
1658,3,273,142
1658,4,484,137
1658,5,135,131
1659,1,307,53
1659,2,337,127
1659,3,344,76
1659,4,304,117
1659,5,84,32
1660,1,467,134
1660,2,294,140
1660,3,217,37
1660,4,471,139
1660,5,468,101
1661,1,282,63
1661,2,53,112
1661,3,114,94
1661,4,186,140
1661,5,315,48
1662,1,150,70
1662,2,270,34
1662,3,155,147
1662,4,225,43
1662,5,194,140
1663,1,168,92
1663,2,148,98
1663,3,247,71
1663,4,147,146
1663,5,279,51
1664,1,53,42
1664,2,453,69
1664,3,184,72
1664,4,93,87
1664,5,155,65
1665,1,357,119
1665,2,370,76
1665,3,420,97
1665,4,110,116
1665,5,57,51
1666,1,325,88
1666,2,168,85
1666,3,370,38
1666,4,238,39
1666,5,105,113
1667,1,195,122
1667,2,432,141
1667,3,457,45
1667,4,500,97
1667,5,136,48
1668,1,443,61
1668,2,188,31
1668,3,183,140
1668,4,417,42
1668,5,434,77
1669,1,154,87
1669,2,55,79
1669,3,428,59
1669,4,411,41
1669,5,97,115
1670,1,73,85
1670,2,222,106
1670,3,326,91
1670,4,275,91
1670,5,267,88
1671,1,296,100
1671,2,238,58
1671,3,337,50
1671,4,55,130
1671,5,454,65
1672,1,485,38
1672,2,250,71
1672,3,147,113
1672,4,133,98
1672,5,292,100
1673,1,71,101
1673,2,431,148
1673,3,464,148
1673,4,298,97
1673,5,105,63
1674,1,364,73
1674,2,428,41
1674,3,425,38
1674,4,487,133
1674,5,96,45
1675,1,320,88
1675,2,106,106
1675,3,324,92
1675,4,196,98
1675,5,486,70
1676,1,195,73
1676,2,498,48
1676,3,50,64
1676,4,448,85
1676,5,236,142
1677,1,408,143
1677,2,230,93
1677,3,348,120
1677,4,140,140
1677,5,474,101
1678,1,410,45
1678,2,280,45
1678,3,241,108
1678,4,68,113
1678,5,448,67
1679,1,307,58
1679,2,76,145
1679,3,476,122
1679,4,366,99
1679,5,472,30
1680,1,280,122
1680,2,78,37
1680,3,295,59
1680,4,374,150
1680,5,129,108
1681,1,101,55
1681,2,317,86
1681,3,400,99
1681,4,440,130
1681,5,202,50
1682,1,449,64
1682,2,459,91
1682,3,273,90
1682,4,351,36
1682,5,223,110
1683,1,63,94
1683,2,262,119
1683,3,498,135
1683,4,462,89
1683,5,233,94
1684,1,436,58
1684,2,83,139
1684,3,409,82
1684,4,323,82
1684,5,421,53
1685,1,200,77
1685,2,217,146
1685,3,285,44
1685,4,87,122
1685,5,108,150
1686,1,194,75
1686,2,454,69
1686,3,256,33
1686,4,311,71
1686,5,433,74
1687,1,91,138
1687,2,191,110
1687,3,91,92
1687,4,439,56
1687,5,393,120
1688,1,73,45
1688,2,126,118
1688,3,484,43
1688,4,158,127
1688,5,98,120
1689,1,139,131
1689,2,94,35
1689,3,176,62
1689,4,282,80
1689,5,322,83
1690,1,440,120
1690,2,324,41
1690,3,94,37
1690,4,201,150
1690,5,237,105
1691,1,470,128
1691,2,142,112
1691,3,230,97
1691,4,131,100
1691,5,259,41
1692,1,227,71
1692,2,237,107
1692,3,232,63
1692,4,452,124
1692,5,403,101
1693,1,361,111
1693,2,466,42
1693,3,434,131
1693,4,413,41
1693,5,430,124
1694,1,199,56
1694,2,258,107
1694,3,78,130
1694,4,479,129
1694,5,115,135
1695,1,62,125
1695,2,314,38
1695,3,322,38
1695,4,335,74
1695,5,334,75
1696,1,239,71
1696,2,260,57
1696,3,81,109
1696,4,120,147
1696,5,428,37
1697,1,150,117
1697,2,178,111
1697,3,480,137
1697,4,407,40
1697,5,278,137
1698,1,171,111
1698,2,407,114
1698,3,143,97
1698,4,177,63
1698,5,212,143
1699,1,411,49
1699,2,133,135
1699,3,82,57
1699,4,266,147
1699,5,380,146
1700,1,182,102
1700,2,106,115
1700,3,253,35
1700,4,141,88
1700,5,239,93
1701,1,91,47
1701,2,163,80
1701,3,420,73
1701,4,443,123
1701,5,338,50
1702,1,324,94
1702,2,267,112
1702,3,366,113
1702,4,492,48
1702,5,174,73
1703,1,281,59
1703,2,444,95
1703,3,70,35
1703,4,457,143
1703,5,239,57
1704,1,196,73
1704,2,77,33
1704,3,473,146
1704,4,181,37
1704,5,307,133
1705,1,277,62
1705,2,318,80
1705,3,144,92
1705,4,178,60
1705,5,289,94
1706,1,191,65
1706,2,151,74
1706,3,296,113
1706,4,406,90
1706,5,385,113
1707,1,241,126
1707,2,389,89
1707,3,220,37
1707,4,376,89
1707,5,484,132
1708,1,282,140
1708,2,445,73
1708,3,472,111
1708,4,497,55
1708,5,470,63
1709,1,293,31
1709,2,432,129
1709,3,169,41
1709,4,255,143
1709,5,267,64
1710,1,166,50
1710,2,309,86
1710,3,493,129
1710,4,309,106
1710,5,296,97
1711,1,225,80
1711,2,383,148
1711,3,334,119
1711,4,484,79
1711,5,350,120
1712,1,113,130
1712,2,439,68
1712,3,367,150
1712,4,174,31
1712,5,79,35
1713,1,435,99
1713,2,65,84
1713,3,300,71
1713,4,237,59
1713,5,75,73
1714,1,455,73
1714,2,422,31
1714,3,384,125
1714,4,158,112
1714,5,457,47
1715,1,496,83
1715,2,488,123
1715,3,448,111
1715,4,384,126
1715,5,402,125
1716,1,85,64
1716,2,200,71
1716,3,382,58
1716,4,124,53
1716,5,385,134
1717,1,457,49
1717,2,80,84
1717,3,445,43
1717,4,57,45
1717,5,214,73
1718,1,218,103
1718,2,333,110
1718,3,486,33
1718,4,395,134
1718,5,447,137
1719,1,476,115
1719,2,299,126
1719,3,338,107
1719,4,454,147
1719,5,469,55
1720,1,143,48
1720,2,397,144
1720,3,242,74
1720,4,306,62
1720,5,356,45
1721,1,306,107
1721,2,415,53
1721,3,219,98
1721,4,402,41
1721,5,99,113
1722,1,493,96
1722,2,329,101
1722,3,480,121
1722,4,163,63
1722,5,293,143
1723,1,361,141
1723,2,397,107
1723,3,394,81
1723,4,343,69
1723,5,367,34
1724,1,84,55
1724,2,456,126
1724,3,97,47
1724,4,426,61
1724,5,112,118
1725,1,199,130
1725,2,310,111
1725,3,346,132
1725,4,206,82
1725,5,491,129
1726,1,57,49
1726,2,153,119
1726,3,224,111
1726,4,288,58
1726,5,385,83
1727,1,269,140
1727,2,130,113
1727,3,415,136
1727,4,463,120
1727,5,207,79
1728,1,148,114
1728,2,451,73
1728,3,228,72
1728,4,153,91
1728,5,223,44
1729,1,285,118
1729,2,103,103
1729,3,283,132
1729,4,292,115
1729,5,382,126
1730,1,130,116
1730,2,422,109
1730,3,286,141
1730,4,164,102
1730,5,199,85
1731,1,289,105
1731,2,475,136
1731,3,170,53
1731,4,159,128
1731,5,342,111
1732,1,355,119
1732,2,206,47
1732,3,218,127
1732,4,394,96
1732,5,188,132
1733,1,103,94
1733,2,132,46
1733,3,267,106
1733,4,110,45
1733,5,471,147
1734,1,302,140
1734,2,450,122
1734,3,201,132
1734,4,333,102
1734,5,363,96
1735,1,51,87
1735,2,180,50
1735,3,126,38
1735,4,73,54
1735,5,456,105
1736,1,278,63
1736,2,212,123
1736,3,405,91
1736,4,366,149
1736,5,488,42
1737,1,350,92
1737,2,387,70
1737,3,356,144
1737,4,339,37
1737,5,150,75
1738,1,100,131
1738,2,312,46
1738,3,407,56
1738,4,279,45
1738,5,104,47
1739,1,320,55
1739,2,202,116
1739,3,128,104
1739,4,294,139
1739,5,233,32
1740,1,313,109
1740,2,451,52
1740,3,154,133
1740,4,344,106
1740,5,462,125
1741,1,373,82
1741,2,220,107
1741,3,107,83
1741,4,423,133
1741,5,92,55
1742,1,207,110
1742,2,470,79
1742,3,182,115
1742,4,333,135
1742,5,146,128
1743,1,53,98
1743,2,262,78
1743,3,268,57
1743,4,330,79
1743,5,492,101
1744,1,92,85
1744,2,237,30
1744,3,481,109
1744,4,88,83
1744,5,388,111
1745,1,467,129
1745,2,422,37
1745,3,267,137
1745,4,458,139
1745,5,276,90
1746,1,55,39
1746,2,460,102
1746,3,385,39
1746,4,244,113
1746,5,157,38
1747,1,343,33
1747,2,264,121
1747,3,466,43
1747,4,330,31
1747,5,218,129
1748,1,235,140
1748,2,346,43
1748,3,187,120
1748,4,174,109
1748,5,374,96
1749,1,266,106
1749,2,500,115
1749,3,406,139
1749,4,467,127
1749,5,86,32
1750,1,411,49
1750,2,198,43
1750,3,433,130
1750,4,218,81
1750,5,426,137
1751,1,276,44
1751,2,266,92
1751,3,282,84
1751,4,72,98
1751,5,480,59
1752,1,374,51
1752,2,410,145
1752,3,460,111
1752,4,267,69
1752,5,298,94
1753,1,264,64
1753,2,276,90
1753,3,338,53
1753,4,79,123
1753,5,60,122
1754,1,375,107
1754,2,424,139
1754,3,68,141
1754,4,321,148
1754,5,282,84
1755,1,280,145
1755,2,401,129
1755,3,237,85
1755,4,242,63
1755,5,158,89
1756,1,284,45
1756,2,488,107
1756,3,182,143
1756,4,250,82
1756,5,162,66
1757,1,171,98
1757,2,178,123
1757,3,148,45
1757,4,412,69
1757,5,52,144
1758,1,408,124
1758,2,228,116
1758,3,292,133
1758,4,223,65
1758,5,56,49
1759,1,232,90
1759,2,247,54
1759,3,493,63
1759,4,84,56
1759,5,286,60
1760,1,107,43
1760,2,487,33
1760,3,84,132
1760,4,220,49
1760,5,254,42
1761,1,489,33
1761,2,201,130
1761,3,231,89
1761,4,484,81
1761,5,113,142
1762,1,129,71
1762,2,131,51
1762,3,413,135
1762,4,106,62
1762,5,417,36
1763,1,369,31
1763,2,308,126
1763,3,316,102
1763,4,252,66
1763,5,281,104
1764,1,427,110
1764,2,432,109
1764,3,372,64
1764,4,402,80
1764,5,377,71
1765,1,223,54
1765,2,134,79
1765,3,170,49
1765,4,196,84
1765,5,140,104
1766,1,171,67
1766,2,425,135
1766,3,385,68
1766,4,345,68
1766,5,140,106
1767,1,369,64
1767,2,120,49
1767,3,432,60
1767,4,183,50
1767,5,168,115
1768,1,237,123
1768,2,487,64
1768,3,394,99
1768,4,105,148
1768,5,371,31
1769,1,384,103
1769,2,338,103
1769,3,253,139
1769,4,243,52
1769,5,364,82
1770,1,78,118
1770,2,435,101
1770,3,363,89
1770,4,269,58
1770,5,305,79
1771,1,452,46
1771,2,371,102
1771,3,211,125
1771,4,187,132
1771,5,144,58
1772,1,397,107
1772,2,194,35
1772,3,186,108
1772,4,275,83
1772,5,259,70
1773,1,493,131
1773,2,350,86
1773,3,385,123
1773,4,167,110
1773,5,457,104
1774,1,73,58
1774,2,193,123
1774,3,217,108
1774,4,286,53
1774,5,270,121
1775,1,144,39
1775,2,71,145
1775,3,285,114
1775,4,101,85
1775,5,349,132
1776,1,265,49
1776,2,327,65
1776,3,435,55
1776,4,495,93
1776,5,161,38
1777,1,217,111
1777,2,452,124
1777,3,349,143
1777,4,366,68
1777,5,348,124
1778,1,79,138
1778,2,119,146
1778,3,85,124
1778,4,406,57
1778,5,277,141
1779,1,214,118
1779,2,135,87
1779,3,414,125
1779,4,207,120
1779,5,291,114
1780,1,107,101
1780,2,295,58
1780,3,475,93
1780,4,69,110
1780,5,414,131
1781,1,183,40
1781,2,183,31
1781,3,195,42
1781,4,72,103
1781,5,461,93
1782,1,161,106
1782,2,457,46
1782,3,107,76
1782,4,444,74
1782,5,450,101
1783,1,277,117
1783,2,206,113
1783,3,178,45
1783,4,174,86
1783,5,292,130
1784,1,439,50
1784,2,63,93
1784,3,356,88
1784,4,306,79
1784,5,57,141
1785,1,500,130
1785,2,87,100
1785,3,339,133
1785,4,333,46
1785,5,203,78
1786,1,208,86
1786,2,214,102
1786,3,320,82
1786,4,497,75
1786,5,285,126
1787,1,243,129
1787,2,420,42
1787,3,473,130
1787,4,130,138
1787,5,439,119
1788,1,358,124
1788,2,327,31
1788,3,89,118
1788,4,415,114
1788,5,473,77
1789,1,352,124
1789,2,140,120
1789,3,65,56
1789,4,230,106
1789,5,461,130
1790,1,177,45
1790,2,445,113
1790,3,340,93
1790,4,194,96
1790,5,491,93
1791,1,308,33
1791,2,290,116
1791,3,160,62
1791,4,225,45
1791,5,127,37
1792,1,318,110
1792,2,469,84
1792,3,67,31
1792,4,143,75
1792,5,471,51
1793,1,374,93
1793,2,302,55
1793,3,144,51
1793,4,320,75
1793,5,302,63
1794,1,230,43
1794,2,464,118
1794,3,260,116
1794,4,233,146
1794,5,134,77
1795,1,97,119
1795,2,387,134
1795,3,475,81
1795,4,241,98
1795,5,448,140
1796,1,260,69
1796,2,494,55
1796,3,427,112
1796,4,126,136
1796,5,79,114
1797,1,395,123
1797,2,368,68
1797,3,56,99
1797,4,408,147
1797,5,128,113
1798,1,275,85
1798,2,236,132
1798,3,452,53
1798,4,246,74
1798,5,334,63
1799,1,133,149
1799,2,219,107
1799,3,144,146
1799,4,368,100
1799,5,406,32
1800,1,265,127
1800,2,482,98
1800,3,107,86
1800,4,319,143
1800,5,373,124
1801,1,283,33
1801,2,114,140
1801,3,430,131
1801,4,85,135
1801,5,348,47
1802,1,456,50
1802,2,287,137
1802,3,497,126
1802,4,439,144
1802,5,66,44
1803,1,447,92
1803,2,252,73
1803,3,252,127
1803,4,279,74
1803,5,97,143
1804,1,374,82
1804,2,277,48
1804,3,138,35
1804,4,154,70
1804,5,156,44
1805,1,472,148
1805,2,313,62
1805,3,174,126
1805,4,79,127
1805,5,367,78
1806,1,203,73
1806,2,125,126
1806,3,261,128
1806,4,274,145
1806,5,87,42
1807,1,443,97
1807,2,194,61
1807,3,493,119
1807,4,415,141
1807,5,312,134
1808,1,395,43
1808,2,432,74
1808,3,266,98
1808,4,290,32
1808,5,435,48
1809,1,219,90
1809,2,211,101
1809,3,485,47
1809,4,174,57
1809,5,96,140
1810,1,464,85
1810,2,357,30
1810,3,319,134
1810,4,473,127
1810,5,333,32
1811,1,132,143
1811,2,462,44
1811,3,293,138
1811,4,359,128
1811,5,315,145
1812,1,464,111
1812,2,301,94
1812,3,409,136
1812,4,260,125
1812,5,349,75
1813,1,195,87
1813,2,375,37
1813,3,329,112
1813,4,214,76
1813,5,405,34
1814,1,422,71
1814,2,330,48
1814,3,424,57
1814,4,398,55
1814,5,459,138
1815,1,423,89
1815,2,118,130
1815,3,325,82
1815,4,211,44
1815,5,363,65
1816,1,455,145
1816,2,483,97
1816,3,70,40
1816,4,191,144
1816,5,189,78
1817,1,64,77
1817,2,445,60
1817,3,53,68
1817,4,152,55
1817,5,492,46
1818,1,317,76
1818,2,254,137
1818,3,58,116
1818,4,178,97
1818,5,376,64
1819,1,377,52
1819,2,453,63
1819,3,432,93
1819,4,51,105
1819,5,412,107
1820,1,381,129
1820,2,367,117
1820,3,488,46
1820,4,228,57
1820,5,268,37
1821,1,221,103
1821,2,340,107
1821,3,181,116
1821,4,396,95
1821,5,429,86
1822,1,359,145
1822,2,59,39
1822,3,470,37
1822,4,291,54
1822,5,460,122
1823,1,276,143
1823,2,224,97
1823,3,494,65
1823,4,316,50
1823,5,88,104
1824,1,178,73
1824,2,339,41
1824,3,224,148
1824,4,432,107
1824,5,388,97
1825,1,379,82
1825,2,301,146
1825,3,50,119
1825,4,390,67
1825,5,250,92
1826,1,395,95
1826,2,304,121
1826,3,56,139
1826,4,201,118
1826,5,111,115
1827,1,265,113
1827,2,359,45
1827,3,407,123
1827,4,207,117
1827,5,285,94
1828,1,52,134
1828,2,287,65
1828,3,131,100
1828,4,446,70
1828,5,98,87
1829,1,211,75
1829,2,400,83
1829,3,227,101
1829,4,301,60
1829,5,196,59
1830,1,248,94
1830,2,421,91
1830,3,269,111
1830,4,315,94
1830,5,154,101
1831,1,374,92
1831,2,171,43
1831,3,277,138
1831,4,372,84
1831,5,325,138
1832,1,433,138
1832,2,108,120
1832,3,136,103
1832,4,308,134
1832,5,433,82
1833,1,138,108
1833,2,229,148
1833,3,88,39
1833,4,476,88
1833,5,387,68
1834,1,223,144
1834,2,326,35
1834,3,419,67
1834,4,222,135
1834,5,245,42
1835,1,291,48
1835,2,291,112
1835,3,271,84
1835,4,450,126
1835,5,84,99
1836,1,54,94
1836,2,195,48
1836,3,329,116
1836,4,294,85
1836,5,467,106
1837,1,57,59
1837,2,87,34
1837,3,326,126
1837,4,180,55
1837,5,139,53
1838,1,430,31
1838,2,470,35
1838,3,366,146
1838,4,136,94
1838,5,265,102
1839,1,304,95
1839,2,187,69
1839,3,155,122
1839,4,400,76
1839,5,130,101
1840,1,198,117
1840,2,221,131
1840,3,113,77
1840,4,339,108
1840,5,486,130
1841,1,217,93
1841,2,439,148
1841,3,163,132
1841,4,460,33
1841,5,152,142
1842,1,482,121
1842,2,282,148
1842,3,304,53
1842,4,447,81
1842,5,322,94
1843,1,300,88
1843,2,481,45
1843,3,204,81
1843,4,111,64
1843,5,64,148
1844,1,474,125
1844,2,139,147
1844,3,487,144
1844,4,339,43
1844,5,232,84
1845,1,241,40
1845,2,248,100
1845,3,491,97
1845,4,257,52
1845,5,192,146
1846,1,336,59
1846,2,426,71
1846,3,94,138
1846,4,125,90
1846,5,434,84
1847,1,250,132
1847,2,190,69
1847,3,268,102
1847,4,209,36
1847,5,119,106
1848,1,258,139
1848,2,279,83
1848,3,78,150
1848,4,169,128
1848,5,422,79
1849,1,289,43
1849,2,209,89
1849,3,301,44
1849,4,478,80
1849,5,302,40
1850,1,429,114
1850,2,73,148
1850,3,390,93
1850,4,120,57
1850,5,489,34
1851,1,118,135
1851,2,132,123
1851,3,219,30
1851,4,416,60
1851,5,322,100
1852,1,311,99
1852,2,311,58
1852,3,476,89
1852,4,241,141
1852,5,238,96
1853,1,265,30
1853,2,238,115
1853,3,399,125
1853,4,441,108
1853,5,65,98
1854,1,402,111
1854,2,429,85
1854,3,436,146
1854,4,338,113
1854,5,416,99
1855,1,373,86
1855,2,154,119
1855,3,457,96
1855,4,332,94
1855,5,228,87
1856,1,249,61
1856,2,57,90
1856,3,127,102
1856,4,122,92
1856,5,234,122
1857,1,423,79
1857,2,360,91
1857,3,476,144
1857,4,418,128
1857,5,363,103
1858,1,487,110
1858,2,304,124
1858,3,86,133
1858,4,190,96
1858,5,242,56
1859,1,495,145
1859,2,334,59
1859,3,467,76
1859,4,182,139
1859,5,446,143
1860,1,433,120
1860,2,72,127
1860,3,338,54
1860,4,101,135
1860,5,261,67
1861,1,174,131
1861,2,496,109
1861,3,435,149
1861,4,70,91
1861,5,267,102
1862,1,354,33
1862,2,334,52
1862,3,409,110
1862,4,496,85
1862,5,234,81
1863,1,58,39
1863,2,236,130
1863,3,226,90
1863,4,179,126
1863,5,279,67
1864,1,218,64
1864,2,210,114
1864,3,161,47
1864,4,281,94
1864,5,428,108
1865,1,262,66
1865,2,236,81
1865,3,71,141
1865,4,59,136
1865,5,471,90
1866,1,71,117
1866,2,297,96
1866,3,429,44
1866,4,118,35
1866,5,452,130
1867,1,485,66
1867,2,247,148
1867,3,276,95
1867,4,444,47
1867,5,152,100
1868,1,108,145
1868,2,494,62
1868,3,472,42
1868,4,391,63
1868,5,293,149
1869,1,486,33
1869,2,164,112
1869,3,91,133
1869,4,279,75
1869,5,155,41
1870,1,498,85
1870,2,486,92
1870,3,410,92
1870,4,219,102
1870,5,440,133
1871,1,172,50
1871,2,366,40
1871,3,260,60
1871,4,108,70
1871,5,381,127
1872,1,370,133
1872,2,188,94
1872,3,225,74
1872,4,182,136
1872,5,100,69
1873,1,498,137
1873,2,183,44
1873,3,157,145
1873,4,418,109
1873,5,163,75
1874,1,294,137
1874,2,64,76
1874,3,418,45
1874,4,243,133
1874,5,171,128
1875,1,265,107
1875,2,421,126
1875,3,351,131
1875,4,449,51
1875,5,99,112
1876,1,397,145
1876,2,327,121
1876,3,113,131
1876,4,362,143
1876,5,199,146
1877,1,447,71
1877,2,398,61
1877,3,424,49
1877,4,383,67
1877,5,452,143
1878,1,203,132
1878,2,79,39
1878,3,195,99
1878,4,275,118
1878,5,339,49
1879,1,461,87
1879,2,388,66
1879,3,416,88
1879,4,436,41
1879,5,296,116
1880,1,192,73
1880,2,427,71
1880,3,392,134
1880,4,260,116
1880,5,153,106
1881,1,234,43
1881,2,166,52
1881,3,254,50
1881,4,248,114
1881,5,163,38
1882,1,179,99
1882,2,127,46
1882,3,284,35
1882,4,298,63
1882,5,92,103
1883,1,290,95
1883,2,189,142
1883,3,347,49
1883,4,81,148
1883,5,480,131
1884,1,53,37
1884,2,446,109
1884,3,209,115
1884,4,166,81
1884,5,325,116
1885,1,105,81
1885,2,174,57
1885,3,347,116
1885,4,272,87
1885,5,70,75
1886,1,359,88
1886,2,362,48
1886,3,323,140
1886,4,253,115
1886,5,142,127
1887,1,375,81
1887,2,165,141
1887,3,395,129
1887,4,356,39
1887,5,482,77
1888,1,477,113
1888,2,395,87
1888,3,489,139
1888,4,76,136
1888,5,232,84
1889,1,485,127
1889,2,214,71
1889,3,455,130
1889,4,119,144
1889,5,310,69
1890,1,477,97
1890,2,70,38
1890,3,147,87
1890,4,335,49
1890,5,326,51
1891,1,489,134
1891,2,268,89
1891,3,296,138
1891,4,119,30
1891,5,171,79
1892,1,438,116
1892,2,291,131
1892,3,163,90
1892,4,327,63
1892,5,473,126
1893,1,230,135
1893,2,431,88
1893,3,104,117
1893,4,342,114
1893,5,421,150
1894,1,219,123
1894,2,158,148
1894,3,133,98
1894,4,135,133
1894,5,282,114
1895,1,195,65
1895,2,316,118
1895,3,288,83
1895,4,427,113
1895,5,207,134
1896,1,469,133
1896,2,285,55
1896,3,362,85
1896,4,83,108
1896,5,251,79
1897,1,390,128
1897,2,166,95
1897,3,229,122
1897,4,468,73
1897,5,388,38
1898,1,377,104
1898,2,110,142
1898,3,332,57
1898,4,367,52
1898,5,280,81
1899,1,98,125
1899,2,398,90
1899,3,341,30
1899,4,419,92
1899,5,475,104
1900,1,105,54
1900,2,255,69
1900,3,54,52
1900,4,145,87
1900,5,266,141
1901,1,267,74
1901,2,499,54
1901,3,467,44
1901,4,244,91
1901,5,222,30
1902,1,332,136
1902,2,74,43
1902,3,315,147
1902,4,349,126
1902,5,97,39
1903,1,433,118
1903,2,63,85
1903,3,243,78
1903,4,159,101
1903,5,85,34
1904,1,236,90
1904,2,179,149
1904,3,456,34
1904,4,460,83
1904,5,274,122
1905,1,68,147
1905,2,297,64
1905,3,385,73
1905,4,171,31
1905,5,374,99
1906,1,350,108
1906,2,492,78
1906,3,161,57
1906,4,59,121
1906,5,171,90
1907,1,498,129
1907,2,363,50
1907,3,413,121
1907,4,449,34
1907,5,429,129
1908,1,57,33
1908,2,177,125
1908,3,491,147
1908,4,74,145
1908,5,258,113
1909,1,235,113
1909,2,281,41
1909,3,445,62
1909,4,268,86
1909,5,237,144
1910,1,85,87
1910,2,454,130
1910,3,487,33
1910,4,218,88
1910,5,279,73
1911,1,131,117
1911,2,50,95
1911,3,139,122
1911,4,151,141
1911,5,87,142
1912,1,76,41
1912,2,205,90
1912,3,481,134
1912,4,176,105
1912,5,113,73
1913,1,117,73
1913,2,328,60
1913,3,435,103
1913,4,172,93
1913,5,173,99
1914,1,58,120
1914,2,103,77
1914,3,496,79
1914,4,403,43
1914,5,416,34
1915,1,99,84
1915,2,206,42
1915,3,316,48
1915,4,115,50
1915,5,196,121
1916,1,289,69
1916,2,160,49
1916,3,243,90
1916,4,427,122
1916,5,488,145
1917,1,217,44
1917,2,191,118
1917,3,174,100
1917,4,225,70
1917,5,412,110
1918,1,133,90
1918,2,124,44
1918,3,339,52
1918,4,291,129
1918,5,71,43
1919,1,497,72
1919,2,103,76
1919,3,373,113
1919,4,462,113
1919,5,473,99
1920,1,84,54
1920,2,68,121
1920,3,151,145
1920,4,252,109
1920,5,440,65
1921,1,267,70
1921,2,465,114
1921,3,320,38
1921,4,304,75
1921,5,255,50
1922,1,456,33
1922,2,394,59
1922,3,139,31
1922,4,114,64
1922,5,288,129
1923,1,223,130
1923,2,76,73
1923,3,460,84
1923,4,135,71
1923,5,146,77
1924,1,270,118
1924,2,386,113
1924,3,206,42
1924,4,283,49
1924,5,154,137
1925,1,430,51
1925,2,334,125
1925,3,339,115
1925,4,238,85
1925,5,397,96
1926,1,368,73
1926,2,219,117
1926,3,139,31
1926,4,355,36
1926,5,137,61
1927,1,60,143
1927,2,183,131
1927,3,380,46
1927,4,321,89
1927,5,393,133
1928,1,164,104
1928,2,200,48
1928,3,207,65
1928,4,360,102
1928,5,107,129
1929,1,51,134
1929,2,167,49
1929,3,254,138
1929,4,191,65
1929,5,239,133
1930,1,56,138
1930,2,232,30
1930,3,352,106
1930,4,65,148
1930,5,417,49
1931,1,414,115
1931,2,80,44
1931,3,183,106
1931,4,272,122
1931,5,132,113
1932,1,290,146
1932,2,229,84
1932,3,350,107
1932,4,237,138
1932,5,215,61
1933,1,291,64
1933,2,149,101
1933,3,233,53
1933,4,417,42
1933,5,388,127
1934,1,250,78
1934,2,400,141
1934,3,251,131
1934,4,365,46
1934,5,65,79
1935,1,401,66
1935,2,486,55
1935,3,109,111
1935,4,219,108
1935,5,76,99
1936,1,131,37
1936,2,248,121
1936,3,64,95
1936,4,379,140
1936,5,242,118
1937,1,240,124
1937,2,497,106
1937,3,106,150
1937,4,387,141
1937,5,438,92
1938,1,366,65
1938,2,335,31
1938,3,427,135
1938,4,340,132
1938,5,451,142
1939,1,186,89
1939,2,160,65
1939,3,154,82
1939,4,370,57
1939,5,330,85
1940,1,142,84
1940,2,316,123
1940,3,421,145
1940,4,149,101
1940,5,333,33
1941,1,284,131
1941,2,244,63
1941,3,351,70
1941,4,340,129
1941,5,248,128
1942,1,455,143
1942,2,296,126
1942,3,142,70
1942,4,453,41
1942,5,100,45
1943,1,339,42
1943,2,407,90
1943,3,388,88
1943,4,140,135
1943,5,206,115
1944,1,148,149
1944,2,139,43
1944,3,400,83
1944,4,463,36
1944,5,135,148
1945,1,443,119
1945,2,322,34
1945,3,393,89
1945,4,143,58
1945,5,175,147
1946,1,287,107
1946,2,336,125
1946,3,72,106
1946,4,376,63
1946,5,59,115
1947,1,204,67
1947,2,277,51
1947,3,466,48
1947,4,459,124
1947,5,445,91
1948,1,60,120
1948,2,179,130
1948,3,472,150
1948,4,236,130
1948,5,341,57
1949,1,429,78
1949,2,119,39
1949,3,106,143
1949,4,478,117
1949,5,339,141
1950,1,65,67
1950,2,81,30
1950,3,55,71
1950,4,177,126
1950,5,247,146
1951,1,199,109
1951,2,66,146
1951,3,62,101
1951,4,312,68
1951,5,94,113
1952,1,446,99
1952,2,130,41
1952,3,54,101
1952,4,276,99
1952,5,299,34
1953,1,194,43
1953,2,177,51
1953,3,183,83
1953,4,73,106
1953,5,184,78
1954,1,425,53
1954,2,290,121
1954,3,252,42
1954,4,324,133
1954,5,476,94
1955,1,57,102
1955,2,112,127
1955,3,321,109
1955,4,364,129
1955,5,106,64
1956,1,414,118
1956,2,327,91
1956,3,256,90
1956,4,215,36
1956,5,431,66
1957,1,259,88
1957,2,73,99
1957,3,111,43
1957,4,493,42
1957,5,364,75
1958,1,102,46
1958,2,316,78
1958,3,237,90
1958,4,173,42
1958,5,266,55
1959,1,416,70
1959,2,122,107
1959,3,125,64
1959,4,409,150
1959,5,246,60
1960,1,489,44
1960,2,194,134
1960,3,420,122
1960,4,333,140
1960,5,487,94
1961,1,495,30
1961,2,246,55
1961,3,370,62
1961,4,424,134
1961,5,277,63
1962,1,376,79
1962,2,247,90
1962,3,101,37
1962,4,260,63
1962,5,464,86
1963,1,391,126
1963,2,361,128
1963,3,493,77
1963,4,264,38
1963,5,385,109
1964,1,425,49
1964,2,152,37
1964,3,276,101
1964,4,324,84
1964,5,195,129
1965,1,395,139
1965,2,433,44
1965,3,344,59
1965,4,88,95
1965,5,124,84
1966,1,273,51
1966,2,310,144
1966,3,361,33
1966,4,318,108
1966,5,215,69
1967,1,191,51
1967,2,348,35
1967,3,326,33
1967,4,477,61
1967,5,154,42
1968,1,225,144
1968,2,100,104
1968,3,479,113
1968,4,251,32
1968,5,483,106
1969,1,396,101
1969,2,386,100
1969,3,354,131
1969,4,338,93
1969,5,207,131
1970,1,176,50
1970,2,53,130
1970,3,72,114
1970,4,92,114
1970,5,326,148
1971,1,238,140
1971,2,278,106
1971,3,215,52
1971,4,413,98
1971,5,90,83
1972,1,438,35
1972,2,303,122
1972,3,304,145
1972,4,439,122
1972,5,469,99
1973,1,351,146
1973,2,133,38
1973,3,102,147
1973,4,336,121
1973,5,260,90
1974,1,126,39
1974,2,335,129
1974,3,353,146
1974,4,59,68
1974,5,496,133
1975,1,55,129
1975,2,158,75
1975,3,381,42
1975,4,99,72
1975,5,130,72
1976,1,426,84
1976,2,364,79
1976,3,223,105
1976,4,330,60
1976,5,131,111
1977,1,210,104
1977,2,275,92
1977,3,138,137
1977,4,105,67
1977,5,100,33
1978,1,449,143
1978,2,294,149
1978,3,321,113
1978,4,408,59
1978,5,470,99
1979,1,185,50
1979,2,249,136
1979,3,425,73
1979,4,315,130
1979,5,379,56
1980,1,330,147
1980,2,279,85
1980,3,207,36
1980,4,77,123
1980,5,259,138
1981,1,361,82
1981,2,373,92
1981,3,460,66
1981,4,121,33
1981,5,272,67
1982,1,118,71
1982,2,199,107
1982,3,452,133
1982,4,371,93
1982,5,499,93
1983,1,62,118
1983,2,356,70
1983,3,131,108
1983,4,159,148
1983,5,303,47
1984,1,65,90
1984,2,499,49
1984,3,454,55
1984,4,437,91
1984,5,214,51
1985,1,446,86
1985,2,415,76
1985,3,323,87
1985,4,271,100
1985,5,85,119
1986,1,115,138
1986,2,152,88
1986,3,300,83
1986,4,128,125
1986,5,179,120
1987,1,228,69
1987,2,307,61
1987,3,136,59
1987,4,440,83
1987,5,209,126
1988,1,432,104
1988,2,390,145
1988,3,75,65
1988,4,193,145
1988,5,359,75
1989,1,172,75
1989,2,447,115
1989,3,462,80
1989,4,201,48
1989,5,120,134
1990,1,97,143
1990,2,110,30
1990,3,97,110
1990,4,119,36
1990,5,256,91
1991,1,489,30
1991,2,486,90
1991,3,343,89
1991,4,400,84
1991,5,73,63
1992,1,350,45
1992,2,462,56
1992,3,290,77
1992,4,292,113
1992,5,210,118
1993,1,222,142
1993,2,94,119
1993,3,102,96
1993,4,236,74
1993,5,382,118
1994,1,319,63
1994,2,141,34
1994,3,448,86
1994,4,116,44
1994,5,120,32
1995,1,162,36
1995,2,127,93
1995,3,297,51
1995,4,117,38
1995,5,441,128
1996,1,184,61
1996,2,174,76
1996,3,489,44
1996,4,52,35
1996,5,328,88
1997,1,183,87
1997,2,260,104
1997,3,291,85
1997,4,419,53
1997,5,101,73
1998,1,62,109
1998,2,311,76
1998,3,272,32
1998,4,393,99
1998,5,243,130
1999,1,84,107
1999,2,99,49
1999,3,356,80
1999,4,429,86
1999,5,128,118
2000,1,278,121
2000,2,241,113
2000,3,72,41
2000,4,444,131
2000,5,243,33
2001,1,355,47
2001,2,429,91
2001,3,258,63
2001,4,120,52
2001,5,234,147
2002,1,63,96
2002,2,305,106
2002,3,333,44
2002,4,418,108
2002,5,201,49
2003,1,139,53
2003,2,221,52
2003,3,330,76
2003,4,374,132
2003,5,363,48
2004,1,275,81
2004,2,387,42
2004,3,128,109
2004,4,195,121
2004,5,421,137
2005,1,454,30
2005,2,167,103
2005,3,144,71
2005,4,134,50
2005,5,177,126
2006,1,441,147
2006,2,254,52
2006,3,94,104
2006,4,371,74
2006,5,481,105
2007,1,140,126
2007,2,145,36
2007,3,306,83
2007,4,313,42
2007,5,67,107
2008,1,423,85
2008,2,226,133
2008,3,324,82
2008,4,294,111
2008,5,118,118
2009,1,404,61
2009,2,472,60
2009,3,321,105
2009,4,443,48
2009,5,149,73
2010,1,65,132
2010,2,276,92
2010,3,223,43
2010,4,317,149
2010,5,277,92
2011,1,407,47
2011,2,99,81
2011,3,268,48
2011,4,307,81
2011,5,399,103
2012,1,165,136
2012,2,255,132
2012,3,100,85
2012,4,338,46
2012,5,201,47
2013,1,431,96
2013,2,64,38
2013,3,339,85
2013,4,80,84
2013,5,210,84
2014,1,328,148
2014,2,467,146
2014,3,81,111
2014,4,254,136
2014,5,78,127
2015,1,153,86
2015,2,249,43
2015,3,489,115
2015,4,241,31
2015,5,363,62
2016,1,200,139
2016,2,274,31
2016,3,231,140
2016,4,423,105
2016,5,345,57
2017,1,377,54
2017,2,465,64
2017,3,118,136
2017,4,215,111
2017,5,387,120
2018,1,270,145
2018,2,156,147
2018,3,236,111
2018,4,59,94
2018,5,432,96
2019,1,277,127
2019,2,212,88
2019,3,115,33
2019,4,417,46
2019,5,327,94
2020,1,375,107
2020,2,133,130
2020,3,456,91
2020,4,122,77
2020,5,171,82
2021,1,63,72
2021,2,108,110
2021,3,61,93
2021,4,74,46
2021,5,143,90
2022,1,232,139
2022,2,321,105
2022,3,282,144
2022,4,179,51
2022,5,76,144
2023,1,164,49
2023,2,345,117
2023,3,410,146
2023,4,373,77
2023,5,143,94
2024,1,250,125
2024,2,60,124
2024,3,309,125
2024,4,378,71
2024,5,101,46
2025,1,293,83
2025,2,81,92
2025,3,156,125
2025,4,161,103
2025,5,277,114
2026,1,166,78
2026,2,50,50
2026,3,155,147
2026,4,294,36
2026,5,293,128
2027,1,496,125
2027,2,282,142
2027,3,350,97
2027,4,239,86
2027,5,267,149
2028,1,310,60
2028,2,156,131
2028,3,151,109
2028,4,413,40
2028,5,218,132
2029,1,338,142
2029,2,226,52
2029,3,250,105
2029,4,76,57
2029,5,392,115
2030,1,324,57
2030,2,152,129
2030,3,149,123
2030,4,452,146
2030,5,84,52
2031,1,286,101
2031,2,195,111
2031,3,475,118
2031,4,341,34
2031,5,302,39
2032,1,103,91
2032,2,432,62
2032,3,208,56
2032,4,485,103
2032,5,110,106
2033,1,342,122
2033,2,325,108
2033,3,53,33
2033,4,315,145
2033,5,484,40
2034,1,350,56
2034,2,208,129
2034,3,109,80
2034,4,270,49
2034,5,470,137
2035,1,383,79
2035,2,440,46
2035,3,322,36
2035,4,137,126
2035,5,165,44
2036,1,193,104
2036,2,492,147
2036,3,300,134
2036,4,216,45
2036,5,78,67
2037,1,216,65
2037,2,481,101
2037,3,277,89
2037,4,72,61
2037,5,128,98
2038,1,145,127
2038,2,112,102
2038,3,159,135
2038,4,427,125
2038,5,149,117
2039,1,465,33
2039,2,356,108
2039,3,460,129
2039,4,194,42
2039,5,240,66
2040,1,114,115
2040,2,83,79
2040,3,476,43
2040,4,179,84
2040,5,104,112
2041,1,131,73
2041,2,438,91
2041,3,289,109
2041,4,79,117
2041,5,267,111
2042,1,377,91
2042,2,374,122
2042,3,427,113
2042,4,447,141
2042,5,437,114
2043,1,324,108
2043,2,89,52
2043,3,113,138
2043,4,128,50
2043,5,329,147
2044,1,465,53
2044,2,167,106
2044,3,390,80
2044,4,470,56
2044,5,265,117
2045,1,95,104
2045,2,232,54
2045,3,113,138
2045,4,444,111
2045,5,500,43
2046,1,373,33
2046,2,152,77
2046,3,158,97
2046,4,87,98
2046,5,278,130
2047,1,106,57
2047,2,261,114
2047,3,319,68
2047,4,484,33
2047,5,329,97
2048,1,169,56
2048,2,499,135
2048,3,237,99
2048,4,349,94
2048,5,470,111
2049,1,299,134
2049,2,153,113
2049,3,479,84
2049,4,409,49
2049,5,289,149
2050,1,474,39
2050,2,498,51
2050,3,129,112
2050,4,444,33
2050,5,63,46
2051,1,280,111
2051,2,245,139
2051,3,314,86
2051,4,76,71
2051,5,168,89
2052,1,142,140
2052,2,305,96
2052,3,66,63
2052,4,340,107
2052,5,102,126
2053,1,346,48
2053,2,479,128
2053,3,64,91
2053,4,394,44
2053,5,317,94
2054,1,203,103
2054,2,104,61
2054,3,341,113
2054,4,341,139
2054,5,243,78
2055,1,292,133
2055,2,372,84
2055,3,150,125
2055,4,453,94
2055,5,150,81
2056,1,290,38
2056,2,322,113
2056,3,54,74
2056,4,302,120
2056,5,247,64
2057,1,71,93
2057,2,153,69
2057,3,154,84
2057,4,289,105
2057,5,480,141
2058,1,158,47
2058,2,283,69
2058,3,371,145
2058,4,140,88
2058,5,104,30
2059,1,492,144
2059,2,85,55
2059,3,271,113
2059,4,106,130
2059,5,482,46
2060,1,372,150
2060,2,212,141
2060,3,453,43
2060,4,191,123
2060,5,450,102
2061,1,325,44
2061,2,349,100
2061,3,59,43
2061,4,370,50
2061,5,117,41
2062,1,500,64
2062,2,127,98
2062,3,280,145
2062,4,162,81
2062,5,210,135
2063,1,338,50
2063,2,117,144
2063,3,128,106
2063,4,484,104
2063,5,461,113
2064,1,304,121
2064,2,51,124
2064,3,424,146
2064,4,278,96
2064,5,271,90
2065,1,262,111
2065,2,312,97
2065,3,366,31
2065,4,172,55
2065,5,86,99
2066,1,396,119
2066,2,259,146
2066,3,64,39
2066,4,176,40
2066,5,352,108
2067,1,487,76
2067,2,422,126
2067,3,87,117
2067,4,386,97
2067,5,446,33
2068,1,269,125
2068,2,199,77
2068,3,405,102
2068,4,493,97
2068,5,369,126
2069,1,324,96
2069,2,316,142
2069,3,53,35
2069,4,436,55
2069,5,237,100
2070,1,402,127
2070,2,233,139
2070,3,407,33
2070,4,256,102
2070,5,359,133
2071,1,443,118
2071,2,108,98
2071,3,97,61
2071,4,401,33
2071,5,151,63
2072,1,494,102
2072,2,286,129
2072,3,254,89
2072,4,499,45
2072,5,382,52
2073,1,380,122
2073,2,112,130
2073,3,157,56
2073,4,449,46
2073,5,84,31
2074,1,196,146
2074,2,265,59
2074,3,92,95
2074,4,500,133
2074,5,122,114
2075,1,249,76
2075,2,120,145
2075,3,164,102
2075,4,476,60
2075,5,478,96
2076,1,253,99
2076,2,451,99
2076,3,354,127
2076,4,463,45
2076,5,360,98
2077,1,255,85
2077,2,297,39
2077,3,66,137
2077,4,412,84
2077,5,438,44
2078,1,322,113
2078,2,250,66
2078,3,338,143
2078,4,348,96
2078,5,404,86
2079,1,186,105
2079,2,60,55
2079,3,168,132
2079,4,186,39
2079,5,493,136
2080,1,403,42
2080,2,377,142
2080,3,389,62
2080,4,320,96
2080,5,215,105
2081,1,262,56
2081,2,466,50
2081,3,460,30
2081,4,408,122
2081,5,445,39
2082,1,130,93
2082,2,89,34
2082,3,332,139
2082,4,148,148
2082,5,223,144
2083,1,286,101
2083,2,426,95
2083,3,499,82
2083,4,233,133
2083,5,57,131
2084,1,397,46
2084,2,323,97
2084,3,232,111
2084,4,97,41
2084,5,499,126
2085,1,500,116
2085,2,456,141
2085,3,437,122
2085,4,295,60
2085,5,492,112
2086,1,307,104
2086,2,482,40
2086,3,164,92
2086,4,255,33
2086,5,170,134
2087,1,450,128
2087,2,223,55
2087,3,93,120
2087,4,265,69
2087,5,95,122
2088,1,337,53
2088,2,240,143
2088,3,113,150
2088,4,461,58
2088,5,213,95
2089,1,215,83
2089,2,284,119
2089,3,340,145
2089,4,337,71
2089,5,88,109
2090,1,206,98
2090,2,288,149
2090,3,340,132
2090,4,137,71
2090,5,329,58
2091,1,52,103
2091,2,76,127
2091,3,484,80
2091,4,376,53
2091,5,410,98
2092,1,216,33
2092,2,400,150
2092,3,371,71
2092,4,103,32
2092,5,122,137
2093,1,472,100
2093,2,163,109
2093,3,89,55
2093,4,118,50
2093,5,417,73
2094,1,316,70
2094,2,404,139
2094,3,461,118
2094,4,181,71
2094,5,61,140
2095,1,386,150
2095,2,303,94
2095,3,463,136
2095,4,265,89
2095,5,438,43
2096,1,276,58
2096,2,481,86
2096,3,385,47
2096,4,404,88
2096,5,447,50
2097,1,323,77
2097,2,315,112
2097,3,459,109
2097,4,175,95
2097,5,462,48
2098,1,268,48
2098,2,223,119
2098,3,113,114
2098,4,188,45
2098,5,55,140
2099,1,370,97
2099,2,134,115
2099,3,331,46
2099,4,298,33
2099,5,464,47
2100,1,236,48
2100,2,87,32
2100,3,400,130
2100,4,208,98
2100,5,119,128
2101,1,273,42
2101,2,383,99
2101,3,113,136
2101,4,276,47
2101,5,330,140
2102,1,237,93
2102,2,414,77
2102,3,99,108
2102,4,185,49
2102,5,463,69
2103,1,64,130
2103,2,403,136
2103,3,76,35
2103,4,140,130
2103,5,390,48
2104,1,443,102
2104,2,479,104
2104,3,356,134
2104,4,74,91
2104,5,85,125
2105,1,81,133
2105,2,74,145
2105,3,89,75
2105,4,345,145
2105,5,340,32
2106,1,330,109
2106,2,140,71
2106,3,411,75
2106,4,384,63
2106,5,440,35
2107,1,324,101
2107,2,282,118
2107,3,173,124
2107,4,199,147
2107,5,230,38
2108,1,172,137
2108,2,221,75
2108,3,315,67
2108,4,390,97
2108,5,449,86
2109,1,114,100
2109,2,313,115
2109,3,444,120
2109,4,480,118
2109,5,390,147
2110,1,402,132
2110,2,413,60
2110,3,343,84
2110,4,206,36
2110,5,301,95
2111,1,430,125
2111,2,66,82
2111,3,420,41
2111,4,470,127
2111,5,321,141
2112,1,302,109
2112,2,143,30
2112,3,93,98
2112,4,421,95
2112,5,132,132
2113,1,490,33
2113,2,433,58
2113,3,456,72
2113,4,471,82
2113,5,342,73
2114,1,172,66
2114,2,308,137
2114,3,284,37
2114,4,342,120
2114,5,138,133
2115,1,367,124
2115,2,251,34
2115,3,300,70
2115,4,466,31
2115,5,218,113
2116,1,117,120
2116,2,141,72
2116,3,401,140
2116,4,480,68
2116,5,208,145
2117,1,158,88
2117,2,391,77
2117,3,115,82
2117,4,96,112
2117,5,112,130
2118,1,245,135
2118,2,259,121
2118,3,94,96
2118,4,222,95
2118,5,431,52
2119,1,184,130
2119,2,68,133
2119,3,293,52
2119,4,229,66
2119,5,378,78
2120,1,106,138
2120,2,111,108
2120,3,297,89
2120,4,489,100
2120,5,126,127
2121,1,286,55
2121,2,321,102
2121,3,167,96
2121,4,284,114
2121,5,363,43
2122,1,418,49
2122,2,484,35
2122,3,490,51
2122,4,109,113
2122,5,53,113
2123,1,455,105
2123,2,142,129
2123,3,478,133
2123,4,495,121
2123,5,313,110
2124,1,154,114
2124,2,54,149
2124,3,304,50
2124,4,184,97
2124,5,334,95
2125,1,333,90
2125,2,474,101
2125,3,131,109
2125,4,302,114
2125,5,89,149
2126,1,231,119
2126,2,357,105
2126,3,420,69
2126,4,238,32
2126,5,185,79
2127,1,430,52
2127,2,468,115
2127,3,174,113
2127,4,302,51
2127,5,314,45
2128,1,351,133
2128,2,182,61
2128,3,429,94
2128,4,229,53
2128,5,96,126
2129,1,82,88
2129,2,370,126
2129,3,81,42
2129,4,297,41
2129,5,377,32
2130,1,133,96
2130,2,175,143
2130,3,160,120
2130,4,222,44
2130,5,191,72
2131,1,196,90
2131,2,258,65
2131,3,191,47
2131,4,224,101
2131,5,424,91
2132,1,377,36
2132,2,466,92
2132,3,214,56
2132,4,433,126
2132,5,408,114
2133,1,117,46
2133,2,332,134
2133,3,94,49
2133,4,329,131
2133,5,54,81
2134,1,177,54
2134,2,148,97
2134,3,57,96
2134,4,372,70
2134,5,444,61
2135,1,427,52
2135,2,438,48
2135,3,126,104
2135,4,227,72
2135,5,230,42
2136,1,66,142
2136,2,417,98
2136,3,426,98
2136,4,240,90
2136,5,68,139
2137,1,142,146
2137,2,245,78
2137,3,189,149
2137,4,51,134
2137,5,233,69
2138,1,78,40
2138,2,127,113
2138,3,325,113
2138,4,290,120
2138,5,138,122
2139,1,84,54
2139,2,353,131
2139,3,308,126
2139,4,85,63
2139,5,185,41
2140,1,465,54
2140,2,386,36
2140,3,155,145
2140,4,226,71
2140,5,222,123
2141,1,97,116
2141,2,286,136
2141,3,355,117
2141,4,93,92
2141,5,375,131
2142,1,189,117
2142,2,196,40
2142,3,380,70
2142,4,110,36
2142,5,360,35
2143,1,442,61
2143,2,55,36
2143,3,235,85
2143,4,321,59
2143,5,126,67
2144,1,303,134
2144,2,122,80
2144,3,99,53
2144,4,422,62
2144,5,360,56
2145,1,240,94
2145,2,190,79
2145,3,494,90
2145,4,497,106
2145,5,391,146
2146,1,417,116
2146,2,244,114
2146,3,168,101
2146,4,56,146
2146,5,129,80
2147,1,452,73
2147,2,240,118
2147,3,400,147
2147,4,362,130
2147,5,256,75
2148,1,239,112
2148,2,85,102
2148,3,420,144
2148,4,488,53
2148,5,266,110
2149,1,318,33
2149,2,211,113
2149,3,76,91
2149,4,97,100
2149,5,205,96
2150,1,473,125
2150,2,144,109
2150,3,242,97
2150,4,112,65
2150,5,281,90
2151,1,159,61
2151,2,170,108
2151,3,450,91
2151,4,243,99
2151,5,337,73
2152,1,173,123
2152,2,374,132
2152,3,413,33
2152,4,315,117
2152,5,113,75
2153,1,449,49
2153,2,105,101
2153,3,263,91
2153,4,158,30
2153,5,168,92
2154,1,121,84
2154,2,448,145
2154,3,66,65
2154,4,297,58
2154,5,124,61
2155,1,73,41
2155,2,246,77
2155,3,341,136
2155,4,464,120
2155,5,402,83
2156,1,406,124
2156,2,322,142
2156,3,70,117
2156,4,141,124
2156,5,200,115
2157,1,95,147
2157,2,156,42
2157,3,278,64
2157,4,233,79
2157,5,358,118
2158,1,409,103
2158,2,126,127
2158,3,272,54
2158,4,157,71
2158,5,432,77
2159,1,75,139
2159,2,209,42
2159,3,466,107
2159,4,100,139
2159,5,271,123
2160,1,208,66
2160,2,75,68
2160,3,285,116
2160,4,289,89
2160,5,59,66
2161,1,308,67
2161,2,459,43
2161,3,176,76
2161,4,332,41
2161,5,151,96
2162,1,229,117
2162,2,150,117
2162,3,209,34
2162,4,435,39
2162,5,267,68
2163,1,339,88
2163,2,205,86
2163,3,329,50
2163,4,364,59
2163,5,175,78
2164,1,364,141
2164,2,312,51
2164,3,183,95
2164,4,383,64
2164,5,273,90
2165,1,274,72
2165,2,471,99
2165,3,342,61
2165,4,416,31
2165,5,316,141
2166,1,410,137
2166,2,376,111
2166,3,79,132
2166,4,423,74
2166,5,179,79
2167,1,343,107
2167,2,136,128
2167,3,224,64
2167,4,434,33
2167,5,245,103
2168,1,253,108
2168,2,164,32
2168,3,170,132
2168,4,62,71
2168,5,482,66
2169,1,365,71
2169,2,288,58
2169,3,492,35
2169,4,376,56
2169,5,392,105
2170,1,221,77
2170,2,324,65
2170,3,267,117
2170,4,142,46
2170,5,211,96
2171,1,81,145
2171,2,300,37
2171,3,213,119
2171,4,483,116
2171,5,304,46
2172,1,374,46
2172,2,62,115
2172,3,248,63
2172,4,212,56
2172,5,96,126
2173,1,480,73
2173,2,137,63
2173,3,140,87
2173,4,278,38
2173,5,397,67
2174,1,110,66
2174,2,174,135
2174,3,168,146
2174,4,254,118
2174,5,100,52
2175,1,157,45
2175,2,447,35
2175,3,175,53
2175,4,478,134
2175,5,427,40
2176,1,358,47
2176,2,391,49
2176,3,445,91
2176,4,389,74
2176,5,244,131
2177,1,296,69
2177,2,91,111
2177,3,389,108
2177,4,312,31
2177,5,431,37
2178,1,401,33
2178,2,465,34
2178,3,294,134
2178,4,346,141
2178,5,436,105
2179,1,53,112
2179,2,143,138
2179,3,278,100
2179,4,247,133
2179,5,363,39
2180,1,491,99
2180,2,179,119
2180,3,497,61
2180,4,65,112
2180,5,500,118
2181,1,91,128
2181,2,73,141
2181,3,187,114
2181,4,229,131
2181,5,167,136
2182,1,434,145
2182,2,499,136
2182,3,211,44
2182,4,167,123
2182,5,297,141
2183,1,223,38
2183,2,221,52
2183,3,475,80
2183,4,463,81
2183,5,59,135
2184,1,382,81
2184,2,287,73
2184,3,144,30
2184,4,123,68
2184,5,473,144
2185,1,330,72
2185,2,450,76
2185,3,470,38
2185,4,199,131
2185,5,336,41
2186,1,389,84
2186,2,418,70
2186,3,462,103
2186,4,304,46
2186,5,143,101
2187,1,103,110
2187,2,88,98
2187,3,437,115
2187,4,154,100
2187,5,202,50
2188,1,61,141
2188,2,440,118
2188,3,391,100
2188,4,142,67
2188,5,109,63
2189,1,225,38
2189,2,310,122
2189,3,296,74
2189,4,259,110
2189,5,317,31
2190,1,482,74
2190,2,190,93
2190,3,379,150
2190,4,432,91
2190,5,373,52
2191,1,321,90
2191,2,420,121
2191,3,60,108
2191,4,99,31
2191,5,157,93
2192,1,405,59
2192,2,313,142
2192,3,266,66
2192,4,286,55
2192,5,180,141
2193,1,195,145
2193,2,77,111
2193,3,146,54
2193,4,254,53
2193,5,364,126
2194,1,432,69
2194,2,305,132
2194,3,296,93
2194,4,354,109
2194,5,133,115
2195,1,312,37
2195,2,327,77
2195,3,156,123
2195,4,143,66
2195,5,133,149
2196,1,334,119
2196,2,151,113
2196,3,397,139
2196,4,60,46
2196,5,360,94
2197,1,203,136
2197,2,478,48
2197,3,338,134
2197,4,318,104
2197,5,194,55
2198,1,283,139
2198,2,365,128
2198,3,358,64
2198,4,73,69
2198,5,242,37
2199,1,138,79
2199,2,224,77
2199,3,346,103
2199,4,95,62
2199,5,196,141
2200,1,132,51
2200,2,134,61
2200,3,184,103
2200,4,411,35
2200,5,497,132
2201,1,69,149
2201,2,342,101
2201,3,242,39
2201,4,391,41
2201,5,305,147
2202,1,434,36
2202,2,79,108
2202,3,495,94
2202,4,84,106
2202,5,135,147
2203,1,226,126
2203,2,157,110
2203,3,103,136
2203,4,397,58
2203,5,210,93
2204,1,55,50
2204,2,111,54
2204,3,364,51
2204,4,273,37
2204,5,362,105
2205,1,162,101
2205,2,240,135
2205,3,366,76
2205,4,166,125
2205,5,123,147
2206,1,166,35
2206,2,275,132
2206,3,495,45
2206,4,354,49
2206,5,120,111
2207,1,489,139
2207,2,291,55
2207,3,467,111
2207,4,462,36
2207,5,324,88
2208,1,193,78
2208,2,111,65
2208,3,366,130
2208,4,77,80
2208,5,156,82
2209,1,374,148
2209,2,489,46
2209,3,82,131
2209,4,190,31
2209,5,257,122
2210,1,485,132
2210,2,80,63
2210,3,124,47
2210,4,159,97
2210,5,150,40
2211,1,101,58
2211,2,344,113
2211,3,158,70
2211,4,117,60
2211,5,426,31
2212,1,71,39
2212,2,309,75
2212,3,489,123
2212,4,287,85
2212,5,446,50
2213,1,436,118
2213,2,137,122
2213,3,249,127
2213,4,164,132
2213,5,52,104
2214,1,166,70
2214,2,340,59
2214,3,312,62
2214,4,290,57
2214,5,302,106
2215,1,269,125
2215,2,104,106
2215,3,202,129
2215,4,94,130
2215,5,367,83
2216,1,341,144
2216,2,498,117
2216,3,417,134
2216,4,255,138
2216,5,493,124
2217,1,116,82
2217,2,468,134
2217,3,237,133
2217,4,215,124
2217,5,484,123
2218,1,185,45
2218,2,206,52
2218,3,448,91
2218,4,110,114
2218,5,281,36
2219,1,320,128
2219,2,275,146
2219,3,418,99
2219,4,344,127
2219,5,360,74
2220,1,465,39
2220,2,361,80
2220,3,56,105
2220,4,98,85
2220,5,292,139
2221,1,305,84
2221,2,65,42
2221,3,198,34
2221,4,459,61
2221,5,383,77
2222,1,414,122
2222,2,255,142
2222,3,286,119
2222,4,468,139
2222,5,263,42
2223,1,262,52
2223,2,209,37
2223,3,453,138
2223,4,338,58
2223,5,93,146
2224,1,217,143
2224,2,493,146
2224,3,132,76
2224,4,344,49
2224,5,74,145
2225,1,131,77
2225,2,163,93
2225,3,73,128
2225,4,96,39
2225,5,319,134
2226,1,212,119
2226,2,147,98
2226,3,53,140
2226,4,207,148
2226,5,426,86
2227,1,297,114
2227,2,296,42
2227,3,256,81
2227,4,100,115
2227,5,402,120
2228,1,272,146
2228,2,484,57
2228,3,355,81
2228,4,338,82
2228,5,183,34
2229,1,399,135
2229,2,336,66
2229,3,289,87
2229,4,440,103
2229,5,122,82
2230,1,88,55
2230,2,60,47
2230,3,291,145
2230,4,388,69
2230,5,352,121
2231,1,474,110
2231,2,195,105
2231,3,469,84
2231,4,186,123
2231,5,56,35
2232,1,282,127
2232,2,251,35
2232,3,256,121
2232,4,362,57
2232,5,226,112
2233,1,258,33
2233,2,206,137
2233,3,121,67
2233,4,184,141
2233,5,147,126
2234,1,202,62
2234,2,125,132
2234,3,221,83
2234,4,70,36
2234,5,248,139
2235,1,201,91
2235,2,306,114
2235,3,214,47
2235,4,448,87
2235,5,100,74
2236,1,127,149
2236,2,145,62
2236,3,91,101
2236,4,160,52
2236,5,437,83
2237,1,400,53
2237,2,102,146
2237,3,234,83
2237,4,128,61
2237,5,359,94
2238,1,496,35
2238,2,160,147
2238,3,169,43
2238,4,299,96
2238,5,104,91
2239,1,92,37
2239,2,78,129
2239,3,270,145
2239,4,268,67
2239,5,155,37
2240,1,475,107
2240,2,424,53
2240,3,86,38
2240,4,101,44
2240,5,67,116
2241,1,186,66
2241,2,475,55
2241,3,138,85
2241,4,102,127
2241,5,490,70
2242,1,269,59
2242,2,484,44
2242,3,52,87
2242,4,223,46
2242,5,393,145
2243,1,279,93
2243,2,284,145
2243,3,88,74
2243,4,463,87
2243,5,187,82
2244,1,223,146
2244,2,392,91
2244,3,320,33
2244,4,74,132
2244,5,386,135
2245,1,218,52
2245,2,317,117
2245,3,206,90
2245,4,369,88
2245,5,152,65
2246,1,492,30
2246,2,229,63
2246,3,106,101
2246,4,201,120
2246,5,173,78
2247,1,457,77
2247,2,62,112
2247,3,95,64
2247,4,315,144
2247,5,465,132
2248,1,113,84
2248,2,84,54
2248,3,195,147
2248,4,145,35
2248,5,245,44
2249,1,228,30
2249,2,391,101
2249,3,86,71
2249,4,251,100
2249,5,305,36
2250,1,248,74
2250,2,295,80
2250,3,428,149
2250,4,389,49
2250,5,396,102
2251,1,267,148
2251,2,83,111
2251,3,124,149
2251,4,75,115
2251,5,485,57
2252,1,85,30
2252,2,411,83
2252,3,142,60
2252,4,463,133
2252,5,381,117
2253,1,476,33
2253,2,167,69
2253,3,131,143
2253,4,145,43
2253,5,312,85
2254,1,100,117
2254,2,314,86
2254,3,222,128
2254,4,500,115
2254,5,202,34
2255,1,384,149
2255,2,439,149
2255,3,359,98
2255,4,388,78
2255,5,459,132
2256,1,347,149
2256,2,498,115
2256,3,55,149
2256,4,78,107
2256,5,69,68
2257,1,473,96
2257,2,326,56
2257,3,369,105
2257,4,80,53
2257,5,53,76
2258,1,394,82
2258,2,455,117
2258,3,351,119
2258,4,143,64
2258,5,257,115
2259,1,438,121
2259,2,384,142
2259,3,452,58
2259,4,168,90
2259,5,434,41
2260,1,275,32
2260,2,161,144
2260,3,456,98
2260,4,111,65
2260,5,211,70
2261,1,360,43
2261,2,230,149
2261,3,226,45
2261,4,150,90
2261,5,319,149
2262,1,323,117
2262,2,230,86
2262,3,242,135
2262,4,447,148
2262,5,292,35
2263,1,436,52
2263,2,414,91
2263,3,336,37
2263,4,163,105
2263,5,160,43
2264,1,267,85
2264,2,367,110
2264,3,74,73
2264,4,273,111
2264,5,496,96
2265,1,216,55
2265,2,435,108
2265,3,208,53
2265,4,230,39
2265,5,340,71
2266,1,205,30
2266,2,476,51
2266,3,152,86
2266,4,87,65
2266,5,77,136
2267,1,180,37
2267,2,238,146
2267,3,307,71
2267,4,403,140
2267,5,352,129
2268,1,141,55
2268,2,155,68
2268,3,130,49
2268,4,60,63
2268,5,433,78
2269,1,292,125
2269,2,65,144
2269,3,114,36
2269,4,499,137
2269,5,437,113
2270,1,277,54
2270,2,200,123
2270,3,343,141
2270,4,230,46
2270,5,133,117
2271,1,128,55
2271,2,72,139
2271,3,133,106
2271,4,316,126
2271,5,465,71
2272,1,476,66
2272,2,312,33
2272,3,88,88
2272,4,295,36
2272,5,143,77
2273,1,196,116
2273,2,366,80
2273,3,200,59
2273,4,207,54
2273,5,341,55
2274,1,495,87
2274,2,364,96
2274,3,94,144
2274,4,298,99
2274,5,186,83
2275,1,143,46
2275,2,236,53
2275,3,68,49
2275,4,60,70
2275,5,472,98
2276,1,344,142
2276,2,391,41
2276,3,285,112
2276,4,272,120
2276,5,64,73
2277,1,324,109
2277,2,120,142
2277,3,361,107
2277,4,333,145
2277,5,464,63
2278,1,454,107
2278,2,106,88
2278,3,104,103
2278,4,116,119
2278,5,135,146
2279,1,468,106
2279,2,61,97
2279,3,251,148
2279,4,423,61
2279,5,85,111
2280,1,228,48
2280,2,352,137
2280,3,174,47
2280,4,69,91
2280,5,391,147
2281,1,142,96
2281,2,312,81
2281,3,275,47
2281,4,314,130
2281,5,320,112
2282,1,116,32
2282,2,112,112
2282,3,253,49
2282,4,181,144
2282,5,154,95
2283,1,286,119
2283,2,165,120
2283,3,387,68
2283,4,298,60
2283,5,383,137
2284,1,297,134
2284,2,241,132
2284,3,84,142
2284,4,341,31
2284,5,60,103
2285,1,238,71
2285,2,200,30
2285,3,306,103
2285,4,54,137
2285,5,293,116
2286,1,445,90
2286,2,213,99
2286,3,463,99
2286,4,163,33
2286,5,345,122
2287,1,103,138
2287,2,282,47
2287,3,51,74
2287,4,314,110
2287,5,347,96
2288,1,326,66
2288,2,424,47
2288,3,340,68
2288,4,218,133
2288,5,279,86
2289,1,432,145
2289,2,464,122
2289,3,193,118
2289,4,500,147
2289,5,285,47
2290,1,479,148
2290,2,491,103
2290,3,318,102
2290,4,180,90
2290,5,266,103
2291,1,394,77
2291,2,257,87
2291,3,105,95
2291,4,173,86
2291,5,114,140
2292,1,55,62
2292,2,91,90
2292,3,476,74
2292,4,124,46
2292,5,403,48
2293,1,213,78
2293,2,307,32
2293,3,276,137
2293,4,500,33
2293,5,95,100
2294,1,251,111
2294,2,440,113
2294,3,351,146
2294,4,343,93
2294,5,388,84
2295,1,284,82
2295,2,354,121
2295,3,372,79
2295,4,84,58
2295,5,363,57
2296,1,325,68
2296,2,425,34
2296,3,360,83
2296,4,464,125
2296,5,230,131
2297,1,405,52
2297,2,247,57
2297,3,293,47
2297,4,267,37
2297,5,254,134
2298,1,72,126
2298,2,152,81
2298,3,78,70
2298,4,489,42
2298,5,391,111
2299,1,125,124
2299,2,239,147
2299,3,300,127
2299,4,94,36
2299,5,71,103
2300,1,51,67
2300,2,190,79
2300,3,155,125
2300,4,265,145
2300,5,122,137
2301,1,281,36
2301,2,263,56
2301,3,323,118
2301,4,380,44
2301,5,493,84
2302,1,61,130
2302,2,244,78
2302,3,353,74
2302,4,397,132
2302,5,468,45
2303,1,305,143
2303,2,83,34
2303,3,458,133
2303,4,354,126
2303,5,270,77
2304,1,269,59
2304,2,404,137
2304,3,53,90
2304,4,134,63
2304,5,342,147
2305,1,498,138
2305,2,51,105
2305,3,407,58
2305,4,115,38
2305,5,463,62
2306,1,358,144
2306,2,448,42
2306,3,272,94
2306,4,439,69
2306,5,438,134
2307,1,53,44
2307,2,239,102
2307,3,355,59
2307,4,167,103
2307,5,189,95
2308,1,96,84
2308,2,121,119
2308,3,201,102
2308,4,64,75
2308,5,162,103
2309,1,392,76
2309,2,103,48
2309,3,101,82
2309,4,282,52
2309,5,389,81
2310,1,349,117
2310,2,241,38
2310,3,226,100
2310,4,374,66
2310,5,288,83
2311,1,403,110
2311,2,126,98
2311,3,265,132
2311,4,344,39
2311,5,457,125
2312,1,364,34
2312,2,500,40
2312,3,251,94
2312,4,370,113
2312,5,357,113
2313,1,438,134
2313,2,289,75
2313,3,66,84
2313,4,314,132
2313,5,378,45
2314,1,204,127
2314,2,216,74
2314,3,432,79
2314,4,261,114
2314,5,111,55
2315,1,100,148
2315,2,230,124
2315,3,94,136
2315,4,276,141
2315,5,336,31
2316,1,402,50
2316,2,342,137
2316,3,207,44
2316,4,360,141
2316,5,325,101
2317,1,299,138
2317,2,235,138
2317,3,173,68
2317,4,284,42
2317,5,461,124
2318,1,358,37
2318,2,113,35
2318,3,132,88
2318,4,51,39
2318,5,384,91
2319,1,58,134
2319,2,285,75
2319,3,212,39
2319,4,182,41
2319,5,230,73
2320,1,144,86
2320,2,261,110
2320,3,216,71
2320,4,67,46
2320,5,303,136
2321,1,449,122
2321,2,401,142
2321,3,248,89
2321,4,75,116
2321,5,493,78
2322,1,491,136
2322,2,54,125
2322,3,471,107
2322,4,424,102
2322,5,378,100
2323,1,67,86
2323,2,371,139
2323,3,205,69
2323,4,334,38
2323,5,333,146
2324,1,478,32
2324,2,216,128
2324,3,173,55
2324,4,175,33
2324,5,194,103
2325,1,179,146
2325,2,428,131
2325,3,320,100
2325,4,353,138
2325,5,482,131
2326,1,225,43
2326,2,227,57
2326,3,285,110
2326,4,500,85
2326,5,493,99
2327,1,95,45
2327,2,422,40
2327,3,199,113
2327,4,448,33
2327,5,241,116
2328,1,284,79
2328,2,217,136
2328,3,487,64
2328,4,170,99
2328,5,296,73
2329,1,222,44
2329,2,92,44
2329,3,255,89
2329,4,163,46
2329,5,179,71
2330,1,163,84
2330,2,460,141
2330,3,336,101
2330,4,455,38
2330,5,474,117
2331,1,435,47
2331,2,222,104
2331,3,302,67
2331,4,374,33
2331,5,70,78
2332,1,342,150
2332,2,478,131
2332,3,371,144
2332,4,395,64
2332,5,282,150
2333,1,110,84
2333,2,260,92
2333,3,257,73
2333,4,191,132
2333,5,321,63
2334,1,417,118
2334,2,349,101
2334,3,350,47
2334,4,362,115
2334,5,435,54
2335,1,92,62
2335,2,204,75
2335,3,315,42
2335,4,423,109
2335,5,192,42
2336,1,110,111
2336,2,415,125
2336,3,495,62
2336,4,358,64
2336,5,240,91
2337,1,58,97
2337,2,379,30
2337,3,68,135
2337,4,249,43
2337,5,93,122
2338,1,457,98
2338,2,232,44
2338,3,336,88
2338,4,159,137
2338,5,86,87
2339,1,392,57
2339,2,299,58
2339,3,500,61
2339,4,366,121
2339,5,361,87
2340,1,388,145
2340,2,262,84
2340,3,188,95
2340,4,385,137
2340,5,339,126
2341,1,95,51
2341,2,424,60
2341,3,225,76
2341,4,275,45
2341,5,322,123
2342,1,117,118
2342,2,476,138
2342,3,360,123
2342,4,387,118
2342,5,268,40
2343,1,303,137
2343,2,385,118
2343,3,68,33
2343,4,115,140
2343,5,201,78
2344,1,445,101
2344,2,82,88
2344,3,146,136
2344,4,192,131
2344,5,254,87
2345,1,338,35
2345,2,217,94
2345,3,427,75
2345,4,197,104
2345,5,308,73
2346,1,113,117
2346,2,219,72
2346,3,500,149
2346,4,376,42
2346,5,71,38
2347,1,416,73
2347,2,265,36
2347,3,71,99
2347,4,125,56
2347,5,367,63
2348,1,446,65
2348,2,253,38
2348,3,287,70
2348,4,262,55
2348,5,390,136
2349,1,148,33
2349,2,429,93
2349,3,107,66
2349,4,130,64
2349,5,58,78
2350,1,371,76
2350,2,480,141
2350,3,407,85
2350,4,67,74
2350,5,99,142
2351,1,187,146
2351,2,352,118
2351,3,312,136
2351,4,144,76
2351,5,430,67
2352,1,385,122
2352,2,334,129
2352,3,129,142
2352,4,315,37
2352,5,439,43
2353,1,273,98
2353,2,228,56
2353,3,191,62
2353,4,116,80
2353,5,116,66
2354,1,58,105
2354,2,443,62
2354,3,190,40
2354,4,491,127
2354,5,211,85
2355,1,206,82
2355,2,96,53
2355,3,348,36
2355,4,104,54
2355,5,309,126
2356,1,350,71
2356,2,410,59
2356,3,387,48
2356,4,488,38
2356,5,278,68
2357,1,220,47
2357,2,417,79
2357,3,469,143
2357,4,207,68
2357,5,241,45
2358,1,293,114
2358,2,288,123
2358,3,354,104
2358,4,465,104
2358,5,444,129
2359,1,401,71
2359,2,65,117
2359,3,494,90
2359,4,415,149
2359,5,119,61
2360,1,224,75
2360,2,119,128
2360,3,53,41
2360,4,405,72
2360,5,432,122
2361,1,61,131
2361,2,368,82
2361,3,263,136
2361,4,56,91
2361,5,253,78
2362,1,119,36
2362,2,423,114
2362,3,237,128
2362,4,99,127
2362,5,469,75
2363,1,449,83
2363,2,58,83
2363,3,266,140
2363,4,212,62
2363,5,276,116
2364,1,390,35
2364,2,109,133
2364,3,84,120
2364,4,324,80
2364,5,405,120
2365,1,222,53
2365,2,139,124
2365,3,248,78
2365,4,301,139
2365,5,179,98
2366,1,77,86
2366,2,53,57
2366,3,84,61
2366,4,50,135
2366,5,416,119
2367,1,237,109
2367,2,134,123
2367,3,242,104
2367,4,207,96
2367,5,94,54
2368,1,88,93
2368,2,247,87
2368,3,478,104
2368,4,72,140
2368,5,500,81
2369,1,195,146
2369,2,394,94
2369,3,91,49
2369,4,419,48
2369,5,157,57
2370,1,221,95
2370,2,286,47
2370,3,480,120
2370,4,70,148
2370,5,383,141
2371,1,122,95
2371,2,327,130
2371,3,295,31
2371,4,236,55
2371,5,426,132
2372,1,221,124
2372,2,145,150
2372,3,236,87
2372,4,473,92
2372,5,343,98
2373,1,274,147
2373,2,401,139
2373,3,402,124
2373,4,53,107
2373,5,56,138
2374,1,480,97
2374,2,364,116
2374,3,459,126
2374,4,181,149
2374,5,262,87
2375,1,427,141
2375,2,213,87
2375,3,156,142
2375,4,78,36
2375,5,101,114
2376,1,105,145
2376,2,126,70
2376,3,147,133
2376,4,370,48
2376,5,294,42
2377,1,297,95
2377,2,464,63
2377,3,128,94
2377,4,244,100
2377,5,145,65
2378,1,363,70
2378,2,400,84
2378,3,207,98
2378,4,430,38
2378,5,327,111
2379,1,466,102
2379,2,464,71
2379,3,443,87
2379,4,272,91
2379,5,61,70
2380,1,119,31
2380,2,485,149
2380,3,80,56
2380,4,187,80
2380,5,436,116
2381,1,431,57
2381,2,427,137
2381,3,363,116
2381,4,342,145
2381,5,355,103
2382,1,97,81
2382,2,139,82
2382,3,289,123
2382,4,367,42
2382,5,151,102
2383,1,452,105
2383,2,55,47
2383,3,465,148
2383,4,62,83
2383,5,431,58
2384,1,452,86
2384,2,108,118
2384,3,203,116
2384,4,113,120
2384,5,482,94
2385,1,299,74
2385,2,335,32
2385,3,113,62
2385,4,358,86
2385,5,448,106
2386,1,425,63
2386,2,177,120
2386,3,326,130
2386,4,442,78
2386,5,428,61
2387,1,76,109
2387,2,389,80
2387,3,246,60
2387,4,337,40
2387,5,396,40
2388,1,343,127
2388,2,458,141
2388,3,389,46
2388,4,356,132
2388,5,211,48
2389,1,470,89
2389,2,458,32
2389,3,446,134
2389,4,154,83
2389,5,125,141
2390,1,265,101
2390,2,494,97
2390,3,324,47
2390,4,56,119
2390,5,390,141
2391,1,311,85
2391,2,424,119
2391,3,59,94
2391,4,437,114
2391,5,342,117
2392,1,398,135
2392,2,289,58
2392,3,188,96
2392,4,278,62
2392,5,347,84
2393,1,71,125
2393,2,61,102
2393,3,286,138
2393,4,158,140
2393,5,195,137
2394,1,233,80
2394,2,88,137
2394,3,278,93
2394,4,293,135
2394,5,288,90
2395,1,435,143
2395,2,253,76
2395,3,192,93
2395,4,125,98
2395,5,225,48
2396,1,65,134
2396,2,483,126
2396,3,486,38
2396,4,106,56
2396,5,469,105
2397,1,400,132
2397,2,50,123
2397,3,292,110
2397,4,313,37
2397,5,151,75
2398,1,402,50
2398,2,416,54
2398,3,64,43
2398,4,413,102
2398,5,362,121
2399,1,351,40
2399,2,392,61
2399,3,59,67
2399,4,244,38
2399,5,121,115
2400,1,318,73
2400,2,456,132
2400,3,488,63
2400,4,380,131
2400,5,281,108
2401,1,147,46
2401,2,362,124
2401,3,475,116
2401,4,152,46
2401,5,443,55
2402,1,479,94
2402,2,384,115
2402,3,490,132
2402,4,356,105
2402,5,481,39
2403,1,423,150
2403,2,495,44
2403,3,191,65
2403,4,445,38
2403,5,199,136
2404,1,243,68
2404,2,431,84
2404,3,419,133
2404,4,140,49
2404,5,411,71
2405,1,98,44
2405,2,349,36
2405,3,431,49
2405,4,372,64
2405,5,175,88
2406,1,400,103
2406,2,102,52
2406,3,215,111
2406,4,57,72
2406,5,285,106
2407,1,399,108
2407,2,285,40
2407,3,446,41
2407,4,353,51
2407,5,140,88
2408,1,109,140
2408,2,141,120
2408,3,60,89
2408,4,426,31
2408,5,54,66
2409,1,166,32
2409,2,165,115
2409,3,428,36
2409,4,174,65
2409,5,348,36
2410,1,203,44
2410,2,377,39
2410,3,190,46
2410,4,85,113
2410,5,130,53
2411,1,458,129
2411,2,176,139
2411,3,311,141
2411,4,421,40
2411,5,178,125
2412,1,203,133
2412,2,198,120
2412,3,322,138
2412,4,129,142
2412,5,184,73
2413,1,267,39
2413,2,280,61
2413,3,202,80
2413,4,416,73
2413,5,258,80
2414,1,122,99
2414,2,82,84
2414,3,206,51
2414,4,261,124
2414,5,193,126
2415,1,94,85
2415,2,265,88
2415,3,425,38
2415,4,386,46
2415,5,60,148
2416,1,86,124
2416,2,411,48
2416,3,161,42
2416,4,173,73
2416,5,403,42
2417,1,461,32
2417,2,340,110
2417,3,354,93
2417,4,178,95
2417,5,490,103
2418,1,156,73
2418,2,484,43
2418,3,98,143
2418,4,362,50
2418,5,471,125
2419,1,75,106
2419,2,64,139
2419,3,144,106
2419,4,153,138
2419,5,353,60
2420,1,141,64
2420,2,400,102
2420,3,134,80
2420,4,215,127
2420,5,342,103
2421,1,500,124
2421,2,450,102
2421,3,419,87
2421,4,210,84
2421,5,165,115
2422,1,348,62
2422,2,146,123
2422,3,479,31
2422,4,244,47
2422,5,78,113
2423,1,274,63
2423,2,156,62
2423,3,360,35
2423,4,78,83
2423,5,204,86
2424,1,486,136
2424,2,300,112
2424,3,85,136
2424,4,183,94
2424,5,457,46
2425,1,408,128
2425,2,396,31
2425,3,292,105
2425,4,131,57
2425,5,170,122
2426,1,158,58
2426,2,322,65
2426,3,57,113
2426,4,103,79
2426,5,299,57
2427,1,329,59
2427,2,328,133
2427,3,134,115
2427,4,485,150
2427,5,258,41
2428,1,465,134
2428,2,282,127
2428,3,119,131
2428,4,113,52
2428,5,152,46
2429,1,60,120
2429,2,83,111
2429,3,450,37
2429,4,200,90
2429,5,258,56
2430,1,348,62
2430,2,356,125
2430,3,108,37
2430,4,424,72
2430,5,104,147
2431,1,477,150
2431,2,192,80
2431,3,194,103
2431,4,369,138
2431,5,188,126
2432,1,384,120
2432,2,339,46
2432,3,368,133
2432,4,284,77
2432,5,410,96
2433,1,107,127
2433,2,330,31
2433,3,364,45
2433,4,285,136
2433,5,282,136
2434,1,496,127
2434,2,326,147
2434,3,500,51
2434,4,242,41
2434,5,120,55
2435,1,357,150
2435,2,380,94
2435,3,286,55
2435,4,174,129
2435,5,108,149
2436,1,80,96
2436,2,60,89
2436,3,437,138
2436,4,489,50
2436,5,128,41
2437,1,126,135
2437,2,432,150
2437,3,270,141
2437,4,112,69
2437,5,167,76
2438,1,186,138
2438,2,411,94
2438,3,198,123
2438,4,455,105
2438,5,246,34
2439,1,213,107
2439,2,429,140
2439,3,267,68
2439,4,341,47
2439,5,122,81
2440,1,386,83
2440,2,72,117
2440,3,249,125
2440,4,142,143
2440,5,82,90
2441,1,430,136
2441,2,377,112
2441,3,276,89
2441,4,278,127
2441,5,156,141
2442,1,71,39
2442,2,186,147
2442,3,91,105
2442,4,151,58
2442,5,363,139
2443,1,254,129
2443,2,136,41
2443,3,289,34
2443,4,176,82
2443,5,234,121
2444,1,343,114
2444,2,58,104
2444,3,136,109
2444,4,106,45
2444,5,102,108
2445,1,227,36
2445,2,262,67
2445,3,240,144
2445,4,469,123
2445,5,461,135
2446,1,135,43
2446,2,381,56
2446,3,500,88
2446,4,150,92
2446,5,218,130
2447,1,297,128
2447,2,205,131
2447,3,437,50
2447,4,192,130
2447,5,202,102
2448,1,449,44
2448,2,120,133
2448,3,201,69
2448,4,123,75
2448,5,381,110
2449,1,139,45
2449,2,470,75
2449,3,96,114
2449,4,205,140
2449,5,257,33
2450,1,288,115
2450,2,145,121
2450,3,79,46
2450,4,366,72
2450,5,101,135
2451,1,98,109
2451,2,286,113
2451,3,245,103
2451,4,452,53
2451,5,112,130
2452,1,145,48
2452,2,174,35
2452,3,266,69
2452,4,155,60
2452,5,363,82
2453,1,103,106
2453,2,183,34
2453,3,324,40
2453,4,113,35
2453,5,329,46
2454,1,272,120
2454,2,116,35
2454,3,50,108
2454,4,427,111
2454,5,401,53
2455,1,264,76
2455,2,81,90
2455,3,236,89
2455,4,367,117
2455,5,473,102
2456,1,327,72
2456,2,386,118
2456,3,452,93
2456,4,70,60
2456,5,467,143
2457,1,193,98
2457,2,235,49
2457,3,270,146
2457,4,65,147
2457,5,485,98
2458,1,102,150
2458,2,465,100
2458,3,336,50
2458,4,312,97
2458,5,254,89
2459,1,54,133
2459,2,241,60
2459,3,229,130
2459,4,238,79
2459,5,261,123
2460,1,367,88
2460,2,500,34
2460,3,400,101
2460,4,164,105
2460,5,243,46
2461,1,246,145
2461,2,176,61
2461,3,328,64
2461,4,462,122
2461,5,475,80
2462,1,464,145
2462,2,135,105
2462,3,474,129
2462,4,127,64
2462,5,312,86
2463,1,116,135
2463,2,95,51
2463,3,190,44
2463,4,415,147
2463,5,494,102
2464,1,211,103
2464,2,121,57
2464,3,393,121
2464,4,121,140
2464,5,293,66
2465,1,330,104
2465,2,498,106
2465,3,168,117
2465,4,137,145
2465,5,71,140
2466,1,354,50
2466,2,91,142
2466,3,164,39
2466,4,240,115
2466,5,349,120
2467,1,242,35
2467,2,299,74
2467,3,278,37
2467,4,212,127
2467,5,214,133
2468,1,93,60
2468,2,248,108
2468,3,219,150
2468,4,315,98
2468,5,220,121
2469,1,365,70
2469,2,317,135
2469,3,74,125
2469,4,453,104
2469,5,319,33
2470,1,203,89
2470,2,193,83
2470,3,81,98
2470,4,330,92
2470,5,251,31
2471,1,294,121
2471,2,213,105
2471,3,382,89
2471,4,99,63
2471,5,499,65
2472,1,65,111
2472,2,309,105
2472,3,261,121
2472,4,305,149
2472,5,249,93
2473,1,460,57
2473,2,369,66
2473,3,241,99
2473,4,177,65
2473,5,391,51
2474,1,383,92
2474,2,480,130
2474,3,395,139
2474,4,351,86
2474,5,177,105
2475,1,407,81
2475,2,327,128
2475,3,201,114
2475,4,191,95
2475,5,327,75
2476,1,273,83
2476,2,304,148
2476,3,471,117
2476,4,440,57
2476,5,251,41
2477,1,413,53
2477,2,168,86
2477,3,188,87
2477,4,109,140
2477,5,205,81
2478,1,198,53
2478,2,225,139
2478,3,74,57
2478,4,384,48
2478,5,499,149
2479,1,315,101
2479,2,454,35
2479,3,353,98
2479,4,329,44
2479,5,421,53
2480,1,320,38
2480,2,238,50
2480,3,290,121
2480,4,373,112
2480,5,259,122
2481,1,121,136
2481,2,232,129
2481,3,366,37
2481,4,483,101
2481,5,484,50
2482,1,350,62
2482,2,393,144
2482,3,411,94
2482,4,265,77
2482,5,136,83
2483,1,423,52
2483,2,399,121
2483,3,438,67
2483,4,135,59
2483,5,266,114
2484,1,217,150
2484,2,163,145
2484,3,66,39
2484,4,359,77
2484,5,348,49
2485,1,430,131
2485,2,466,33
2485,3,421,146
2485,4,81,78
2485,5,151,125
2486,1,288,38
2486,2,485,61
2486,3,65,128
2486,4,185,85
2486,5,357,39
2487,1,330,128
2487,2,305,103
2487,3,465,91
2487,4,379,66
2487,5,122,107
2488,1,478,115
2488,2,357,71
2488,3,248,90
2488,4,458,82
2488,5,407,41
2489,1,134,95
2489,2,278,53
2489,3,327,78
2489,4,274,71
2489,5,159,114
2490,1,303,126
2490,2,489,64
2490,3,74,55
2490,4,184,114
2490,5,97,109
2491,1,60,47
2491,2,195,98
2491,3,258,54
2491,4,218,118
2491,5,213,108
2492,1,265,36
2492,2,355,34
2492,3,454,144
2492,4,107,32
2492,5,101,76
2493,1,273,63
2493,2,362,59
2493,3,84,97
2493,4,178,71
2493,5,472,92
2494,1,362,63
2494,2,250,34
2494,3,114,146
2494,4,260,116
2494,5,364,125
2495,1,410,132
2495,2,237,81
2495,3,439,108
2495,4,116,59
2495,5,57,63
2496,1,160,108
2496,2,91,80
2496,3,193,107
2496,4,406,126
2496,5,93,149
2497,1,253,43
2497,2,92,131
2497,3,425,79
2497,4,289,147
2497,5,463,98
2498,1,479,125
2498,2,247,86
2498,3,58,84
2498,4,214,134
2498,5,312,134
2499,1,446,119
2499,2,235,34
2499,3,221,101
2499,4,150,42
2499,5,372,140
2500,1,418,121
2500,2,395,94
2500,3,303,111
2500,4,296,131
2500,5,340,82
2501,1,499,96
2501,2,129,39
2501,3,460,98
2501,4,174,56
2501,5,352,109
2502,1,433,135
2502,2,100,137
2502,3,439,79
2502,4,496,136
2502,5,456,49
2503,1,64,46
2503,2,462,70
2503,3,154,120
2503,4,409,124
2503,5,492,81
2504,1,298,84
2504,2,499,98
2504,3,372,126
2504,4,93,40
2504,5,249,116
2505,1,394,132
2505,2,457,113
2505,3,188,95
2505,4,492,68
2505,5,330,92
2506,1,92,33
2506,2,285,72
2506,3,495,39
2506,4,350,131
2506,5,137,64
2507,1,341,79
2507,2,362,124
2507,3,486,95
2507,4,415,36
2507,5,261,48
2508,1,461,98
2508,2,464,42
2508,3,170,76
2508,4,458,137
2508,5,231,87
2509,1,466,118
2509,2,121,105
2509,3,70,63
2509,4,451,115
2509,5,208,118
2510,1,140,35
2510,2,461,94
2510,3,147,54
2510,4,308,91
2510,5,210,44
2511,1,337,82
2511,2,171,101
2511,3,92,94
2511,4,129,31
2511,5,77,42
2512,1,454,98
2512,2,326,79
2512,3,108,99
2512,4,225,115
2512,5,347,126
2513,1,354,53
2513,2,144,106
2513,3,494,125
2513,4,180,51
2513,5,310,83
2514,1,303,63
2514,2,219,31
2514,3,93,83
2514,4,363,119
2514,5,172,113
2515,1,367,56
2515,2,199,139
2515,3,295,51
2515,4,262,135
2515,5,366,122
2516,1,289,54
2516,2,412,59
2516,3,408,125
2516,4,172,91
2516,5,374,130
2517,1,153,60
2517,2,447,76
2517,3,428,65
2517,4,382,85
2517,5,306,94
2518,1,77,122
2518,2,378,80
2518,3,424,121
2518,4,145,81
2518,5,365,53
2519,1,173,123
2519,2,128,36
2519,3,335,51
2519,4,459,147
2519,5,222,111
2520,1,324,134
2520,2,480,45
2520,3,115,41
2520,4,235,124
2520,5,122,99
2521,1,405,37
2521,2,439,137
2521,3,400,69
2521,4,396,52
2521,5,219,138
2522,1,280,117
2522,2,252,143
2522,3,405,62
2522,4,197,41
2522,5,146,66
2523,1,441,33
2523,2,371,117
2523,3,481,87
2523,4,361,77
2523,5,469,51
2524,1,352,35
2524,2,413,102
2524,3,98,77
2524,4,217,123
2524,5,159,104
2525,1,234,115
2525,2,317,79
2525,3,241,100
2525,4,477,98
2525,5,333,96
2526,1,376,116
2526,2,492,77
2526,3,208,147
2526,4,216,79
2526,5,109,120
2527,1,110,89
2527,2,473,77
2527,3,182,147
2527,4,364,148
2527,5,93,100
2528,1,156,50
2528,2,293,108
2528,3,134,118
2528,4,358,31
2528,5,491,71
2529,1,362,62
2529,2,472,150
2529,3,220,77
2529,4,169,36
2529,5,124,108
2530,1,82,42
2530,2,72,117
2530,3,213,93
2530,4,350,66
2530,5,265,53
2531,1,154,70
2531,2,332,82
2531,3,328,71
2531,4,466,76
2531,5,148,142
2532,1,161,62
2532,2,291,60
2532,3,138,145
2532,4,342,91
2532,5,143,106
2533,1,174,79
2533,2,122,132
2533,3,312,112
2533,4,90,133
2533,5,182,62
2534,1,371,120
2534,2,383,74
2534,3,310,62
2534,4,218,62
2534,5,464,138
2535,1,339,37
2535,2,116,135
2535,3,371,126
2535,4,279,32
2535,5,74,38
2536,1,262,48
2536,2,405,62
2536,3,179,126
2536,4,274,31
2536,5,109,134
2537,1,413,105
2537,2,478,52
2537,3,202,35
2537,4,167,72
2537,5,296,117
2538,1,386,85
2538,2,444,94
2538,3,50,116
2538,4,440,150
2538,5,250,110
2539,1,335,150
2539,2,55,124
2539,3,172,37
2539,4,77,91
2539,5,351,39
2540,1,60,47
2540,2,404,118
2540,3,113,82
2540,4,131,59
2540,5,439,118
2541,1,100,110
2541,2,80,111
2541,3,73,54
2541,4,313,120
2541,5,234,66
2542,1,74,139
2542,2,232,79
2542,3,349,92
2542,4,90,133
2542,5,153,76
2543,1,359,44
2543,2,89,145
2543,3,490,101
2543,4,488,65
2543,5,170,86
2544,1,257,122
2544,2,458,101
2544,3,122,66
2544,4,353,115
2544,5,342,114
2545,1,254,44
2545,2,361,84
2545,3,210,57
2545,4,113,36
2545,5,332,93
2546,1,322,143
2546,2,344,119
2546,3,206,128
2546,4,307,147
2546,5,418,96
2547,1,375,65
2547,2,126,52
2547,3,176,97
2547,4,185,52
2547,5,256,39
2548,1,229,115
2548,2,189,120
2548,3,220,83
2548,4,198,48
2548,5,405,150
2549,1,405,48
2549,2,194,62
2549,3,233,73
2549,4,244,82
2549,5,279,136
2550,1,147,43
2550,2,106,50
2550,3,232,149
2550,4,221,127
2550,5,359,114
2551,1,362,128
2551,2,385,67
2551,3,257,35
2551,4,426,78
2551,5,209,91
2552,1,218,133
2552,2,488,86
2552,3,275,107
2552,4,359,50
2552,5,324,65
2553,1,415,128
2553,2,99,105
2553,3,123,139
2553,4,345,82
2553,5,225,110
2554,1,356,131
2554,2,54,108
2554,3,472,147
2554,4,101,65
2554,5,286,103
2555,1,487,57
2555,2,467,95
2555,3,118,98
2555,4,244,68
2555,5,284,79
2556,1,158,122
2556,2,163,78
2556,3,329,49
2556,4,466,107
2556,5,184,146
2557,1,329,82
2557,2,460,96
2557,3,325,57
2557,4,469,106
2557,5,389,108
2558,1,422,61
2558,2,264,53
2558,3,405,128
2558,4,423,137
2558,5,209,139
2559,1,270,38
2559,2,424,58
2559,3,498,109
2559,4,227,31
2559,5,345,146
2560,1,382,98
2560,2,182,69
2560,3,237,83
2560,4,67,72
2560,5,495,74
2561,1,187,109
2561,2,234,36
2561,3,483,72
2561,4,151,41
2561,5,179,105
2562,1,147,90
2562,2,125,143
2562,3,435,147
2562,4,257,81
2562,5,459,31
2563,1,129,107
2563,2,264,105
2563,3,84,112
2563,4,375,149
2563,5,161,130
2564,1,131,70
2564,2,495,44
2564,3,363,50
2564,4,389,42
2564,5,406,79
2565,1,240,49
2565,2,194,149
2565,3,476,48
2565,4,242,87
2565,5,215,33
2566,1,423,146
2566,2,180,113
2566,3,85,86
2566,4,430,100
2566,5,150,31
2567,1,116,94
2567,2,398,123
2567,3,394,83
2567,4,413,142
2567,5,212,105
2568,1,152,124
2568,2,460,107
2568,3,420,132
2568,4,160,123
2568,5,356,102
2569,1,99,51
2569,2,152,54
2569,3,84,37
2569,4,404,66
2569,5,286,104
2570,1,334,48
2570,2,291,101
2570,3,253,61
2570,4,354,56
2570,5,323,106
2571,1,213,146
2571,2,415,129
2571,3,488,123
2571,4,337,124
2571,5,329,144
2572,1,345,34
2572,2,129,124
2572,3,380,109
2572,4,88,64
2572,5,335,127
2573,1,480,133
2573,2,183,146
2573,3,130,110
2573,4,386,38
2573,5,129,122
2574,1,408,45
2574,2,314,34
2574,3,399,56
2574,4,402,111
2574,5,452,131
2575,1,323,86
2575,2,284,74
2575,3,88,144
2575,4,161,121
2575,5,450,145
2576,1,207,58
2576,2,457,71
2576,3,156,38
2576,4,185,150
2576,5,458,90
2577,1,326,65
2577,2,154,63
2577,3,476,40
2577,4,469,45
2577,5,321,98
2578,1,261,106
2578,2,247,115
2578,3,312,113
2578,4,334,139
2578,5,85,60
2579,1,346,101
2579,2,253,34
2579,3,491,82
2579,4,101,54
2579,5,280,98
2580,1,56,84
2580,2,57,145
2580,3,79,70
2580,4,296,34
2580,5,80,39
2581,1,162,93
2581,2,423,64
2581,3,402,65
2581,4,219,145
2581,5,71,72
2582,1,149,50
2582,2,409,110
2582,3,110,56
2582,4,95,117
2582,5,238,55
2583,1,243,91
2583,2,177,140
2583,3,126,118
2583,4,477,64
2583,5,200,52
2584,1,85,94
2584,2,322,86
2584,3,262,127
2584,4,355,115
2584,5,367,121
2585,1,125,137
2585,2,216,81
2585,3,473,80
2585,4,500,134
2585,5,369,137
2586,1,163,123
2586,2,430,84
2586,3,125,74
2586,4,443,31
2586,5,98,142
2587,1,188,58
2587,2,363,149
2587,3,492,88
2587,4,412,32
2587,5,161,38
2588,1,112,129
2588,2,335,61
2588,3,216,136
2588,4,138,122
2588,5,246,149
2589,1,153,80
2589,2,305,55
2589,3,457,48
2589,4,158,110
2589,5,384,96
2590,1,189,118
2590,2,273,105
2590,3,490,98
2590,4,193,51
2590,5,172,44
2591,1,200,30
2591,2,223,46
2591,3,254,133
2591,4,363,50
2591,5,137,51
2592,1,348,45
2592,2,183,111
2592,3,364,116
2592,4,231,37
2592,5,159,76
2593,1,71,80
2593,2,315,132
2593,3,310,132
2593,4,291,82
2593,5,430,79
2594,1,123,84
2594,2,322,65
2594,3,380,136
2594,4,160,95
2594,5,326,103
2595,1,429,69
2595,2,153,84
2595,3,463,84
2595,4,93,46
2595,5,465,60
2596,1,481,82
2596,2,105,148
2596,3,271,127
2596,4,477,39
2596,5,353,91
2597,1,265,100
2597,2,208,83
2597,3,296,148
2597,4,387,136
2597,5,474,55
2598,1,433,54
2598,2,305,75
2598,3,486,58
2598,4,92,108
2598,5,234,109
2599,1,82,67
2599,2,67,57
2599,3,148,69
2599,4,215,127
2599,5,478,44
2600,1,64,65
2600,2,484,89
2600,3,408,91
2600,4,148,101
2600,5,452,90
2601,1,476,141
2601,2,329,128
2601,3,442,118
2601,4,190,136
2601,5,407,128
2602,1,142,108
2602,2,471,95
2602,3,354,127
2602,4,424,30
2602,5,430,119
2603,1,397,142
2603,2,182,127
2603,3,365,46
2603,4,155,43
2603,5,100,87
2604,1,348,91
2604,2,260,37
2604,3,400,55
2604,4,269,89
2604,5,69,105
2605,1,321,102
2605,2,310,53
2605,3,380,76
2605,4,351,47
2605,5,476,116
2606,1,499,104
2606,2,457,149
2606,3,75,63
2606,4,73,136
2606,5,379,92
2607,1,379,57
2607,2,297,44
2607,3,440,37
2607,4,162,118
2607,5,498,99
2608,1,137,113
2608,2,227,71
2608,3,95,65
2608,4,304,32
2608,5,153,88
2609,1,458,56
2609,2,467,30
2609,3,451,124
2609,4,177,49
2609,5,242,121
2610,1,491,133
2610,2,109,144
2610,3,104,146
2610,4,283,69
2610,5,456,135
2611,1,390,46
2611,2,150,42
2611,3,220,98
2611,4,174,80
2611,5,331,72
2612,1,400,113
2612,2,164,31
2612,3,360,31
2612,4,148,106
2612,5,62,59
2613,1,454,140
2613,2,408,147
2613,3,257,38
2613,4,93,120
2613,5,273,42
2614,1,238,42
2614,2,459,43
2614,3,281,74
2614,4,197,115
2614,5,275,37
2615,1,166,81
2615,2,132,109
2615,3,147,51
2615,4,114,132
2615,5,62,34
2616,1,244,65
2616,2,150,78
2616,3,215,147
2616,4,310,75
2616,5,149,58
2617,1,444,62
2617,2,324,121
2617,3,187,110
2617,4,374,45
2617,5,428,83
2618,1,232,83
2618,2,295,128
2618,3,68,51
2618,4,82,80
2618,5,293,118
2619,1,259,134
2619,2,270,112
2619,3,51,147
2619,4,293,66
2619,5,268,31
2620,1,483,133
2620,2,307,80
2620,3,327,37
2620,4,481,146
2620,5,498,112
2621,1,63,96
2621,2,256,66
2621,3,376,74
2621,4,378,120
2621,5,169,143
2622,1,236,134
2622,2,196,39
2622,3,475,128
2622,4,333,80
2622,5,494,147
2623,1,100,53
2623,2,210,64
2623,3,192,139
2623,4,140,119
2623,5,181,91
2624,1,161,127
2624,2,174,88
2624,3,335,51
2624,4,453,105
2624,5,331,59
2625,1,372,37
2625,2,267,81
2625,3,105,105
2625,4,196,79
2625,5,179,93
2626,1,220,54
2626,2,98,90
2626,3,440,149
2626,4,106,40
2626,5,241,52
2627,1,391,33
2627,2,225,131
2627,3,360,64
2627,4,456,125
2627,5,321,95
2628,1,316,72
2628,2,465,109
2628,3,489,73
2628,4,489,62
2628,5,312,123
2629,1,449,38
2629,2,178,56
2629,3,155,111
2629,4,442,87
2629,5,449,118
2630,1,388,31
2630,2,476,90
2630,3,82,59
2630,4,419,143
2630,5,105,107
2631,1,467,47
2631,2,499,95
2631,3,452,35
2631,4,389,91
2631,5,281,117
2632,1,320,41
2632,2,244,92
2632,3,416,59
2632,4,471,50
2632,5,461,129
2633,1,280,79
2633,2,191,142
2633,3,432,49
2633,4,484,59
2633,5,289,91
2634,1,454,142
2634,2,370,105
2634,3,413,64
2634,4,405,136
2634,5,286,46
2635,1,255,150
2635,2,127,148
2635,3,322,149
2635,4,207,91
2635,5,375,123
2636,1,137,129
2636,2,447,130
2636,3,310,123
2636,4,339,57
2636,5,391,102
2637,1,275,143
2637,2,158,38
2637,3,184,91
2637,4,443,37
2637,5,302,142
2638,1,404,72
2638,2,475,45
2638,3,60,142
2638,4,382,61
2638,5,121,36
2639,1,235,110
2639,2,177,96
2639,3,328,68
2639,4,254,83
2639,5,265,112
2640,1,360,94
2640,2,287,128
2640,3,480,98
2640,4,131,57
2640,5,200,119
2641,1,500,140
2641,2,228,109
2641,3,333,45
2641,4,309,112
2641,5,436,67
2642,1,336,47
2642,2,236,100
2642,3,140,40
2642,4,205,87
2642,5,125,33
2643,1,203,42
2643,2,149,133
2643,3,409,137
2643,4,52,126
2643,5,329,135
2644,1,177,65
2644,2,423,80
2644,3,215,37
2644,4,454,142
2644,5,131,47
2645,1,168,51
2645,2,157,93
2645,3,317,125
2645,4,210,137
2645,5,290,131
2646,1,373,138
2646,2,498,107
2646,3,378,98
2646,4,145,49
2646,5,498,39
2647,1,497,147
2647,2,146,49
2647,3,321,75
2647,4,351,101
2647,5,92,64
2648,1,94,83
2648,2,254,115
2648,3,255,127
2648,4,295,30
2648,5,457,41
2649,1,149,67
2649,2,300,71
2649,3,481,131
2649,4,358,42
2649,5,414,116
2650,1,177,148
2650,2,283,129
2650,3,368,57
2650,4,393,124
2650,5,145,42
2651,1,360,117
2651,2,374,114
2651,3,305,74
2651,4,406,131
2651,5,65,88
2652,1,95,111
2652,2,277,39
2652,3,120,88
2652,4,341,130
2652,5,302,120
2653,1,386,33
2653,2,219,124
2653,3,185,136
2653,4,453,96
2653,5,465,61
2654,1,352,131
2654,2,218,109
2654,3,170,131
2654,4,86,88
2654,5,384,100
2655,1,179,103
2655,2,59,62
2655,3,246,87
2655,4,434,53
2655,5,198,108
2656,1,86,33
2656,2,445,136
2656,3,446,111
2656,4,156,74
2656,5,318,108
2657,1,91,106
2657,2,170,51
2657,3,382,36
2657,4,233,111
2657,5,441,57
2658,1,358,82
2658,2,131,48
2658,3,217,89
2658,4,449,89
2658,5,496,107
2659,1,100,110
2659,2,292,148
2659,3,236,56
2659,4,498,89
2659,5,215,80
2660,1,128,74
2660,2,173,85
2660,3,465,111
2660,4,155,140
2660,5,482,126
2661,1,290,32
2661,2,433,34
2661,3,93,125
2661,4,80,45
2661,5,459,62
2662,1,428,45
2662,2,402,119
2662,3,254,37
2662,4,284,138
2662,5,129,85
2663,1,469,104
2663,2,77,127
2663,3,318,128
2663,4,57,119
2663,5,283,118
2664,1,417,35
2664,2,380,111
2664,3,71,129
2664,4,361,40
2664,5,94,137
2665,1,244,98
2665,2,291,40
2665,3,348,122
2665,4,201,138
2665,5,226,130
2666,1,329,138
2666,2,154,32
2666,3,278,134
2666,4,123,101
2666,5,226,112
2667,1,111,58
2667,2,327,82
2667,3,285,71
2667,4,350,127
2667,5,93,31
2668,1,117,94
2668,2,102,127
2668,3,142,139
2668,4,62,73
2668,5,75,97
2669,1,317,142
2669,2,324,95
2669,3,252,141
2669,4,419,86
2669,5,260,37
2670,1,297,143
2670,2,232,110
2670,3,218,30
2670,4,474,70
2670,5,426,47
2671,1,434,73
2671,2,163,132
2671,3,265,88
2671,4,404,134
2671,5,474,41
2672,1,278,58
2672,2,321,46
2672,3,359,141
2672,4,87,122
2672,5,393,86
2673,1,279,134
2673,2,454,60
2673,3,201,116
2673,4,304,39
2673,5,444,74
2674,1,88,99
2674,2,271,91
2674,3,369,122
2674,4,466,88
2674,5,250,122
2675,1,386,79
2675,2,265,38
2675,3,56,35
2675,4,250,123
2675,5,251,104
2676,1,461,141
2676,2,484,128
2676,3,81,44
2676,4,162,141
2676,5,128,132
2677,1,315,95
2677,2,326,82
2677,3,387,132
2677,4,239,83
2677,5,233,67
2678,1,443,50
2678,2,460,43
2678,3,281,139
2678,4,490,118
2678,5,189,136
2679,1,220,34
2679,2,103,62
2679,3,368,89
2679,4,97,144
2679,5,159,142
2680,1,181,110
2680,2,460,67
2680,3,95,80
2680,4,313,59
2680,5,79,59
2681,1,359,121
2681,2,368,120
2681,3,328,58
2681,4,238,119
2681,5,216,52
2682,1,176,38
2682,2,55,53
2682,3,252,137
2682,4,483,133
2682,5,365,136
2683,1,474,48
2683,2,373,70
2683,3,172,50
2683,4,318,35
2683,5,158,48
2684,1,155,68
2684,2,247,51
2684,3,308,94
2684,4,205,82
2684,5,67,71
2685,1,453,86
2685,2,126,78
2685,3,119,78
2685,4,84,65
2685,5,486,36
2686,1,384,148
2686,2,337,63
2686,3,318,66
2686,4,160,102
2686,5,150,64
2687,1,381,75
2687,2,463,104
2687,3,257,40
2687,4,95,50
2687,5,258,115
2688,1,361,96
2688,2,437,131
2688,3,428,126
2688,4,211,86
2688,5,497,71
2689,1,477,132
2689,2,118,132
2689,3,393,67
2689,4,236,100
2689,5,155,103
2690,1,188,90
2690,2,83,59
2690,3,375,139
2690,4,103,124
2690,5,206,134
2691,1,109,35
2691,2,232,83
2691,3,408,69
2691,4,62,144
2691,5,288,104
2692,1,151,76
2692,2,264,149
2692,3,165,62
2692,4,240,31
2692,5,224,57
2693,1,484,144
2693,2,478,101
2693,3,262,111
2693,4,407,105
2693,5,415,57
2694,1,197,40
2694,2,129,147
2694,3,145,86
2694,4,448,148
2694,5,327,135
2695,1,500,82
2695,2,230,141
2695,3,262,122
2695,4,133,65
2695,5,187,134
2696,1,109,49
2696,2,391,112
2696,3,395,39
2696,4,307,148
2696,5,67,105
2697,1,155,89
2697,2,208,110
2697,3,461,108
2697,4,247,54
2697,5,150,42
2698,1,57,57
2698,2,110,148
2698,3,117,121
2698,4,417,91
2698,5,203,109
2699,1,223,124
2699,2,280,146
2699,3,462,69
2699,4,362,56
2699,5,116,82
2700,1,270,80
2700,2,152,90
2700,3,403,67
2700,4,373,76
2700,5,179,34
2701,1,375,81
2701,2,326,98
2701,3,118,30
2701,4,421,106
2701,5,231,113
2702,1,66,114
2702,2,122,50
2702,3,337,145
2702,4,286,47
2702,5,462,110
2703,1,393,114
2703,2,369,85
2703,3,151,51
2703,4,134,142
2703,5,211,89
2704,1,154,50
2704,2,450,139
2704,3,391,84
2704,4,196,57
2704,5,421,120
2705,1,376,50
2705,2,387,48
2705,3,416,79
2705,4,269,147
2705,5,321,124
2706,1,369,125
2706,2,431,60
2706,3,193,148
2706,4,124,145
2706,5,218,46
2707,1,159,97
2707,2,68,107
2707,3,391,122
2707,4,354,37
2707,5,409,122
2708,1,416,116
2708,2,151,74
2708,3,339,130
2708,4,90,82
2708,5,449,132
2709,1,364,77
2709,2,339,30
2709,3,255,117
2709,4,339,146
2709,5,419,40
2710,1,110,117
2710,2,77,146
2710,3,404,144
2710,4,452,72
2710,5,208,67
2711,1,487,63
2711,2,345,134
2711,3,74,134
2711,4,461,107
2711,5,180,42
2712,1,283,143
2712,2,73,143
2712,3,164,100
2712,4,152,144
2712,5,489,130
2713,1,203,141
2713,2,184,30
2713,3,467,102
2713,4,153,121
2713,5,278,112
2714,1,476,99
2714,2,353,76
2714,3,417,145
2714,4,89,140
2714,5,121,51
2715,1,212,84
2715,2,84,53
2715,3,110,34
2715,4,384,149
2715,5,397,96
2716,1,452,75
2716,2,99,85
2716,3,224,34
2716,4,442,36
2716,5,471,83
2717,1,459,124
2717,2,167,33
2717,3,493,137
2717,4,253,66
2717,5,80,77
2718,1,107,49
2718,2,102,39
2718,3,481,121
2718,4,159,87
2718,5,447,118
2719,1,432,85
2719,2,135,30
2719,3,340,64
2719,4,77,127
2719,5,205,83
2720,1,185,84
2720,2,295,123
2720,3,104,125
2720,4,221,110
2720,5,268,109
2721,1,487,58
2721,2,164,123
2721,3,493,126
2721,4,276,135
2721,5,355,33
2722,1,138,42
2722,2,411,94
2722,3,324,123
2722,4,134,135
2722,5,148,68
2723,1,314,141
2723,2,458,110
2723,3,201,105
2723,4,144,36
2723,5,169,83
2724,1,177,141
2724,2,374,123
2724,3,230,46
2724,4,253,93
2724,5,375,120
2725,1,146,80
2725,2,163,34
2725,3,426,139
2725,4,345,120
2725,5,407,42
2726,1,51,56
2726,2,241,34
2726,3,246,47
2726,4,53,33
2726,5,161,150
2727,1,280,146
2727,2,104,78
2727,3,321,146
2727,4,171,123
2727,5,384,99
2728,1,361,128
2728,2,419,106
2728,3,141,114
2728,4,363,124
2728,5,254,45
2729,1,153,50
2729,2,261,120
2729,3,171,89
2729,4,139,82
2729,5,80,143
2730,1,387,120
2730,2,131,97
2730,3,385,52
2730,4,387,134
2730,5,455,140
2731,1,301,54
2731,2,313,139
2731,3,382,121
2731,4,496,64
2731,5,314,65
2732,1,61,68
2732,2,489,100
2732,3,87,120
2732,4,369,39
2732,5,104,44
2733,1,130,57
2733,2,258,117
2733,3,221,131
2733,4,455,127
2733,5,271,100
2734,1,259,104
2734,2,142,104
2734,3,217,97
2734,4,204,36
2734,5,435,136
2735,1,200,66
2735,2,438,37
2735,3,223,51
2735,4,215,84
2735,5,307,101
2736,1,276,87
2736,2,155,49
2736,3,420,61
2736,4,304,50
2736,5,321,102
2737,1,227,145
2737,2,436,69
2737,3,360,131
2737,4,143,129
2737,5,445,138
2738,1,400,145
2738,2,287,83
2738,3,488,85
2738,4,439,86
2738,5,392,148
2739,1,209,128
2739,2,407,43
2739,3,276,61
2739,4,201,44
2739,5,160,81
2740,1,261,121
2740,2,373,130
2740,3,275,124
2740,4,273,39
2740,5,408,150
2741,1,122,54
2741,2,183,134
2741,3,471,122
2741,4,354,60
2741,5,234,128
2742,1,214,104
2742,2,64,122
2742,3,375,47
2742,4,381,134
2742,5,190,59
2743,1,363,110
2743,2,309,105
2743,3,82,43
2743,4,389,109
2743,5,135,114
2744,1,169,40
2744,2,81,100
2744,3,484,130
2744,4,296,54
2744,5,257,82
2745,1,449,113
2745,2,279,46
2745,3,498,137
2745,4,162,96
2745,5,476,145
2746,1,470,69
2746,2,426,103
2746,3,382,42
2746,4,366,120
2746,5,51,104
2747,1,130,67
2747,2,343,133
2747,3,57,132
2747,4,217,30
2747,5,199,59
2748,1,79,75
2748,2,366,70
2748,3,334,148
2748,4,97,123
2748,5,467,33
2749,1,287,59
2749,2,67,119
2749,3,407,106
2749,4,99,34
2749,5,291,79
2750,1,138,128
2750,2,333,143
2750,3,256,98
2750,4,391,94
2750,5,457,35
2751,1,493,94
2751,2,58,31
2751,3,277,65
2751,4,270,66
2751,5,328,131
2752,1,172,61
2752,2,350,85
2752,3,215,149
2752,4,394,147
2752,5,359,35
2753,1,463,146
2753,2,419,100
2753,3,53,76
2753,4,394,39
2753,5,231,69
2754,1,415,61
2754,2,413,98
2754,3,112,117
2754,4,150,100
2754,5,281,65
2755,1,170,33
2755,2,62,62
2755,3,169,114
2755,4,466,113
2755,5,118,66
2756,1,268,63
2756,2,473,96
2756,3,52,98
2756,4,475,84
2756,5,399,92
2757,1,328,130
2757,2,114,142
2757,3,99,114
2757,4,273,137
2757,5,453,129
2758,1,415,45
2758,2,365,38
2758,3,342,47
2758,4,94,138
2758,5,193,91
2759,1,52,85
2759,2,50,69
2759,3,316,93
2759,4,131,103
2759,5,392,77
2760,1,296,53
2760,2,81,100
2760,3,340,86
2760,4,389,52
2760,5,463,40
2761,1,486,77
2761,2,151,55
2761,3,468,71
2761,4,175,40
2761,5,171,141
2762,1,178,135
2762,2,113,121
2762,3,399,63
2762,4,73,66
2762,5,139,53
2763,1,131,69
2763,2,383,48
2763,3,305,148
2763,4,116,41
2763,5,248,55
2764,1,379,95
2764,2,379,110
2764,3,427,103
2764,4,263,71
2764,5,410,148
2765,1,298,146
2765,2,134,125
2765,3,437,66
2765,4,191,93
2765,5,146,145
2766,1,319,138
2766,2,96,75
2766,3,134,57
2766,4,361,85
2766,5,344,105
2767,1,244,38
2767,2,448,49
2767,3,369,116
2767,4,258,30
2767,5,208,66
2768,1,481,118
2768,2,237,41
2768,3,374,126
2768,4,226,148
2768,5,54,138
2769,1,400,142
2769,2,154,73
2769,3,139,54
2769,4,298,149
2769,5,137,118
2770,1,133,48
2770,2,224,68
2770,3,429,60
2770,4,460,77
2770,5,273,67
2771,1,286,96
2771,2,141,88
2771,3,211,46
2771,4,301,57
2771,5,116,111
2772,1,242,90
2772,2,463,147
2772,3,357,74
2772,4,463,51
2772,5,117,46
2773,1,457,148
2773,2,235,116
2773,3,392,100
2773,4,375,146
2773,5,112,145
2774,1,362,33
2774,2,108,86
2774,3,130,105
2774,4,196,33
2774,5,228,80
2775,1,139,71
2775,2,445,109
2775,3,50,60
2775,4,376,95
2775,5,463,116
2776,1,166,65
2776,2,377,119
2776,3,447,34
2776,4,105,43
2776,5,274,37
2777,1,427,101
2777,2,307,130
2777,3,156,66
2777,4,223,78
2777,5,218,139
2778,1,302,133
2778,2,468,52
2778,3,75,107
2778,4,483,92
2778,5,58,73
2779,1,249,63
2779,2,489,91
2779,3,313,32
2779,4,187,52
2779,5,190,75
2780,1,257,84
2780,2,171,116
2780,3,488,53
2780,4,437,80
2780,5,219,103
2781,1,149,130
2781,2,268,118
2781,3,319,64
2781,4,300,106
2781,5,106,86
2782,1,445,51
2782,2,84,101
2782,3,213,135
2782,4,84,108
2782,5,77,81
2783,1,450,50
2783,2,222,85
2783,3,480,107
2783,4,105,113
2783,5,402,126
2784,1,499,146
2784,2,173,58
2784,3,320,120
2784,4,86,100
2784,5,117,44
2785,1,247,72
2785,2,180,45
2785,3,390,82
2785,4,313,82
2785,5,244,38
2786,1,139,53
2786,2,398,48
2786,3,329,150
2786,4,424,116
2786,5,380,103
2787,1,378,104
2787,2,88,136
2787,3,356,141
2787,4,267,140
2787,5,274,149
2788,1,375,60
2788,2,183,128
2788,3,384,69
2788,4,476,101
2788,5,482,99
2789,1,268,86
2789,2,304,142
2789,3,139,39
2789,4,291,135
2789,5,472,145
2790,1,216,111
2790,2,370,102
2790,3,484,62
2790,4,103,147
2790,5,463,114
2791,1,158,87
2791,2,111,69
2791,3,285,136
2791,4,393,51
2791,5,109,107
2792,1,59,144
2792,2,231,89
2792,3,462,118
2792,4,60,103
2792,5,88,30
2793,1,444,31
2793,2,173,63
2793,3,242,118
2793,4,188,109
2793,5,326,74
2794,1,53,36
2794,2,250,129
2794,3,214,95
2794,4,405,56
2794,5,244,118
2795,1,165,83
2795,2,396,120
2795,3,392,131
2795,4,180,97
2795,5,494,109
2796,1,402,143
2796,2,161,146
2796,3,52,37
2796,4,254,63
2796,5,285,125
2797,1,454,104
2797,2,270,45
2797,3,468,139
2797,4,500,94
2797,5,141,32
2798,1,469,121
2798,2,80,141
2798,3,204,55
2798,4,110,104
2798,5,73,93
2799,1,125,65
2799,2,320,91
2799,3,134,140
2799,4,265,99
2799,5,262,140
2800,1,393,141
2800,2,256,95
2800,3,224,99
2800,4,340,83
2800,5,295,129
2801,1,387,42
2801,2,125,129
2801,3,304,47
2801,4,90,128
2801,5,444,88
2802,1,269,50
2802,2,56,69
2802,3,280,92
2802,4,129,53
2802,5,500,56
2803,1,159,100
2803,2,145,149
2803,3,223,148
2803,4,238,109
2803,5,197,74
2804,1,233,64
2804,2,318,48
2804,3,65,39
2804,4,143,130
2804,5,356,56
2805,1,120,133
2805,2,375,86
2805,3,486,59
2805,4,187,107
2805,5,227,117
2806,1,230,81
2806,2,268,114
2806,3,105,53
2806,4,129,105
2806,5,344,102
2807,1,498,75
2807,2,253,38
2807,3,291,147
2807,4,249,99
2807,5,96,35
2808,1,320,36
2808,2,391,51
2808,3,419,54
2808,4,130,68
2808,5,132,82
2809,1,336,95
2809,2,244,73
2809,3,394,137
2809,4,177,32
2809,5,384,119
2810,1,280,93
2810,2,285,72
2810,3,89,38
2810,4,105,125
2810,5,64,48
2811,1,346,66
2811,2,454,89
2811,3,450,145
2811,4,283,88
2811,5,317,66
2812,1,93,91
2812,2,356,81
2812,3,130,46
2812,4,153,145
2812,5,122,33
2813,1,248,109
2813,2,247,131
2813,3,347,30
2813,4,240,115
2813,5,215,146
2814,1,293,67
2814,2,259,38
2814,3,97,35
2814,4,367,83
2814,5,51,107
2815,1,246,106
2815,2,494,107
2815,3,495,109
2815,4,287,127
2815,5,368,101
2816,1,195,60
2816,2,268,53
2816,3,399,74
2816,4,403,48
2816,5,372,35
2817,1,247,107
2817,2,385,32
2817,3,154,121
2817,4,228,145
2817,5,315,148
2818,1,194,57
2818,2,161,138
2818,3,167,55
2818,4,94,140
2818,5,471,100
2819,1,375,143
2819,2,455,65
2819,3,324,72
2819,4,69,149
2819,5,257,60
2820,1,274,59
2820,2,302,83
2820,3,137,69
2820,4,296,102
2820,5,373,135
2821,1,308,67
2821,2,115,95
2821,3,447,129
2821,4,300,135
2821,5,165,86
2822,1,246,120
2822,2,309,44
2822,3,77,96
2822,4,475,147
2822,5,216,149
2823,1,315,63
2823,2,238,115
2823,3,363,36
2823,4,152,39
2823,5,106,30
2824,1,57,107
2824,2,180,95
2824,3,349,110
2824,4,468,123
2824,5,259,111
2825,1,383,41
2825,2,466,76
2825,3,167,72
2825,4,193,101
2825,5,401,95
2826,1,317,147
2826,2,73,111
2826,3,140,143
2826,4,108,144
2826,5,61,75
2827,1,107,135
2827,2,304,146
2827,3,197,66
2827,4,201,133
2827,5,492,56
2828,1,347,72
2828,2,490,145
2828,3,421,98
2828,4,352,104
2828,5,267,45
2829,1,255,114
2829,2,358,117
2829,3,278,30
2829,4,440,31
2829,5,380,134
2830,1,229,56
2830,2,287,66
2830,3,344,144
2830,4,74,144
2830,5,105,69
2831,1,155,131
2831,2,399,84
2831,3,191,131
2831,4,351,110
2831,5,191,72
2832,1,237,99
2832,2,474,93
2832,3,217,88
2832,4,384,129
2832,5,426,32
2833,1,168,136
2833,2,203,77
2833,3,172,39
2833,4,282,122
2833,5,318,58
2834,1,422,93
2834,2,268,127
2834,3,413,130
2834,4,375,118
2834,5,301,32
2835,1,89,72
2835,2,308,134
2835,3,188,38
2835,4,250,32
2835,5,424,128
2836,1,148,113
2836,2,357,115
2836,3,452,92
2836,4,208,125
2836,5,306,150
2837,1,307,129
2837,2,322,66
2837,3,455,88
2837,4,244,47
2837,5,263,52
2838,1,153,100
2838,2,411,148
2838,3,474,140
2838,4,194,79
2838,5,180,123
2839,1,156,47
2839,2,279,96
2839,3,309,98
2839,4,99,95
2839,5,284,37
2840,1,177,78
2840,2,310,128
2840,3,269,142
2840,4,322,147
2840,5,72,120
2841,1,408,96
2841,2,499,85
2841,3,440,98
2841,4,441,98
2841,5,54,95
2842,1,293,129
2842,2,368,79
2842,3,139,31
2842,4,292,80
2842,5,292,81
2843,1,401,95
2843,2,97,102
2843,3,448,42
2843,4,91,117
2843,5,222,44
2844,1,88,124
2844,2,352,48
2844,3,248,57
2844,4,220,73
2844,5,65,130
2845,1,342,106
2845,2,186,61
2845,3,465,102
2845,4,339,144
2845,5,314,124
2846,1,358,58
2846,2,168,117
2846,3,165,145
2846,4,488,124
2846,5,367,38
2847,1,291,95
2847,2,302,38
2847,3,273,64
2847,4,119,122
2847,5,290,116
2848,1,498,50
2848,2,132,63
2848,3,97,124
2848,4,310,63
2848,5,168,145
2849,1,419,32
2849,2,338,100
2849,3,482,98
2849,4,153,124
2849,5,322,37
2850,1,234,64
2850,2,417,57
2850,3,352,132
2850,4,406,133
2850,5,82,99
2851,1,386,84
2851,2,70,140
2851,3,337,111
2851,4,385,69
2851,5,390,141
2852,1,56,108
2852,2,459,122
2852,3,227,109
2852,4,213,38
2852,5,148,97
2853,1,449,100
2853,2,159,57
2853,3,317,146
2853,4,156,69
2853,5,417,85
2854,1,166,63
2854,2,232,133
2854,3,478,115
2854,4,227,83
2854,5,285,137
2855,1,66,31
2855,2,117,97
2855,3,356,83
2855,4,354,122
2855,5,264,64
2856,1,405,109
2856,2,251,127
2856,3,395,138
2856,4,313,98
2856,5,135,76
2857,1,210,42
2857,2,322,85
2857,3,73,87
2857,4,105,92
2857,5,269,90
2858,1,392,93
2858,2,163,33
2858,3,250,38
2858,4,294,132
2858,5,104,41
2859,1,440,130
2859,2,260,66
2859,3,92,67
2859,4,358,47
2859,5,328,126
2860,1,204,37
2860,2,86,89
2860,3,268,78
2860,4,90,120
2860,5,176,143
2861,1,71,112
2861,2,149,113
2861,3,467,127
2861,4,97,80
2861,5,348,142
2862,1,362,92
2862,2,133,110
2862,3,490,67
2862,4,489,56
2862,5,139,90
2863,1,154,127
2863,2,158,123
2863,3,145,115
2863,4,145,34
2863,5,333,147
2864,1,250,139
2864,2,124,32
2864,3,144,74
2864,4,318,97
2864,5,463,99
2865,1,485,39
2865,2,457,62
2865,3,390,53
2865,4,262,78
2865,5,94,132
2866,1,79,139
2866,2,263,84
2866,3,85,149
2866,4,333,37
2866,5,376,145
2867,1,275,39
2867,2,66,143
2867,3,153,40
2867,4,371,149
2867,5,171,118
2868,1,295,56
2868,2,373,73
2868,3,148,71
2868,4,439,52
2868,5,116,126
2869,1,479,148
2869,2,463,64
2869,3,454,98
2869,4,226,88
2869,5,439,32
2870,1,369,101
2870,2,406,127
2870,3,475,110
2870,4,88,120
2870,5,247,121
2871,1,447,50
2871,2,139,117
2871,3,293,135
2871,4,245,31
2871,5,67,52
2872,1,355,62
2872,2,416,121
2872,3,269,64
2872,4,82,32
2872,5,116,121
2873,1,184,73
2873,2,100,120
2873,3,321,118
2873,4,150,114
2873,5,330,116
2874,1,142,60
2874,2,285,59
2874,3,174,81
2874,4,232,143
2874,5,486,81
2875,1,135,120
2875,2,350,56
2875,3,190,132
2875,4,425,150
2875,5,51,58
2876,1,292,136
2876,2,96,119
2876,3,186,39
2876,4,179,46
2876,5,91,62
2877,1,102,88
2877,2,134,72
2877,3,238,133
2877,4,464,134
2877,5,483,89
2878,1,201,57
2878,2,61,57
2878,3,228,133
2878,4,459,70
2878,5,341,118
2879,1,454,124
2879,2,255,51
2879,3,284,144
2879,4,478,50
2879,5,339,55
2880,1,498,109
2880,2,117,150
2880,3,443,58
2880,4,258,73
2880,5,420,116
2881,1,306,129
2881,2,210,51
2881,3,209,117
2881,4,353,111
2881,5,372,88
2882,1,267,84
2882,2,435,81
2882,3,156,136
2882,4,400,120
2882,5,289,64
2883,1,73,74
2883,2,197,35
2883,3,277,41
2883,4,389,95
2883,5,286,127
2884,1,195,37
2884,2,252,109
2884,3,54,90
2884,4,489,54
2884,5,456,70
2885,1,397,121
2885,2,139,102
2885,3,301,129
2885,4,167,70
2885,5,103,134
2886,1,422,40
2886,2,369,85
2886,3,172,121
2886,4,312,41
2886,5,439,34
2887,1,289,33
2887,2,261,60
2887,3,256,91
2887,4,74,95
2887,5,56,89
2888,1,98,96
2888,2,211,57
2888,3,496,128
2888,4,71,113
2888,5,376,97
2889,1,334,113
2889,2,276,57
2889,3,376,30
2889,4,163,43
2889,5,204,90
2890,1,86,44
2890,2,60,121
2890,3,190,135
2890,4,175,66
2890,5,361,126
2891,1,487,56
2891,2,56,59
2891,3,208,84
2891,4,388,90
2891,5,326,123
2892,1,473,34
2892,2,367,70
2892,3,188,85
2892,4,246,69
2892,5,320,77
2893,1,156,58
2893,2,221,83
2893,3,345,141
2893,4,439,125
2893,5,122,66
2894,1,213,144
2894,2,197,95
2894,3,170,107
2894,4,381,66
2894,5,432,43
2895,1,158,100
2895,2,425,113
2895,3,319,83
2895,4,120,136
2895,5,337,101
2896,1,484,40
2896,2,429,46
2896,3,207,58
2896,4,366,46
2896,5,492,73
2897,1,146,61
2897,2,370,112
2897,3,498,34
2897,4,68,106
2897,5,143,58
2898,1,83,55
2898,2,345,68
2898,3,278,107
2898,4,282,53
2898,5,251,86
2899,1,62,150
2899,2,224,120
2899,3,351,48
2899,4,194,82
2899,5,135,72
2900,1,306,113
2900,2,489,106
2900,3,89,132
2900,4,172,119
2900,5,201,128
2901,1,179,113
2901,2,461,35
2901,3,64,50
2901,4,220,79
2901,5,185,136
2902,1,179,94
2902,2,122,69
2902,3,293,87
2902,4,308,37
2902,5,413,111
2903,1,151,44
2903,2,405,140
2903,3,186,38
2903,4,183,80
2903,5,322,77
2904,1,129,150
2904,2,327,115
2904,3,500,110
2904,4,137,84
2904,5,221,112
2905,1,130,140
2905,2,452,91
2905,3,429,119
2905,4,278,94
2905,5,296,104
2906,1,299,135
2906,2,321,55
2906,3,230,89
2906,4,378,109
2906,5,263,72
2907,1,406,128
2907,2,294,107
2907,3,213,133
2907,4,110,104
2907,5,201,134
2908,1,72,35
2908,2,436,50
2908,3,185,87
2908,4,242,147
2908,5,64,83
2909,1,313,136
2909,2,269,66
2909,3,159,129
2909,4,152,106
2909,5,487,52
2910,1,201,91
2910,2,285,116
2910,3,71,40
2910,4,486,65
2910,5,128,61
2911,1,59,84
2911,2,328,90
2911,3,349,126
2911,4,292,140
2911,5,174,125
2912,1,216,84
2912,2,332,51
2912,3,184,127
2912,4,471,116
2912,5,147,75
2913,1,106,103
2913,2,101,105
2913,3,412,110
2913,4,206,150
2913,5,90,40
2914,1,390,42
2914,2,314,127
2914,3,320,141
2914,4,403,44
2914,5,59,91
2915,1,411,41
2915,2,453,52
2915,3,431,125
2915,4,296,74
2915,5,309,104
2916,1,93,102
2916,2,208,140
2916,3,177,146
2916,4,359,41
2916,5,243,118
2917,1,132,81
2917,2,222,119
2917,3,127,57
2917,4,129,80
2917,5,68,38
2918,1,128,136
2918,2,133,116
2918,3,344,40
2918,4,105,94
2918,5,465,71
2919,1,356,38
2919,2,298,132
2919,3,449,54
2919,4,256,101
2919,5,399,67
2920,1,294,63
2920,2,493,41
2920,3,138,47
2920,4,442,42
2920,5,324,81
2921,1,219,86
2921,2,162,104
2921,3,336,62
2921,4,141,115
2921,5,411,104
2922,1,365,144
2922,2,173,125
2922,3,185,84
2922,4,385,111
2922,5,372,97
2923,1,482,71
2923,2,235,89
2923,3,252,134
2923,4,78,73
2923,5,62,134
2924,1,464,118
2924,2,398,99
2924,3,183,69
2924,4,411,126
2924,5,466,117
2925,1,423,101
2925,2,220,82
2925,3,314,92
2925,4,214,53
2925,5,387,62
2926,1,239,132
2926,2,220,107
2926,3,331,94
2926,4,207,122
2926,5,431,52
2927,1,286,120
2927,2,222,52
2927,3,250,56
2927,4,319,98
2927,5,127,54
2928,1,164,111
2928,2,190,75
2928,3,402,66
2928,4,128,119
2928,5,451,108
2929,1,131,43
2929,2,205,60
2929,3,142,110
2929,4,495,58
2929,5,119,63
2930,1,148,129
2930,2,423,55
2930,3,494,30
2930,4,232,148
2930,5,500,57
2931,1,385,128
2931,2,409,143
2931,3,355,52
2931,4,363,89
2931,5,290,78
2932,1,391,87
2932,2,352,36
2932,3,223,68
2932,4,210,100
2932,5,451,126
2933,1,100,59
2933,2,308,51
2933,3,345,118
2933,4,500,74
2933,5,159,114
2934,1,324,33
2934,2,377,38
2934,3,206,88
2934,4,476,42
2934,5,420,30
2935,1,428,125
2935,2,492,90
2935,3,63,78
2935,4,237,32
2935,5,404,131
2936,1,427,65
2936,2,349,64
2936,3,232,91
2936,4,388,96
2936,5,249,69
2937,1,452,39
2937,2,423,88
2937,3,161,117
2937,4,231,79
2937,5,123,139
2938,1,393,42
2938,2,282,141
2938,3,454,142
2938,4,51,118
2938,5,443,101
2939,1,321,105
2939,2,360,71
2939,3,455,63
2939,4,97,140
2939,5,453,65
2940,1,231,44
2940,2,325,111
2940,3,223,54
2940,4,143,148
2940,5,488,32
2941,1,78,104
2941,2,253,39
2941,3,270,43
2941,4,206,146
2941,5,475,58
2942,1,123,91
2942,2,72,42
2942,3,271,137
2942,4,291,73
2942,5,59,95
2943,1,224,92
2943,2,170,114
2943,3,56,141
2943,4,273,94
2943,5,417,143
2944,1,114,84
2944,2,465,83
2944,3,415,49
2944,4,300,68
2944,5,330,141
2945,1,249,83
2945,2,489,65
2945,3,447,71
2945,4,360,54
2945,5,225,98
2946,1,152,50
2946,2,189,137
2946,3,111,138
2946,4,264,120
2946,5,468,86
2947,1,161,134
2947,2,104,119
2947,3,331,74
2947,4,406,116
2947,5,178,115
2948,1,134,107
2948,2,204,147
2948,3,270,147
2948,4,60,148
2948,5,373,84
2949,1,166,125
2949,2,227,123
2949,3,55,47
2949,4,192,44
2949,5,171,134
2950,1,391,64
2950,2,85,77
2950,3,85,49
2950,4,175,53
2950,5,209,139
2951,1,91,147
2951,2,170,91
2951,3,428,93
2951,4,373,114
2951,5,458,102
2952,1,426,93
2952,2,217,81
2952,3,241,99
2952,4,157,59
2952,5,417,144
2953,1,303,71
2953,2,91,148
2953,3,296,34
2953,4,225,99
2953,5,141,131
2954,1,422,46
2954,2,471,115
2954,3,115,139
2954,4,350,73
2954,5,252,100
2955,1,184,116
2955,2,235,70
2955,3,448,122
2955,4,151,86
2955,5,460,133
2956,1,179,45
2956,2,372,42
2956,3,205,126
2956,4,375,109
2956,5,118,74
2957,1,65,69
2957,2,365,101
2957,3,488,90
2957,4,163,106
2957,5,164,42
2958,1,386,37
2958,2,406,32
2958,3,83,59
2958,4,392,124
2958,5,206,150
2959,1,222,54
2959,2,143,141
2959,3,111,103
2959,4,490,107
2959,5,467,118
2960,1,334,108
2960,2,300,85
2960,3,419,81
2960,4,185,94
2960,5,390,115
2961,1,170,77
2961,2,173,125
2961,3,73,53
2961,4,369,62
2961,5,50,129
2962,1,413,56
2962,2,435,57
2962,3,141,140
2962,4,406,30
2962,5,151,110
2963,1,172,88
2963,2,309,42
2963,3,123,130
2963,4,484,120
2963,5,271,130
2964,1,226,145
2964,2,299,48
2964,3,61,105
2964,4,144,50
2964,5,402,36
2965,1,116,104
2965,2,86,77
2965,3,233,40
2965,4,138,84
2965,5,250,150
2966,1,374,77
2966,2,87,48
2966,3,61,127
2966,4,460,95
2966,5,120,116
2967,1,400,33
2967,2,271,108
2967,3,487,58
2967,4,184,118
2967,5,311,145
2968,1,162,123
2968,2,57,99
2968,3,128,82
2968,4,477,100
2968,5,221,113
2969,1,496,44
2969,2,183,137
2969,3,253,49
2969,4,310,127
2969,5,102,45
2970,1,141,57
2970,2,423,61
2970,3,253,134
2970,4,190,64
2970,5,321,72
2971,1,358,146
2971,2,322,77
2971,3,106,91
2971,4,307,98
2971,5,417,95
2972,1,462,35
2972,2,369,48
2972,3,229,112
2972,4,256,77
2972,5,233,127
2973,1,155,44
2973,2,224,85
2973,3,409,149
2973,4,458,69
2973,5,223,50
2974,1,163,78
2974,2,107,146
2974,3,453,113
2974,4,285,118
2974,5,368,102
2975,1,482,136
2975,2,318,58
2975,3,229,91
2975,4,331,37
2975,5,392,38
2976,1,166,31
2976,2,423,34
2976,3,276,139
2976,4,377,102
2976,5,157,107
2977,1,331,30
2977,2,423,118
2977,3,136,33
2977,4,241,99
2977,5,206,120
2978,1,433,107
2978,2,186,121
2978,3,205,55
2978,4,454,116
2978,5,489,99
2979,1,288,145
2979,2,117,112
2979,3,316,92
2979,4,169,67
2979,5,409,148
2980,1,92,59
2980,2,370,77
2980,3,444,74
2980,4,185,81
2980,5,485,148
2981,1,270,69
2981,2,240,112
2981,3,438,66
2981,4,461,75
2981,5,301,78
2982,1,128,83
2982,2,376,68
2982,3,202,105
2982,4,409,69
2982,5,410,148
2983,1,278,54
2983,2,478,53
2983,3,485,38
2983,4,403,149
2983,5,438,101
2984,1,191,105
2984,2,280,137
2984,3,325,137
2984,4,167,144
2984,5,325,106
2985,1,265,34
2985,2,165,129
2985,3,483,96
2985,4,68,123
2985,5,72,45
2986,1,328,89
2986,2,185,30
2986,3,207,112
2986,4,150,137
2986,5,386,86
2987,1,69,111
2987,2,165,134
2987,3,192,44
2987,4,456,89
2987,5,154,117
2988,1,216,144
2988,2,85,105
2988,3,262,78
2988,4,198,77
2988,5,94,136
2989,1,330,144
2989,2,398,65
2989,3,306,129
2989,4,92,150
2989,5,310,30
2990,1,142,55
2990,2,362,147
2990,3,63,108
2990,4,497,111
2990,5,168,82
2991,1,175,94
2991,2,179,142
2991,3,382,96
2991,4,492,44
2991,5,336,68
2992,1,111,150
2992,2,374,134
2992,3,335,128
2992,4,320,100
2992,5,288,142
2993,1,151,45
2993,2,259,104
2993,3,240,64
2993,4,322,45
2993,5,83,52
2994,1,197,78
2994,2,422,104
2994,3,287,45
2994,4,169,121
2994,5,395,48
2995,1,247,68
2995,2,358,125
2995,3,413,57
2995,4,389,133
2995,5,223,87
2996,1,419,97
2996,2,488,33
2996,3,91,90
2996,4,415,64
2996,5,279,114
2997,1,354,108
2997,2,474,126
2997,3,123,110
2997,4,468,133
2997,5,318,105
2998,1,411,116
2998,2,324,68
2998,3,51,95
2998,4,79,144
2998,5,406,53
2999,1,331,54
2999,2,183,38
2999,3,124,117
2999,4,437,39
2999,5,487,113
3000,1,330,92
3000,2,478,83
3000,3,418,81
3000,4,399,114
3000,5,232,70
3001,1,320,149
3001,2,306,30
3001,3,59,122
3001,4,152,39
3001,5,330,78
3002,1,262,66
3002,2,291,84
3002,3,359,130
3002,4,136,100
3002,5,198,58
3003,1,304,73
3003,2,294,81
3003,3,416,76
3003,4,206,123
3003,5,144,147
3004,1,483,69
3004,2,481,48
3004,3,342,32
3004,4,474,129
3004,5,120,109
3005,1,88,135
3005,2,59,32
3005,3,62,107
3005,4,430,61
3005,5,230,60
3006,1,315,67
3006,2,245,120
3006,3,97,92
3006,4,394,83
3006,5,350,71
3007,1,464,116
3007,2,499,81
3007,3,214,125
3007,4,177,89
3007,5,135,69
3008,1,263,103
3008,2,368,88
3008,3,440,36
3008,4,145,136
3008,5,441,74
3009,1,462,96
3009,2,60,105
3009,3,455,75
3009,4,416,60
3009,5,456,76
3010,1,265,136
3010,2,456,66
3010,3,359,120
3010,4,52,35
3010,5,437,142
3011,1,368,50
3011,2,456,111
3011,3,222,71
3011,4,181,43
3011,5,404,45
3012,1,94,83
3012,2,375,69
3012,3,435,76
3012,4,95,145
3012,5,433,139
3013,1,208,74
3013,2,154,73
3013,3,307,134
3013,4,499,62
3013,5,64,131
3014,1,295,102
3014,2,283,44
3014,3,468,143
3014,4,120,40
3014,5,383,71
3015,1,240,96
3015,2,122,97
3015,3,345,148
3015,4,450,77
3015,5,380,125
3016,1,214,134
3016,2,197,32
3016,3,302,150
3016,4,102,94
3016,5,305,78
3017,1,361,63
3017,2,50,63
3017,3,132,71
3017,4,368,71
3017,5,345,149
3018,1,106,117
3018,2,417,40
3018,3,258,142
3018,4,162,103
3018,5,494,89
3019,1,296,70
3019,2,50,114
3019,3,402,68
3019,4,246,58
3019,5,387,46
3020,1,445,90
3020,2,288,32
3020,3,360,124
3020,4,54,116
3020,5,226,85
3021,1,411,35
3021,2,94,44
3021,3,441,89
3021,4,366,110
3021,5,177,103
3022,1,287,64
3022,2,431,39
3022,3,129,52
3022,4,164,116
3022,5,463,110
3023,1,138,111
3023,2,98,67
3023,3,449,71
3023,4,306,119
3023,5,196,137
3024,1,363,32
3024,2,413,136
3024,3,258,45
3024,4,396,50
3024,5,130,31
3025,1,350,36
3025,2,229,51
3025,3,395,46
3025,4,320,85
3025,5,496,65
3026,1,243,97
3026,2,244,129
3026,3,187,127
3026,4,392,68
3026,5,381,88
3027,1,216,94
3027,2,330,131
3027,3,99,112
3027,4,120,62
3027,5,368,95
3028,1,431,101
3028,2,385,62
3028,3,133,140
3028,4,121,72
3028,5,344,102
3029,1,298,104
3029,2,261,55
3029,3,408,47
3029,4,315,39
3029,5,341,97
3030,1,233,114
3030,2,294,94
3030,3,447,94
3030,4,381,37
3030,5,199,94
3031,1,282,147
3031,2,345,128
3031,3,347,32
3031,4,184,103
3031,5,344,48
3032,1,194,101
3032,2,65,148
3032,3,356,30
3032,4,122,76
3032,5,129,109
3033,1,423,128
3033,2,407,36
3033,3,403,98
3033,4,339,52
3033,5,425,119
3034,1,50,81
3034,2,79,67
3034,3,467,113
3034,4,146,45
3034,5,486,139
3035,1,282,91
3035,2,471,31
3035,3,374,148
3035,4,283,148
3035,5,325,137
3036,1,490,128
3036,2,97,121
3036,3,300,132
3036,4,158,39
3036,5,279,103
3037,1,432,118
3037,2,318,54
3037,3,348,67
3037,4,202,44
3037,5,239,49
3038,1,442,35
3038,2,462,78
3038,3,291,144
3038,4,462,120
3038,5,237,130
3039,1,461,149
3039,2,455,144
3039,3,76,89
3039,4,435,43
3039,5,291,65
3040,1,158,147
3040,2,255,77
3040,3,147,107
3040,4,479,39
3040,5,472,41
3041,1,295,117
3041,2,257,145
3041,3,479,117
3041,4,445,149
3041,5,479,88
3042,1,229,40
3042,2,97,89
3042,3,254,141
3042,4,355,133
3042,5,329,89
3043,1,361,76
3043,2,472,102
3043,3,110,72
3043,4,438,123
3043,5,383,69
3044,1,377,40
3044,2,378,112
3044,3,140,73
3044,4,210,120
3044,5,63,119
3045,1,498,147
3045,2,478,34
3045,3,339,105
3045,4,446,31
3045,5,472,44
3046,1,216,69
3046,2,376,87
3046,3,372,38
3046,4,177,84
3046,5,96,39
3047,1,470,128
3047,2,147,59
3047,3,64,139
3047,4,396,124
3047,5,425,42
3048,1,351,58
3048,2,288,146
3048,3,452,58
3048,4,193,116
3048,5,256,62
3049,1,298,107
3049,2,203,76
3049,3,146,65
3049,4,285,83
3049,5,169,103
3050,1,341,141
3050,2,278,119
3050,3,308,52
3050,4,142,81
3050,5,152,149
3051,1,440,126
3051,2,439,113
3051,3,276,49
3051,4,412,94
3051,5,434,116
3052,1,486,105
3052,2,163,125
3052,3,110,112
3052,4,192,119
3052,5,98,31
3053,1,139,88
3053,2,223,72
3053,3,95,30
3053,4,139,123
3053,5,446,32
3054,1,134,62
3054,2,476,136
3054,3,209,79
3054,4,181,76
3054,5,175,137
3055,1,68,95
3055,2,202,39
3055,3,76,67
3055,4,93,37
3055,5,81,119
3056,1,82,73
3056,2,363,85
3056,3,287,68
3056,4,56,136
3056,5,444,145
3057,1,172,110
3057,2,68,128
3057,3,243,128
3057,4,50,105
3057,5,121,140
3058,1,376,105
3058,2,468,119
3058,3,264,32
3058,4,401,101
3058,5,451,34
3059,1,230,126
3059,2,490,37
3059,3,125,34
3059,4,53,123
3059,5,329,112
3060,1,253,50
3060,2,445,32
3060,3,340,35
3060,4,304,121
3060,5,196,95
3061,1,223,84
3061,2,338,132
3061,3,74,95
3061,4,187,126
3061,5,62,124
3062,1,269,85
3062,2,411,101
3062,3,119,65
3062,4,437,33
3062,5,335,99
3063,1,357,138
3063,2,465,68
3063,3,412,71
3063,4,353,89
3063,5,491,118
3064,1,190,84
3064,2,406,43
3064,3,119,126
3064,4,198,115
3064,5,238,56
3065,1,121,134
3065,2,140,96
3065,3,126,81
3065,4,362,40
3065,5,426,112
3066,1,62,91
3066,2,147,106
3066,3,233,117
3066,4,208,114
3066,5,220,53
3067,1,165,132
3067,2,419,133
3067,3,384,101
3067,4,71,46
3067,5,139,39
3068,1,189,54
3068,2,450,149
3068,3,154,93
3068,4,275,92
3068,5,196,71
3069,1,187,149
3069,2,266,39
3069,3,408,129
3069,4,401,96
3069,5,167,136
3070,1,123,80
3070,2,287,143
3070,3,225,147
3070,4,266,131
3070,5,122,35
3071,1,56,113
3071,2,394,39
3071,3,468,108
3071,4,399,46
3071,5,176,34
3072,1,190,62
3072,2,437,50
3072,3,203,117
3072,4,377,106
3072,5,123,106
3073,1,237,58
3073,2,303,113
3073,3,225,122
3073,4,306,91
3073,5,310,74
3074,1,188,68
3074,2,103,55
3074,3,447,126
3074,4,497,113
3074,5,245,146
3075,1,465,138
3075,2,224,44
3075,3,336,106
3075,4,336,69
3075,5,121,125
3076,1,128,112
3076,2,409,34
3076,3,342,32
3076,4,201,80
3076,5,70,83
3077,1,263,35
3077,2,234,137
3077,3,232,134
3077,4,208,145
3077,5,259,82
3078,1,406,90
3078,2,456,104
3078,3,289,53
3078,4,324,34
3078,5,281,140
3079,1,236,92
3079,2,377,133
3079,3,491,36
3079,4,308,86
3079,5,90,138
3080,1,444,113
3080,2,379,134
3080,3,394,45
3080,4,126,60
3080,5,118,38
3081,1,500,58
3081,2,443,34
3081,3,110,46
3081,4,230,36
3081,5,138,73
3082,1,414,42
3082,2,221,48
3082,3,375,83
3082,4,146,55
3082,5,139,98
3083,1,210,126
3083,2,435,99
3083,3,261,111
3083,4,476,44
3083,5,63,63
3084,1,314,87
3084,2,299,91
3084,3,426,145
3084,4,392,128
3084,5,378,87
3085,1,118,120
3085,2,367,93
3085,3,112,35
3085,4,386,65
3085,5,221,105
3086,1,69,141
3086,2,431,54
3086,3,148,62
3086,4,197,57
3086,5,367,118
3087,1,61,141
3087,2,118,141
3087,3,378,141
3087,4,490,103
3087,5,455,46
3088,1,401,110
3088,2,135,46
3088,3,168,144
3088,4,379,91
3088,5,471,78
3089,1,272,143
3089,2,470,119
3089,3,94,98
3089,4,478,78
3089,5,485,79
3090,1,141,101
3090,2,152,39
3090,3,419,100
3090,4,453,148
3090,5,169,95
3091,1,102,89
3091,2,109,148
3091,3,381,47
3091,4,496,85
3091,5,181,143
3092,1,346,127
3092,2,317,62
3092,3,123,71
3092,4,120,147
3092,5,178,70
3093,1,417,114
3093,2,122,60
3093,3,138,141
3093,4,173,115
3093,5,53,52
3094,1,278,96
3094,2,127,31
3094,3,60,38
3094,4,195,67
3094,5,456,107
3095,1,265,76
3095,2,90,142
3095,3,339,129
3095,4,173,146
3095,5,273,48
3096,1,391,105
3096,2,327,79
3096,3,496,73
3096,4,262,59
3096,5,214,131
3097,1,425,69
3097,2,331,72
3097,3,94,54
3097,4,76,131
3097,5,171,34
3098,1,319,89
3098,2,408,107
3098,3,353,132
3098,4,62,58
3098,5,451,130
3099,1,290,107
3099,2,449,80
3099,3,424,130
3099,4,105,140
3099,5,263,94
3100,1,262,70
3100,2,152,100
3100,3,253,69
3100,4,249,41
3100,5,485,125
3101,1,250,143
3101,2,202,116
3101,3,425,137
3101,4,407,145
3101,5,374,37
3102,1,496,81
3102,2,57,143
3102,3,98,95
3102,4,446,134
3102,5,170,100
3103,1,497,137
3103,2,372,41
3103,3,209,89
3103,4,331,112
3103,5,53,38
3104,1,61,118
3104,2,350,70
3104,3,268,103
3104,4,128,57
3104,5,455,101
3105,1,252,135
3105,2,211,85
3105,3,462,83
3105,4,145,122
3105,5,81,93
3106,1,241,49
3106,2,401,59
3106,3,61,55
3106,4,324,119
3106,5,340,108
3107,1,202,51
3107,2,98,68
3107,3,442,136
3107,4,78,55
3107,5,334,90
3108,1,105,139
3108,2,200,132
3108,3,288,43
3108,4,179,73
3108,5,420,32
3109,1,473,77
3109,2,361,58
3109,3,203,114
3109,4,349,112
3109,5,448,134
3110,1,201,105
3110,2,308,127
3110,3,368,46
3110,4,151,41
3110,5,175,113
3111,1,106,37
3111,2,381,43
3111,3,155,146
3111,4,363,92
3111,5,75,109
3112,1,323,84
3112,2,500,122
3112,3,427,88
3112,4,176,83
3112,5,113,132
3113,1,55,56
3113,2,175,41
3113,3,295,52
3113,4,444,43
3113,5,449,137
3114,1,340,72
3114,2,224,130
3114,3,220,121
3114,4,357,33
3114,5,183,84
3115,1,437,106
3115,2,119,35
3115,3,240,30
3115,4,52,108
3115,5,356,97
3116,1,342,49
3116,2,166,49
3116,3,308,48
3116,4,109,92
3116,5,301,137
3117,1,225,56
3117,2,332,73
3117,3,68,114
3117,4,380,111
3117,5,107,75
3118,1,72,30
3118,2,324,55
3118,3,146,52
3118,4,253,73
3118,5,50,149
3119,1,387,140
3119,2,104,102
3119,3,285,76
3119,4,330,138
3119,5,419,106
3120,1,357,133
3120,2,211,72
3120,3,93,140
3120,4,492,98
3120,5,294,150
3121,1,321,80
3121,2,110,32
3121,3,337,114
3121,4,65,43
3121,5,423,105
3122,1,493,43
3122,2,211,102
3122,3,462,55
3122,4,64,146
3122,5,326,131
3123,1,259,92
3123,2,393,112
3123,3,85,111
3123,4,286,56
3123,5,314,134
3124,1,194,132
3124,2,496,103
3124,3,154,89
3124,4,368,122
3124,5,419,63
3125,1,450,64
3125,2,372,125
3125,3,417,57
3125,4,499,34
3125,5,341,110
3126,1,208,134
3126,2,339,119
3126,3,201,34
3126,4,264,57
3126,5,257,58
3127,1,441,65
3127,2,397,82
3127,3,117,47
3127,4,153,71
3127,5,329,73
3128,1,347,74
3128,2,122,62
3128,3,179,46
3128,4,265,78
3128,5,335,133
3129,1,345,125
3129,2,78,113
3129,3,61,95
3129,4,247,31
3129,5,468,67
3130,1,377,32
3130,2,330,146
3130,3,213,147
3130,4,238,137
3130,5,407,103
3131,1,78,76
3131,2,111,57
3131,3,110,149
3131,4,468,47
3131,5,387,121
3132,1,244,143
3132,2,298,116
3132,3,174,64
3132,4,225,56
3132,5,337,41
3133,1,447,43
3133,2,79,80
3133,3,324,57
3133,4,495,120
3133,5,81,33
3134,1,484,150
3134,2,416,121
3134,3,364,92
3134,4,230,31
3134,5,429,64
3135,1,378,140
3135,2,63,140
3135,3,425,76
3135,4,318,119
3135,5,421,92
3136,1,403,85
3136,2,79,127
3136,3,340,42
3136,4,430,61
3136,5,340,41
3137,1,277,94
3137,2,109,87
3137,3,490,110
3137,4,358,124
3137,5,163,112
3138,1,480,149
3138,2,131,32
3138,3,157,31
3138,4,438,70
3138,5,151,89
3139,1,307,62
3139,2,64,119
3139,3,70,100
3139,4,382,71
3139,5,500,59
3140,1,196,69
3140,2,85,62
3140,3,106,78
3140,4,500,59
3140,5,208,38
3141,1,177,45
3141,2,487,74
3141,3,195,42
3141,4,259,40
3141,5,374,124
3142,1,187,94
3142,2,398,94
3142,3,221,33
3142,4,439,66
3142,5,397,142
3143,1,305,83
3143,2,352,92
3143,3,89,30
3143,4,253,124
3143,5,65,36
3144,1,196,45
3144,2,229,61
3144,3,453,135
3144,4,428,127
3144,5,279,42
3145,1,235,36
3145,2,166,95
3145,3,301,126
3145,4,153,83
3145,5,84,130
3146,1,106,53
3146,2,203,141
3146,3,175,30
3146,4,107,88
3146,5,219,112
3147,1,382,149
3147,2,124,146
3147,3,426,122
3147,4,290,37
3147,5,81,49
3148,1,82,76
3148,2,418,67
3148,3,291,71
3148,4,92,87
3148,5,154,127
3149,1,303,82
3149,2,242,123
3149,3,346,107
3149,4,272,50
3149,5,286,80
3150,1,247,100
3150,2,158,113
3150,3,364,83
3150,4,116,140
3150,5,98,64
3151,1,287,91
3151,2,233,126
3151,3,253,88
3151,4,336,123
3151,5,496,145
3152,1,338,51
3152,2,273,104
3152,3,280,81
3152,4,106,43
3152,5,94,124
3153,1,344,108
3153,2,274,141
3153,3,367,61
3153,4,262,121
3153,5,306,93
3154,1,253,75
3154,2,158,98
3154,3,281,122
3154,4,223,148
3154,5,375,59
3155,1,316,33
3155,2,308,147
3155,3,434,59
3155,4,228,87
3155,5,243,140
3156,1,105,94
3156,2,173,129
3156,3,159,134
3156,4,149,33
3156,5,124,52
3157,1,482,76
3157,2,134,115
3157,3,135,112
3157,4,274,33
3157,5,57,30
3158,1,421,101
3158,2,423,81
3158,3,150,89
3158,4,432,58
3158,5,477,80
3159,1,234,47
3159,2,93,116
3159,3,483,98
3159,4,79,87
3159,5,461,96
3160,1,437,98
3160,2,437,45
3160,3,219,57
3160,4,369,80
3160,5,406,108
3161,1,365,32
3161,2,465,91
3161,3,344,81
3161,4,138,134
3161,5,63,130
3162,1,496,125
3162,2,269,52
3162,3,159,97
3162,4,208,84
3162,5,318,76
3163,1,444,67
3163,2,136,102
3163,3,363,106
3163,4,147,132
3163,5,300,57
3164,1,76,43
3164,2,425,98
3164,3,91,49
3164,4,127,140
3164,5,114,40
3165,1,75,142
3165,2,102,146
3165,3,191,44
3165,4,457,137
3165,5,304,88
3166,1,489,130
3166,2,455,63
3166,3,337,119
3166,4,275,98
3166,5,478,101
3167,1,357,59
3167,2,95,32
3167,3,432,44
3167,4,373,74
3167,5,87,59
3168,1,278,78
3168,2,472,94
3168,3,475,57
3168,4,358,142
3168,5,76,86
3169,1,495,34
3169,2,315,139
3169,3,213,89
3169,4,235,133
3169,5,103,45
3170,1,294,113
3170,2,162,66
3170,3,331,59
3170,4,489,55
3170,5,470,148
3171,1,470,129
3171,2,432,36
3171,3,286,142
3171,4,104,82
3171,5,389,90
3172,1,172,81
3172,2,260,134
3172,3,432,141
3172,4,482,67
3172,5,329,73
3173,1,396,91
3173,2,459,139
3173,3,173,73
3173,4,102,86
3173,5,81,117
3174,1,441,33
3174,2,271,95
3174,3,352,30
3174,4,67,116
3174,5,446,56
3175,1,54,138
3175,2,382,95
3175,3,150,86
3175,4,66,56
3175,5,115,71
3176,1,282,73
3176,2,89,126
3176,3,447,116
3176,4,136,67
3176,5,189,96
3177,1,327,100
3177,2,210,148
3177,3,275,53
3177,4,106,44
3177,5,216,135
3178,1,345,45
3178,2,229,106
3178,3,71,39
3178,4,90,112
3178,5,101,61
3179,1,172,117
3179,2,268,126
3179,3,367,74
3179,4,108,55
3179,5,472,75
3180,1,498,53
3180,2,470,126
3180,3,309,52
3180,4,114,69
3180,5,428,106
3181,1,230,118
3181,2,226,140
3181,3,187,66
3181,4,477,108
3181,5,304,45
3182,1,100,144
3182,2,350,38
3182,3,371,40
3182,4,413,46
3182,5,165,37
3183,1,80,52
3183,2,249,123
3183,3,61,71
3183,4,335,57
3183,5,409,134
3184,1,83,111
3184,2,492,94
3184,3,465,96
3184,4,59,103
3184,5,352,53
3185,1,172,70
3185,2,92,123
3185,3,150,117
3185,4,90,109
3185,5,350,136
3186,1,90,53
3186,2,176,100
3186,3,225,126
3186,4,488,121
3186,5,212,70
3187,1,347,97
3187,2,336,70
3187,3,257,102
3187,4,238,50
3187,5,257,34
3188,1,403,56
3188,2,458,112
3188,3,474,56
3188,4,288,138
3188,5,102,69
3189,1,401,96
3189,2,383,34
3189,3,331,122
3189,4,366,86
3189,5,466,86
3190,1,430,119
3190,2,264,92
3190,3,493,49
3190,4,169,114
3190,5,271,54
3191,1,282,74
3191,2,90,104
3191,3,160,49
3191,4,370,115
3191,5,220,66
3192,1,281,126
3192,2,98,65
3192,3,305,30
3192,4,161,75
3192,5,446,121
3193,1,462,90
3193,2,463,105
3193,3,240,48
3193,4,184,49
3193,5,89,54
3194,1,269,36
3194,2,341,67
3194,3,234,71
3194,4,263,121
3194,5,378,52
3195,1,419,37
3195,2,309,130
3195,3,276,105
3195,4,226,92
3195,5,242,133
3196,1,313,60
3196,2,105,46
3196,3,282,120
3196,4,478,90
3196,5,380,32
3197,1,453,143
3197,2,227,129
3197,3,481,37
3197,4,236,50
3197,5,347,149
3198,1,246,97
3198,2,132,73
3198,3,415,87
3198,4,397,123
3198,5,156,150
3199,1,445,135
3199,2,500,83
3199,3,92,67
3199,4,341,139
3199,5,70,149
3200,1,90,140
3200,2,472,94
3200,3,67,99
3200,4,233,98
3200,5,253,50
3201,1,299,87
3201,2,255,123
3201,3,232,111
3201,4,161,138
3201,5,247,31
3202,1,207,91
3202,2,431,53
3202,3,482,88
3202,4,143,120
3202,5,332,138
3203,1,407,51
3203,2,348,69
3203,3,406,130
3203,4,485,121
3203,5,329,43
3204,1,235,55
3204,2,125,98
3204,3,349,76
3204,4,60,124
3204,5,111,42
3205,1,164,97
3205,2,81,67
3205,3,292,136
3205,4,426,44
3205,5,445,56
3206,1,353,122
3206,2,73,140
3206,3,497,82
3206,4,113,49
3206,5,500,41
3207,1,379,85
3207,2,136,89
3207,3,210,119
3207,4,120,31
3207,5,349,108
3208,1,414,120
3208,2,131,119
3208,3,112,92
3208,4,59,136
3208,5,326,105
3209,1,53,116
3209,2,416,70
3209,3,310,61
3209,4,243,149
3209,5,379,62
3210,1,309,109
3210,2,265,138
3210,3,349,94
3210,4,181,37
3210,5,144,45
3211,1,365,135
3211,2,340,101
3211,3,498,104
3211,4,196,146
3211,5,266,123
3212,1,157,111
3212,2,226,39
3212,3,402,107
3212,4,235,94
3212,5,214,123
3213,1,69,84
3213,2,237,113
3213,3,487,144
3213,4,183,131
3213,5,354,127
3214,1,446,84
3214,2,401,93
3214,3,65,123
3214,4,479,99
3214,5,284,95
3215,1,457,33
3215,2,344,100
3215,3,159,52
3215,4,110,60
3215,5,136,65
3216,1,252,113
3216,2,466,116
3216,3,63,72
3216,4,341,119
3216,5,157,78
3217,1,431,141
3217,2,470,72
3217,3,322,124
3217,4,229,57
3217,5,226,38
3218,1,431,133
3218,2,332,41
3218,3,401,104
3218,4,450,145
3218,5,360,61
3219,1,184,66
3219,2,240,41
3219,3,259,71
3219,4,490,111
3219,5,397,121
3220,1,189,110
3220,2,320,100
3220,3,161,70
3220,4,334,99
3220,5,253,114
3221,1,317,30
3221,2,100,109
3221,3,92,33
3221,4,463,125
3221,5,309,75
3222,1,317,127
3222,2,343,95
3222,3,208,57
3222,4,375,150
3222,5,430,113
3223,1,363,103
3223,2,390,38
3223,3,274,109
3223,4,338,65
3223,5,340,34
3224,1,237,51
3224,2,52,52
3224,3,491,131
3224,4,133,36
3224,5,54,62
3225,1,333,146
3225,2,244,118
3225,3,500,148
3225,4,455,103
3225,5,125,36
3226,1,165,114
3226,2,65,66
3226,3,110,76
3226,4,248,65
3226,5,490,150
3227,1,66,138
3227,2,168,36
3227,3,480,33
3227,4,415,121
3227,5,161,96
3228,1,208,110
3228,2,465,50
3228,3,390,31
3228,4,252,137
3228,5,457,82
3229,1,167,62
3229,2,351,55
3229,3,333,54
3229,4,259,48
3229,5,382,64
3230,1,240,113
3230,2,357,132
3230,3,225,96
3230,4,236,107
3230,5,105,48
3231,1,326,74
3231,2,120,130
3231,3,218,99
3231,4,274,56
3231,5,317,62
3232,1,384,139
3232,2,272,54
3232,3,398,148
3232,4,327,75
3232,5,289,68
3233,1,491,99
3233,2,483,60
3233,3,465,85
3233,4,238,108
3233,5,135,119
3234,1,235,63
3234,2,208,32
3234,3,182,103
3234,4,419,41
3234,5,111,36
3235,1,186,71
3235,2,164,142
3235,3,96,78
3235,4,142,38
3235,5,200,149
3236,1,441,92
3236,2,359,107
3236,3,392,32
3236,4,173,95
3236,5,66,106
3237,1,313,138
3237,2,219,123
3237,3,252,32
3237,4,447,67
3237,5,242,115
3238,1,452,121
3238,2,478,114
3238,3,205,50
3238,4,144,32
3238,5,182,92
3239,1,390,99
3239,2,175,68
3239,3,360,60
3239,4,194,38
3239,5,434,124
3240,1,490,140
3240,2,87,86
3240,3,175,35
3240,4,458,57
3240,5,195,150
3241,1,232,117
3241,2,468,139
3241,3,244,81
3241,4,334,120
3241,5,499,95
3242,1,147,43
3242,2,388,130
3242,3,280,118
3242,4,56,127
3242,5,271,107
3243,1,445,61
3243,2,344,47
3243,3,58,36
3243,4,92,114
3243,5,127,107
3244,1,305,49
3244,2,412,90
3244,3,118,119
3244,4,393,124
3244,5,443,131
3245,1,387,88
3245,2,339,99
3245,3,394,96
3245,4,338,91
3245,5,380,41
3246,1,388,70
3246,2,100,133
3246,3,402,148
3246,4,461,49
3246,5,166,89
3247,1,138,116
3247,2,488,55
3247,3,110,35
3247,4,372,144
3247,5,440,81
3248,1,428,101
3248,2,345,35
3248,3,228,111
3248,4,442,40
3248,5,194,91
3249,1,197,99
3249,2,330,99
3249,3,350,90
3249,4,78,91
3249,5,397,149
3250,1,304,101
3250,2,462,145
3250,3,164,41
3250,4,470,144
3250,5,410,50
3251,1,297,99
3251,2,119,80
3251,3,278,36
3251,4,152,57
3251,5,71,60
3252,1,359,96
3252,2,203,139
3252,3,340,137
3252,4,67,72
3252,5,283,97
3253,1,174,87
3253,2,96,48
3253,3,264,37
3253,4,480,94
3253,5,190,105
3254,1,324,46
3254,2,96,30
3254,3,368,34
3254,4,147,106
3254,5,491,144
3255,1,496,62
3255,2,299,86
3255,3,72,112
3255,4,93,131
3255,5,66,57
3256,1,139,46
3256,2,318,34
3256,3,81,115
3256,4,278,128
3256,5,292,89
3257,1,336,53
3257,2,480,125
3257,3,414,147
3257,4,151,38
3257,5,234,122
3258,1,120,78
3258,2,88,89
3258,3,380,126
3258,4,204,145
3258,5,494,121
3259,1,206,50
3259,2,465,112
3259,3,478,62
3259,4,419,45
3259,5,244,55
3260,1,254,64
3260,2,285,142
3260,3,462,87
3260,4,444,104
3260,5,84,48
3261,1,349,49
3261,2,280,96
3261,3,491,38
3261,4,78,144
3261,5,305,107
3262,1,121,139
3262,2,137,71
3262,3,201,39
3262,4,450,92
3262,5,388,55
3263,1,132,108
3263,2,254,119
3263,3,470,61
3263,4,167,90
3263,5,105,87
3264,1,347,76
3264,2,167,30
3264,3,220,60
3264,4,86,113
3264,5,254,132
3265,1,78,150
3265,2,381,145
3265,3,116,35
3265,4,293,50
3265,5,467,70
3266,1,345,50
3266,2,346,115
3266,3,50,105
3266,4,260,127
3266,5,130,134
3267,1,456,84
3267,2,265,127
3267,3,68,119
3267,4,388,48
3267,5,117,111
3268,1,300,145
3268,2,216,49
3268,3,381,96
3268,4,245,118
3268,5,196,129
3269,1,157,99
3269,2,260,51
3269,3,449,141
3269,4,101,51
3269,5,416,108
3270,1,327,72
3270,2,304,103
3270,3,204,99
3270,4,212,115
3270,5,390,91
3271,1,134,68
3271,2,171,109
3271,3,373,105
3271,4,302,143
3271,5,377,86
3272,1,451,121
3272,2,86,34
3272,3,133,48
3272,4,199,91
3272,5,215,112
3273,1,319,36
3273,2,83,98
3273,3,426,90
3273,4,370,139
3273,5,189,110
3274,1,371,55
3274,2,394,55
3274,3,339,57
3274,4,119,145
3274,5,251,99
3275,1,428,95
3275,2,212,88
3275,3,286,52
3275,4,443,62
3275,5,449,86
3276,1,463,108
3276,2,307,68
3276,3,434,104
3276,4,121,80
3276,5,212,94
3277,1,414,63
3277,2,314,58
3277,3,239,115
3277,4,180,144
3277,5,358,65
3278,1,448,135
3278,2,203,131
3278,3,471,56
3278,4,147,53
3278,5,252,88
3279,1,289,114
3279,2,478,33
3279,3,296,85
3279,4,184,90
3279,5,161,133
3280,1,319,36
3280,2,471,97
3280,3,160,78
3280,4,226,87
3280,5,75,107
3281,1,264,129
3281,2,114,74
3281,3,139,39
3281,4,334,78
3281,5,341,72
3282,1,217,90
3282,2,254,77
3282,3,180,39
3282,4,485,66
3282,5,468,52
3283,1,105,126
3283,2,112,110
3283,3,454,67
3283,4,246,135
3283,5,121,45
3284,1,134,67
3284,2,278,82
3284,3,118,46
3284,4,190,132
3284,5,177,84
3285,1,246,52
3285,2,131,115
3285,3,429,133
3285,4,212,115
3285,5,477,37
3286,1,459,143
3286,2,322,149
3286,3,332,32
3286,4,483,89
3286,5,111,71
3287,1,269,30
3287,2,84,74
3287,3,140,74
3287,4,482,102
3287,5,119,34
3288,1,258,43
3288,2,483,144
3288,3,342,139
3288,4,488,63
3288,5,269,110
3289,1,288,71
3289,2,122,112
3289,3,140,114
3289,4,298,70
3289,5,216,106
3290,1,367,147
3290,2,377,127
3290,3,370,78
3290,4,386,131
3290,5,239,110
3291,1,201,76
3291,2,225,64
3291,3,248,82
3291,4,91,137
3291,5,104,105
3292,1,209,137
3292,2,126,104
3292,3,250,97
3292,4,377,83
3292,5,484,45
3293,1,490,79
3293,2,171,129
3293,3,338,72
3293,4,138,57
3293,5,421,43
3294,1,144,115
3294,2,215,85
3294,3,229,64
3294,4,387,120
3294,5,275,145
3295,1,207,94
3295,2,314,139
3295,3,385,100
3295,4,454,133
3295,5,379,123
3296,1,135,123
3296,2,356,83
3296,3,226,96
3296,4,142,103
3296,5,122,147
3297,1,492,130
3297,2,343,83
3297,3,482,95
3297,4,302,73
3297,5,290,52
3298,1,111,147
3298,2,404,101
3298,3,212,93
3298,4,59,68
3298,5,126,110
3299,1,236,47
3299,2,256,90
3299,3,315,144
3299,4,406,94
3299,5,291,50
3300,1,479,66
3300,2,269,124
3300,3,376,130
3300,4,380,75
3300,5,445,47
3301,1,90,120
3301,2,343,134
3301,3,244,114
3301,4,324,106
3301,5,482,116
3302,1,83,135
3302,2,184,120
3302,3,450,130
3302,4,168,104
3302,5,177,85
3303,1,214,144
3303,2,404,74
3303,3,335,103
3303,4,333,60
3303,5,297,65
3304,1,216,38
3304,2,302,51
3304,3,57,139
3304,4,98,119
3304,5,256,143
3305,1,465,93
3305,2,486,74
3305,3,378,141
3305,4,183,139
3305,5,149,90
3306,1,226,65
3306,2,265,99
3306,3,348,92
3306,4,351,67
3306,5,121,102
3307,1,184,137
3307,2,76,36
3307,3,269,31
3307,4,105,118
3307,5,250,55
3308,1,318,61
3308,2,66,104
3308,3,499,93
3308,4,489,111
3308,5,329,74
3309,1,429,72
3309,2,367,88
3309,3,72,102
3309,4,220,85
3309,5,69,68
3310,1,168,39
3310,2,428,30
3310,3,375,91
3310,4,209,112
3310,5,136,73
3311,1,236,42
3311,2,277,114
3311,3,450,149
3311,4,373,63
3311,5,271,67
3312,1,496,135
3312,2,293,80
3312,3,444,68
3312,4,335,50
3312,5,164,142
3313,1,409,91
3313,2,352,141
3313,3,119,73
3313,4,425,131
3313,5,234,147
3314,1,443,40
3314,2,447,47
3314,3,266,121
3314,4,79,129
3314,5,139,43
3315,1,232,129
3315,2,424,134
3315,3,319,77
3315,4,244,133
3315,5,259,68
3316,1,329,94
3316,2,197,111
3316,3,361,75
3316,4,109,114
3316,5,431,57
3317,1,317,110
3317,2,432,108
3317,3,121,109
3317,4,384,52
3317,5,160,101
3318,1,178,64
3318,2,330,75
3318,3,78,34
3318,4,436,41
3318,5,381,114
3319,1,142,73
3319,2,361,78
3319,3,310,147
3319,4,195,106
3319,5,287,79
3320,1,139,60
3320,2,469,75
3320,3,213,78
3320,4,296,53
3320,5,250,44
3321,1,200,120
3321,2,356,79
3321,3,343,40
3321,4,92,80
3321,5,172,147
3322,1,163,45
3322,2,365,73
3322,3,148,78
3322,4,159,62
3322,5,202,146
3323,1,486,39
3323,2,265,142
3323,3,473,119
3323,4,378,67
3323,5,341,76
3324,1,378,116
3324,2,309,127
3324,3,458,49
3324,4,392,53
3324,5,289,114
3325,1,322,74
3325,2,140,52
3325,3,100,41
3325,4,351,122
3325,5,359,82
3326,1,200,130
3326,2,361,104
3326,3,178,66
3326,4,93,121
3326,5,408,130
3327,1,390,52
3327,2,410,96
3327,3,356,33
3327,4,183,70
3327,5,493,34
3328,1,450,147
3328,2,150,73
3328,3,245,103
3328,4,423,100
3328,5,297,123
3329,1,245,54
3329,2,422,100
3329,3,154,54
3329,4,381,96
3329,5,369,91
3330,1,409,47
3330,2,248,63
3330,3,202,142
3330,4,151,88
3330,5,383,46
3331,1,228,32
3331,2,234,145
3331,3,98,44
3331,4,417,42
3331,5,392,33
3332,1,102,111
3332,2,281,99
3332,3,205,44
3332,4,251,50
3332,5,458,70
3333,1,233,136
3333,2,346,127
3333,3,77,83
3333,4,500,53
3333,5,467,83
3334,1,373,148
3334,2,149,136
3334,3,361,31
3334,4,226,101
3334,5,471,117
3335,1,383,93
3335,2,334,47
3335,3,52,147
3335,4,177,149
3335,5,391,56
3336,1,387,53
3336,2,187,54
3336,3,399,126
3336,4,93,35
3336,5,231,46
3337,1,385,106
3337,2,289,148
3337,3,277,106
3337,4,255,133
3337,5,106,53
3338,1,447,62
3338,2,437,110
3338,3,268,51
3338,4,324,135
3338,5,349,87
3339,1,138,118
3339,2,279,136
3339,3,383,67
3339,4,402,116
3339,5,169,139
3340,1,497,78
3340,2,89,86
3340,3,89,146
3340,4,215,96
3340,5,459,150
3341,1,187,93
3341,2,433,72
3341,3,230,134
3341,4,90,124
3341,5,95,146
3342,1,492,117
3342,2,211,115
3342,3,242,125
3342,4,350,59
3342,5,431,64
3343,1,476,107
3343,2,216,44
3343,3,104,130
3343,4,182,79
3343,5,391,103
3344,1,342,108
3344,2,189,114
3344,3,352,71
3344,4,228,115
3344,5,411,104
3345,1,456,140
3345,2,337,87
3345,3,458,44
3345,4,484,133
3345,5,361,75
3346,1,311,87
3346,2,391,106
3346,3,245,39
3346,4,453,78
3346,5,112,76
3347,1,123,64
3347,2,455,133
3347,3,478,147
3347,4,436,149
3347,5,60,99
3348,1,343,101
3348,2,392,47
3348,3,180,102
3348,4,213,67
3348,5,398,105
3349,1,186,71
3349,2,410,90
3349,3,211,58
3349,4,174,100
3349,5,473,73
3350,1,344,59
3350,2,151,87
3350,3,94,44
3350,4,197,59
3350,5,218,141
3351,1,412,98
3351,2,150,143
3351,3,282,124
3351,4,463,59
3351,5,162,55
3352,1,391,52
3352,2,461,105
3352,3,213,76
3352,4,185,147
3352,5,369,146
3353,1,359,146
3353,2,306,146
3353,3,360,123
3353,4,477,38
3353,5,492,88
3354,1,430,35
3354,2,192,65
3354,3,390,63
3354,4,279,83
3354,5,200,95
3355,1,339,31
3355,2,197,80
3355,3,500,78
3355,4,455,146
3355,5,133,83
3356,1,254,147
3356,2,342,75
3356,3,297,96
3356,4,473,30
3356,5,231,67
3357,1,473,96
3357,2,178,109
3357,3,133,44
3357,4,153,55
3357,5,414,91
3358,1,346,148
3358,2,112,40
3358,3,124,109
3358,4,237,144
3358,5,477,50
3359,1,424,41
3359,2,353,63
3359,3,204,121
3359,4,303,98
3359,5,277,46
3360,1,182,119
3360,2,322,100
3360,3,351,147
3360,4,216,99
3360,5,86,146
3361,1,121,103
3361,2,125,46
3361,3,262,149
3361,4,346,55
3361,5,285,150
3362,1,432,42
3362,2,110,128
3362,3,284,149
3362,4,209,107
3362,5,55,101
3363,1,212,63
3363,2,304,100
3363,3,315,91
3363,4,302,30
3363,5,420,74
3364,1,407,91
3364,2,207,49
3364,3,63,61
3364,4,138,112
3364,5,162,143
3365,1,375,123
3365,2,97,106
3365,3,326,129
3365,4,330,61
3365,5,234,97
3366,1,50,130
3366,2,329,80
3366,3,200,111
3366,4,196,82
3366,5,180,111
3367,1,334,120
3367,2,142,81
3367,3,456,47
3367,4,217,45
3367,5,346,121
3368,1,442,40
3368,2,261,150
3368,3,125,46
3368,4,78,75
3368,5,198,95
3369,1,280,51
3369,2,377,131
3369,3,257,40
3369,4,393,54
3369,5,403,58
3370,1,276,77
3370,2,151,52
3370,3,62,43
3370,4,264,145
3370,5,289,67
3371,1,215,114
3371,2,81,56
3371,3,321,110
3371,4,230,104
3371,5,76,144
3372,1,164,34
3372,2,253,64
3372,3,104,72
3372,4,155,120
3372,5,194,87
3373,1,158,112
3373,2,219,52
3373,3,183,114
3373,4,171,69
3373,5,100,114
3374,1,310,60
3374,2,379,96
3374,3,325,50
3374,4,355,65
3374,5,431,63
3375,1,454,34
3375,2,144,139
3375,3,302,101
3375,4,105,148
3375,5,274,54
3376,1,333,54
3376,2,52,146
3376,3,416,112
3376,4,157,118
3376,5,282,85
3377,1,300,132
3377,2,482,123
3377,3,342,148
3377,4,143,116
3377,5,118,86
3378,1,485,130
3378,2,372,89
3378,3,310,135
3378,4,133,69
3378,5,81,136
3379,1,410,133
3379,2,366,125
3379,3,205,145
3379,4,396,125
3379,5,271,133
3380,1,227,33
3380,2,379,122
3380,3,281,43
3380,4,443,84
3380,5,164,111
3381,1,418,140
3381,2,235,126
3381,3,179,99
3381,4,127,62
3381,5,147,143
3382,1,480,43
3382,2,100,33
3382,3,77,49
3382,4,226,75
3382,5,328,136
3383,1,359,97
3383,2,314,83
3383,3,304,127
3383,4,155,134
3383,5,276,132
3384,1,311,53
3384,2,250,134
3384,3,253,98
3384,4,266,93
3384,5,425,116
3385,1,307,48
3385,2,417,38
3385,3,234,134
3385,4,153,97
3385,5,317,45
3386,1,325,47
3386,2,266,99
3386,3,262,107
3386,4,429,55
3386,5,196,84
3387,1,327,138
3387,2,251,100
3387,3,445,61
3387,4,209,82
3387,5,366,88
3388,1,359,118
3388,2,425,81
3388,3,303,49
3388,4,334,80
3388,5,430,96
3389,1,143,70
3389,2,207,128
3389,3,366,81
3389,4,61,110
3389,5,235,138
3390,1,133,145
3390,2,401,79
3390,3,268,113
3390,4,264,149
3390,5,462,57
3391,1,445,102
3391,2,476,133
3391,3,383,48
3391,4,463,45
3391,5,93,120
3392,1,416,93
3392,2,93,95
3392,3,72,69
3392,4,179,84
3392,5,422,56
3393,1,201,124
3393,2,467,56
3393,3,74,67
3393,4,136,35
3393,5,157,110
3394,1,146,128
3394,2,427,50
3394,3,183,49
3394,4,158,86
3394,5,280,99
3395,1,178,82
3395,2,493,55
3395,3,438,136
3395,4,418,63
3395,5,361,64
3396,1,213,110
3396,2,64,101
3396,3,104,33
3396,4,137,143
3396,5,489,144
3397,1,246,99
3397,2,289,101
3397,3,327,106
3397,4,278,114
3397,5,252,62
3398,1,388,132
3398,2,175,118
3398,3,331,126
3398,4,59,99
3398,5,368,31
3399,1,432,73
3399,2,447,131
3399,3,71,115
3399,4,471,140
3399,5,307,96
3400,1,290,126
3400,2,128,104
3400,3,498,30
3400,4,57,77
3400,5,232,46
3401,1,429,71
3401,2,167,108
3401,3,412,77
3401,4,86,77
3401,5,378,150
3402,1,286,145
3402,2,485,44
3402,3,388,56
3402,4,70,63
3402,5,102,50
3403,1,162,131
3403,2,451,42
3403,3,231,60
3403,4,222,113
3403,5,101,103
3404,1,180,30
3404,2,243,38
3404,3,238,116
3404,4,232,31
3404,5,146,100
3405,1,302,52
3405,2,390,144
3405,3,329,123
3405,4,199,86
3405,5,444,103
3406,1,83,150
3406,2,103,115
3406,3,481,144
3406,4,497,40
3406,5,383,129
3407,1,95,83
3407,2,100,130
3407,3,330,65
3407,4,350,137
3407,5,209,83
3408,1,355,115
3408,2,187,125
3408,3,130,124
3408,4,183,150
3408,5,80,36
3409,1,377,91
3409,2,421,137
3409,3,252,34
3409,4,328,140
3409,5,203,77
3410,1,108,140
3410,2,84,110
3410,3,114,113
3410,4,485,67
3410,5,189,112
3411,1,399,130
3411,2,138,146
3411,3,479,83
3411,4,129,39
3411,5,272,41
3412,1,294,148
3412,2,379,45
3412,3,267,50
3412,4,230,76
3412,5,332,147
3413,1,271,41
3413,2,332,101
3413,3,393,129
3413,4,351,126
3413,5,118,69
3414,1,114,137
3414,2,259,103
3414,3,57,67
3414,4,359,79
3414,5,310,74
3415,1,184,111
3415,2,282,70
3415,3,270,82
3415,4,118,142
3415,5,328,107
3416,1,477,135
3416,2,208,135
3416,3,94,50
3416,4,207,91
3416,5,477,101
3417,1,458,145
3417,2,63,96
3417,3,128,46
3417,4,441,64
3417,5,137,109
3418,1,400,68
3418,2,352,124
3418,3,277,50
3418,4,235,52
3418,5,313,127
3419,1,122,49
3419,2,193,105
3419,3,272,125
3419,4,405,117
3419,5,291,105
3420,1,161,81
3420,2,75,70
3420,3,202,104
3420,4,70,144
3420,5,386,68
3421,1,324,121
3421,2,296,129
3421,3,200,38
3421,4,339,125
3421,5,415,67
3422,1,180,116
3422,2,298,133
3422,3,174,109
3422,4,308,115
3422,5,225,105
3423,1,467,41
3423,2,499,53
3423,3,152,117
3423,4,479,60
3423,5,423,82
3424,1,251,31
3424,2,293,106
3424,3,196,72
3424,4,154,103
3424,5,239,52
3425,1,388,52
3425,2,151,124
3425,3,449,69
3425,4,207,92
3425,5,169,135
3426,1,433,43
3426,2,342,62
3426,3,144,35
3426,4,106,68
3426,5,202,121
3427,1,294,133
3427,2,199,37
3427,3,359,45
3427,4,485,95
3427,5,477,112
3428,1,286,69
3428,2,166,139
3428,3,370,69
3428,4,240,147
3428,5,96,48
3429,1,449,66
3429,2,345,68
3429,3,112,138
3429,4,163,147
3429,5,90,51
3430,1,273,121
3430,2,336,111
3430,3,281,70
3430,4,132,149
3430,5,270,62
3431,1,330,84
3431,2,206,149
3431,3,416,134
3431,4,297,33
3431,5,399,41
3432,1,332,126
3432,2,220,133
3432,3,266,69
3432,4,472,147
3432,5,493,46
3433,1,167,56
3433,2,405,130
3433,3,81,76
3433,4,353,69
3433,5,95,118
3434,1,351,118
3434,2,369,92
3434,3,368,75
3434,4,238,135
3434,5,388,105
3435,1,73,100
3435,2,334,62
3435,3,478,45
3435,4,281,87
3435,5,409,95
3436,1,163,129
3436,2,155,56
3436,3,50,111
3436,4,118,66
3436,5,235,44
3437,1,224,98
3437,2,297,45
3437,3,402,144
3437,4,441,98
3437,5,227,122
3438,1,257,46
3438,2,143,112
3438,3,477,69
3438,4,405,128
3438,5,318,73
3439,1,295,38
3439,2,326,122
3439,3,443,147
3439,4,62,108
3439,5,67,71
3440,1,109,114
3440,2,296,66
3440,3,323,46
3440,4,486,55
3440,5,91,142
3441,1,331,54
3441,2,419,120
3441,3,394,40
3441,4,146,107
3441,5,402,63
3442,1,121,61
3442,2,348,105
3442,3,309,62
3442,4,310,61
3442,5,86,145
3443,1,295,31
3443,2,108,65
3443,3,105,61
3443,4,131,83
3443,5,75,127
3444,1,290,96
3444,2,178,83
3444,3,236,89
3444,4,104,148
3444,5,114,84
3445,1,59,150
3445,2,82,70
3445,3,445,65
3445,4,162,99
3445,5,88,58
3446,1,360,65
3446,2,462,36
3446,3,177,140
3446,4,143,30
3446,5,318,48
3447,1,429,119
3447,2,209,36
3447,3,315,139
3447,4,260,97
3447,5,297,104
3448,1,420,31
3448,2,468,101
3448,3,101,92
3448,4,454,146
3448,5,116,127
3449,1,234,59
3449,2,433,95
3449,3,55,37
3449,4,229,73
3449,5,328,72
3450,1,400,100
3450,2,108,32
3450,3,162,53
3450,4,387,72
3450,5,418,131
3451,1,156,103
3451,2,195,92
3451,3,178,115
3451,4,110,104
3451,5,124,127
3452,1,67,79
3452,2,470,150
3452,3,470,144
3452,4,317,68
3452,5,227,126
3453,1,407,84
3453,2,208,108
3453,3,168,145
3453,4,480,51
3453,5,258,65
3454,1,82,95
3454,2,125,108
3454,3,262,75
3454,4,490,99
3454,5,226,109
3455,1,71,124
3455,2,182,87
3455,3,131,65
3455,4,89,116
3455,5,309,30
3456,1,372,34
3456,2,413,128
3456,3,214,50
3456,4,158,55
3456,5,82,40
3457,1,264,135
3457,2,147,58
3457,3,241,82
3457,4,386,33
3457,5,387,33
3458,1,330,33
3458,2,208,138
3458,3,259,53
3458,4,475,32
3458,5,125,53
3459,1,468,149
3459,2,149,30
3459,3,145,146
3459,4,308,84
3459,5,179,104
3460,1,53,118
3460,2,257,123
3460,3,308,39
3460,4,444,58
3460,5,455,125
3461,1,432,133
3461,2,300,97
3461,3,139,62
3461,4,254,69
3461,5,208,135
3462,1,364,146
3462,2,86,72
3462,3,299,33
3462,4,191,75
3462,5,101,31
3463,1,96,126
3463,2,366,70
3463,3,65,38
3463,4,170,147
3463,5,425,111
3464,1,186,43
3464,2,122,39
3464,3,399,124
3464,4,51,38
3464,5,397,67
3465,1,205,69
3465,2,168,100
3465,3,307,35
3465,4,55,62
3465,5,68,86
3466,1,143,145
3466,2,488,141
3466,3,495,128
3466,4,395,77
3466,5,301,117
3467,1,461,56
3467,2,150,149
3467,3,155,56
3467,4,442,51
3467,5,274,79
3468,1,297,55
3468,2,199,72
3468,3,150,33
3468,4,243,67
3468,5,137,143
3469,1,402,148
3469,2,164,64
3469,3,171,68
3469,4,428,37
3469,5,298,64
3470,1,228,52
3470,2,58,109
3470,3,326,87
3470,4,454,147
3470,5,54,71
3471,1,283,71
3471,2,162,90
3471,3,286,102
3471,4,223,38
3471,5,420,78
3472,1,406,110
3472,2,95,147
3472,3,441,108
3472,4,144,54
3472,5,140,41
3473,1,434,73
3473,2,231,110
3473,3,271,115
3473,4,221,40
3473,5,334,50
3474,1,283,89
3474,2,423,126
3474,3,408,150
3474,4,453,39
3474,5,479,74
3475,1,342,123
3475,2,100,144
3475,3,247,38
3475,4,180,65
3475,5,325,37
3476,1,63,32
3476,2,150,43
3476,3,93,58
3476,4,136,30
3476,5,351,75
3477,1,409,64
3477,2,379,115
3477,3,70,132
3477,4,335,104
3477,5,347,94
3478,1,407,143
3478,2,341,71
3478,3,295,132
3478,4,152,53
3478,5,307,150
3479,1,474,42
3479,2,266,85
3479,3,278,51
3479,4,341,120
3479,5,228,121
3480,1,257,121
3480,2,175,78
3480,3,269,147
3480,4,454,129
3480,5,318,103
3481,1,179,96
3481,2,485,76
3481,3,117,140
3481,4,150,67
3481,5,138,109
3482,1,459,38
3482,2,407,71
3482,3,329,67
3482,4,269,35
3482,5,140,78
3483,1,381,101
3483,2,441,84
3483,3,66,41
3483,4,236,125
3483,5,124,67
3484,1,381,69
3484,2,398,80
3484,3,289,96
3484,4,391,37
3484,5,329,97
3485,1,92,98
3485,2,151,39
3485,3,459,108
3485,4,130,77
3485,5,70,146
3486,1,283,148
3486,2,441,85
3486,3,107,86
3486,4,488,65
3486,5,298,36
3487,1,186,43
3487,2,201,132
3487,3,411,116
3487,4,133,118
3487,5,380,146
3488,1,163,96
3488,2,52,94
3488,3,145,79
3488,4,368,54
3488,5,301,82
3489,1,197,51
3489,2,327,38
3489,3,402,86
3489,4,306,59
3489,5,140,130
3490,1,72,121
3490,2,275,128
3490,3,467,64
3490,4,260,54
3490,5,168,108
3491,1,300,69
3491,2,176,135
3491,3,364,89
3491,4,154,84
3491,5,214,147
3492,1,62,55
3492,2,186,30
3492,3,394,102
3492,4,81,78
3492,5,129,113
3493,1,56,111
3493,2,54,98
3493,3,282,92
3493,4,66,95
3493,5,142,42
3494,1,300,150
3494,2,151,57
3494,3,231,150
3494,4,434,47
3494,5,188,39
3495,1,270,47
3495,2,244,47
3495,3,440,106
3495,4,148,93
3495,5,121,143
3496,1,314,30
3496,2,487,80
3496,3,454,30
3496,4,242,128
3496,5,381,40
3497,1,198,147
3497,2,287,46
3497,3,292,38
3497,4,341,40
3497,5,325,132
3498,1,391,123
3498,2,467,71
3498,3,412,112
3498,4,193,82
3498,5,118,31
3499,1,384,48
3499,2,275,79
3499,3,104,136
3499,4,301,75
3499,5,243,63
3500,1,479,147
3500,2,176,62
3500,3,349,142
3500,4,262,90
3500,5,122,104
3501,1,95,84
3501,2,133,109
3501,3,147,146
3501,4,328,62
3501,5,252,66
3502,1,262,56
3502,2,417,77
3502,3,65,114
3502,4,444,38
3502,5,280,136
3503,1,367,88
3503,2,284,33
3503,3,54,107
3503,4,351,37
3503,5,450,68
3504,1,423,58
3504,2,81,121
3504,3,67,123
3504,4,442,112
3504,5,124,84
3505,1,61,137
3505,2,52,94
3505,3,131,48
3505,4,406,38
3505,5,252,121
3506,1,472,63
3506,2,122,54
3506,3,168,39
3506,4,379,70
3506,5,490,63
3507,1,256,146
3507,2,376,71
3507,3,268,98
3507,4,340,45
3507,5,255,40
3508,1,94,63
3508,2,403,105
3508,3,85,51
3508,4,307,138
3508,5,417,31
3509,1,209,89
3509,2,166,68
3509,3,193,45
3509,4,96,125
3509,5,341,76
3510,1,126,58
3510,2,319,144
3510,3,497,148
3510,4,492,140
3510,5,467,69
3511,1,370,98
3511,2,405,99
3511,3,335,138
3511,4,433,117
3511,5,264,103
3512,1,292,148
3512,2,492,75
3512,3,332,106
3512,4,182,146
3512,5,477,88
3513,1,67,109
3513,2,154,88
3513,3,93,124
3513,4,99,149
3513,5,206,115
3514,1,64,143
3514,2,473,146
3514,3,153,108
3514,4,141,137
3514,5,225,34
3515,1,489,133
3515,2,77,106
3515,3,62,44
3515,4,83,50
3515,5,358,66
3516,1,364,150
3516,2,241,135
3516,3,141,60
3516,4,337,54
3516,5,300,89
3517,1,463,119
3517,2,479,98
3517,3,93,33
3517,4,329,76
3517,5,243,92
3518,1,354,40
3518,2,223,105
3518,3,373,131
3518,4,153,77
3518,5,354,147
3519,1,221,138
3519,2,439,47
3519,3,77,82
3519,4,257,115
3519,5,69,147
3520,1,157,45
3520,2,233,86
3520,3,473,133
3520,4,69,65
3520,5,203,53
3521,1,466,104
3521,2,54,54
3521,3,365,146
3521,4,97,101
3521,5,329,68
3522,1,121,56
3522,2,336,39
3522,3,322,64
3522,4,438,36
3522,5,419,101
3523,1,174,139
3523,2,182,35
3523,3,185,143
3523,4,331,70
3523,5,357,101
3524,1,195,149
3524,2,76,46
3524,3,61,30
3524,4,460,82
3524,5,435,102
3525,1,449,146
3525,2,55,92
3525,3,322,102
3525,4,353,148
3525,5,50,42
3526,1,430,92
3526,2,167,30
3526,3,226,90
3526,4,270,74
3526,5,79,38
3527,1,465,98
3527,2,276,98
3527,3,318,120
3527,4,345,104
3527,5,378,92
3528,1,104,129
3528,2,493,134
3528,3,96,146
3528,4,344,36
3528,5,278,138
3529,1,204,105
3529,2,304,110
3529,3,142,108
3529,4,283,108
3529,5,197,124
3530,1,325,50
3530,2,411,131
3530,3,156,138
3530,4,420,97
3530,5,83,83
3531,1,171,31
3531,2,55,51
3531,3,128,113
3531,4,107,43
3531,5,84,104
3532,1,424,88
3532,2,456,137
3532,3,137,74
3532,4,378,142
3532,5,273,52
3533,1,360,105
3533,2,159,104
3533,3,211,84
3533,4,378,31
3533,5,264,98
3534,1,144,73
3534,2,193,117
3534,3,116,114
3534,4,486,66
3534,5,409,32
3535,1,296,57
3535,2,412,67
3535,3,314,96
3535,4,132,93
3535,5,344,73
3536,1,266,47
3536,2,308,69
3536,3,499,77
3536,4,297,126
3536,5,88,65
3537,1,200,140
3537,2,252,31
3537,3,243,136
3537,4,339,148
3537,5,367,99
3538,1,130,60
3538,2,329,94
3538,3,204,81
3538,4,169,99
3538,5,213,72
3539,1,463,143
3539,2,115,114
3539,3,213,42
3539,4,151,117
3539,5,147,69
3540,1,341,77
3540,2,388,48
3540,3,205,123
3540,4,128,96
3540,5,175,72
3541,1,266,147
3541,2,361,89
3541,3,416,91
3541,4,472,36
3541,5,491,141
3542,1,274,52
3542,2,356,129
3542,3,348,136
3542,4,200,80
3542,5,114,65
3543,1,353,45
3543,2,346,76
3543,3,192,108
3543,4,126,123
3543,5,97,40
3544,1,237,32
3544,2,178,79
3544,3,416,35
3544,4,376,139
3544,5,230,45
3545,1,496,83
3545,2,396,117
3545,3,169,119
3545,4,469,33
3545,5,490,76
3546,1,332,103
3546,2,425,104
3546,3,391,142
3546,4,331,139
3546,5,84,87
3547,1,386,128
3547,2,423,139
3547,3,231,47
3547,4,87,130
3547,5,308,73
3548,1,87,135
3548,2,373,110
3548,3,216,77
3548,4,111,37
3548,5,145,117
3549,1,465,141
3549,2,390,120
3549,3,477,138
3549,4,386,95
3549,5,415,78
3550,1,496,110
3550,2,400,37
3550,3,447,102
3550,4,294,74
3550,5,391,123
3551,1,100,129
3551,2,183,139
3551,3,396,58
3551,4,63,51
3551,5,448,84
3552,1,116,107
3552,2,293,95
3552,3,293,109
3552,4,259,38
3552,5,142,40
3553,1,81,65
3553,2,375,115
3553,3,200,101
3553,4,80,75
3553,5,486,138
3554,1,213,85
3554,2,56,48
3554,3,57,88
3554,4,224,68
3554,5,124,138
3555,1,313,126
3555,2,429,38
3555,3,302,72
3555,4,304,103
3555,5,453,98
3556,1,407,63
3556,2,330,125
3556,3,342,72
3556,4,460,137
3556,5,280,149
3557,1,277,86
3557,2,474,34
3557,3,319,104
3557,4,214,121
3557,5,495,31
3558,1,377,99
3558,2,265,117
3558,3,144,65
3558,4,428,120
3558,5,473,144
3559,1,290,55
3559,2,64,101
3559,3,349,75
3559,4,399,127
3559,5,434,71
3560,1,155,87
3560,2,314,82
3560,3,105,88
3560,4,212,36
3560,5,243,32
3561,1,351,112
3561,2,432,88
3561,3,309,88
3561,4,104,116
3561,5,54,139
3562,1,369,135
3562,2,194,38
3562,3,477,31
3562,4,80,40
3562,5,351,121
3563,1,165,122
3563,2,337,147
3563,3,391,45
3563,4,134,71
3563,5,490,114
3564,1,351,41
3564,2,275,144
3564,3,165,105
3564,4,197,121
3564,5,497,129
3565,1,67,59
3565,2,326,76
3565,3,252,83
3565,4,485,113
3565,5,57,103
3566,1,257,131
3566,2,219,33
3566,3,235,102
3566,4,326,68
3566,5,356,36
3567,1,118,44
3567,2,407,40
3567,3,392,37
3567,4,228,128
3567,5,392,91
3568,1,444,36
3568,2,300,52
3568,3,335,52
3568,4,363,69
3568,5,393,31
3569,1,85,128
3569,2,278,44
3569,3,288,40
3569,4,399,56
3569,5,277,85
3570,1,373,150
3570,2,200,50
3570,3,51,44
3570,4,314,67
3570,5,204,37
3571,1,171,139
3571,2,300,116
3571,3,144,75
3571,4,493,34
3571,5,280,64
3572,1,475,85
3572,2,99,141
3572,3,351,47
3572,4,119,124
3572,5,342,140
3573,1,324,84
3573,2,84,106
3573,3,51,60
3573,4,493,143
3573,5,295,120
3574,1,170,97
3574,2,500,45
3574,3,249,129
3574,4,422,36
3574,5,282,82
3575,1,407,97
3575,2,209,129
3575,3,400,141
3575,4,231,110
3575,5,474,111
3576,1,405,135
3576,2,62,54
3576,3,467,87
3576,4,127,131
3576,5,114,89
3577,1,253,56
3577,2,441,63
3577,3,229,89
3577,4,55,52
3577,5,144,90
3578,1,275,79
3578,2,140,55
3578,3,129,50
3578,4,228,32
3578,5,422,128
3579,1,497,43
3579,2,437,100
3579,3,200,123
3579,4,385,131
3579,5,404,103
3580,1,487,111
3580,2,381,123
3580,3,128,136
3580,4,310,95
3580,5,281,36
3581,1,334,104
3581,2,436,83
3581,3,335,128
3581,4,257,51
3581,5,147,140
3582,1,155,144
3582,2,165,80
3582,3,388,135
3582,4,472,43
3582,5,302,125
3583,1,426,44
3583,2,364,95
3583,3,80,147
3583,4,112,58
3583,5,336,48
3584,1,354,104
3584,2,363,106
3584,3,314,33
3584,4,191,104
3584,5,306,32
3585,1,474,84
3585,2,251,98
3585,3,287,59
3585,4,403,34
3585,5,301,38
3586,1,187,53
3586,2,425,116
3586,3,390,45
3586,4,209,59
3586,5,112,68
3587,1,266,120
3587,2,162,91
3587,3,65,122
3587,4,273,80
3587,5,365,147
3588,1,448,71
3588,2,120,92
3588,3,50,89
3588,4,304,55
3588,5,264,62
3589,1,352,105
3589,2,421,69
3589,3,210,84
3589,4,374,122
3589,5,224,113
3590,1,359,42
3590,2,139,127
3590,3,484,47
3590,4,168,63
3590,5,88,52
3591,1,446,88
3591,2,329,30
3591,3,496,136
3591,4,408,102
3591,5,397,42
3592,1,456,107
3592,2,449,132
3592,3,451,48
3592,4,192,56
3592,5,349,102
3593,1,125,89
3593,2,412,69
3593,3,439,67
3593,4,134,118
3593,5,350,63
3594,1,263,97
3594,2,315,113
3594,3,233,73
3594,4,459,127
3594,5,406,48
3595,1,383,108
3595,2,447,111
3595,3,121,115
3595,4,238,129
3595,5,244,92
3596,1,183,53
3596,2,126,145
3596,3,107,75
3596,4,159,120
3596,5,353,119
3597,1,216,73
3597,2,385,140
3597,3,327,95
3597,4,250,92
3597,5,112,95
3598,1,432,89
3598,2,129,125
3598,3,128,96
3598,4,299,127
3598,5,422,42
3599,1,413,85
3599,2,496,129
3599,3,492,76
3599,4,333,64
3599,5,321,122
3600,1,110,107
3600,2,356,121
3600,3,446,105
3600,4,124,110
3600,5,275,108
3601,1,460,74
3601,2,189,32
3601,3,381,68
3601,4,251,98
3601,5,87,149
3602,1,253,67
3602,2,121,77
3602,3,411,64
3602,4,178,63
3602,5,101,123
3603,1,397,127
3603,2,142,87
3603,3,249,81
3603,4,146,132
3603,5,265,140
3604,1,137,123
3604,2,375,87
3604,3,313,113
3604,4,165,55
3604,5,149,65
3605,1,91,61
3605,2,463,93
3605,3,499,80
3605,4,228,119
3605,5,491,105
3606,1,98,36
3606,2,325,64
3606,3,240,109
3606,4,130,128
3606,5,79,36
3607,1,253,55
3607,2,193,38
3607,3,395,146
3607,4,425,99
3607,5,219,47
3608,1,190,133
3608,2,257,67
3608,3,438,42
3608,4,164,143
3608,5,458,101
3609,1,316,69
3609,2,491,83
3609,3,74,107
3609,4,469,137
3609,5,215,71
3610,1,314,119
3610,2,297,119
3610,3,90,120
3610,4,409,80
3610,5,72,147
3611,1,156,127
3611,2,146,86
3611,3,467,119
3611,4,286,83
3611,5,364,43
3612,1,358,79
3612,2,107,114
3612,3,55,76
3612,4,222,108
3612,5,435,98
3613,1,378,53
3613,2,195,110
3613,3,413,122
3613,4,178,98
3613,5,201,145
3614,1,246,42
3614,2,154,41
3614,3,342,91
3614,4,85,113
3614,5,274,141
3615,1,352,141
3615,2,77,55
3615,3,235,78
3615,4,136,97
3615,5,124,41
3616,1,261,93
3616,2,278,89
3616,3,498,45
3616,4,67,115
3616,5,88,62
3617,1,392,32
3617,2,397,147
3617,3,321,46
3617,4,270,137
3617,5,285,111
3618,1,231,34
3618,2,304,137
3618,3,142,59
3618,4,178,105
3618,5,466,37
3619,1,375,77
3619,2,353,132
3619,3,368,90
3619,4,159,72
3619,5,362,113
3620,1,467,128
3620,2,142,149
3620,3,157,83
3620,4,146,83
3620,5,143,138
3621,1,124,130
3621,2,290,72
3621,3,455,117
3621,4,89,110
3621,5,449,62
3622,1,53,90
3622,2,374,58
3622,3,226,134
3622,4,307,132
3622,5,393,136
3623,1,183,150
3623,2,253,48
3623,3,312,49
3623,4,74,127
3623,5,339,85
3624,1,384,40
3624,2,457,112
3624,3,414,112
3624,4,106,48
3624,5,453,99
3625,1,450,140
3625,2,480,99
3625,3,110,121
3625,4,169,136
3625,5,141,30
3626,1,84,42
3626,2,69,61
3626,3,384,127
3626,4,163,67
3626,5,358,62
3627,1,291,136
3627,2,385,77
3627,3,397,33
3627,4,358,127
3627,5,490,44
3628,1,364,42
3628,2,231,87
3628,3,150,48
3628,4,103,53
3628,5,234,37
3629,1,326,33
3629,2,381,43
3629,3,322,54
3629,4,414,60
3629,5,266,48
3630,1,309,126
3630,2,75,30
3630,3,69,101
3630,4,402,92
3630,5,139,84
3631,1,241,119
3631,2,97,36
3631,3,482,53
3631,4,362,73
3631,5,95,111
3632,1,434,63
3632,2,182,107
3632,3,283,110
3632,4,486,128
3632,5,168,75
3633,1,185,79
3633,2,265,79
3633,3,297,82
3633,4,299,53
3633,5,69,31
3634,1,275,137
3634,2,215,117
3634,3,452,115
3634,4,316,99
3634,5,464,58
3635,1,319,133
3635,2,475,30
3635,3,403,148
3635,4,419,55
3635,5,258,91
3636,1,73,103
3636,2,138,145
3636,3,472,40
3636,4,237,99
3636,5,204,119
3637,1,436,49
3637,2,352,34
3637,3,408,92
3637,4,299,125
3637,5,328,142
3638,1,71,83
3638,2,89,75
3638,3,76,90
3638,4,163,146
3638,5,117,55
3639,1,363,67
3639,2,57,76
3639,3,442,86
3639,4,429,128
3639,5,272,75
3640,1,394,136
3640,2,250,46
3640,3,160,55
3640,4,89,144
3640,5,396,142
3641,1,135,107
3641,2,279,70
3641,3,203,100
3641,4,91,146
3641,5,324,94
3642,1,115,122
3642,2,149,91
3642,3,240,136
3642,4,78,77
3642,5,350,136
3643,1,473,89
3643,2,129,95
3643,3,477,140
3643,4,229,100
3643,5,200,116
3644,1,444,103
3644,2,460,80
3644,3,340,82
3644,4,219,61
3644,5,291,31
3645,1,388,123
3645,2,98,128
3645,3,110,129
3645,4,237,134
3645,5,288,124
3646,1,369,62
3646,2,182,76
3646,3,290,74
3646,4,380,50
3646,5,218,76
3647,1,152,138
3647,2,183,102
3647,3,84,103
3647,4,362,111
3647,5,470,41
3648,1,248,81
3648,2,209,64
3648,3,427,131
3648,4,444,126
3648,5,244,148
3649,1,177,80
3649,2,478,39
3649,3,96,98
3649,4,180,132
3649,5,218,70
3650,1,88,47
3650,2,111,125
3650,3,280,63
3650,4,171,99
3650,5,151,147
3651,1,171,50
3651,2,137,147
3651,3,329,114
3651,4,67,149
3651,5,372,107
3652,1,55,50
3652,2,181,99
3652,3,432,141
3652,4,293,52
3652,5,332,128
3653,1,246,132
3653,2,496,70
3653,3,90,92
3653,4,468,65
3653,5,258,150
3654,1,365,92
3654,2,153,118
3654,3,210,61
3654,4,142,103
3654,5,291,128
3655,1,360,148
3655,2,73,144
3655,3,352,36
3655,4,101,89
3655,5,188,148
3656,1,201,93
3656,2,368,34
3656,3,217,143
3656,4,297,111
3656,5,354,142
3657,1,356,125
3657,2,113,43
3657,3,467,121
3657,4,186,137
3657,5,359,46
3658,1,493,111
3658,2,150,124
3658,3,438,140
3658,4,405,89
3658,5,285,31
3659,1,229,64
3659,2,177,110
3659,3,316,48
3659,4,299,102
3659,5,369,127
3660,1,333,107
3660,2,80,150
3660,3,329,42
3660,4,183,114
3660,5,292,71
3661,1,280,43
3661,2,121,106
3661,3,142,67
3661,4,435,118
3661,5,451,150
3662,1,410,150
3662,2,422,71
3662,3,178,147
3662,4,306,51
3662,5,218,38
3663,1,385,109
3663,2,212,93
3663,3,139,140
3663,4,302,95
3663,5,93,78
3664,1,329,63
3664,2,70,131
3664,3,120,98
3664,4,147,48
3664,5,255,49
3665,1,98,97
3665,2,436,97
3665,3,476,128
3665,4,313,76
3665,5,174,136
3666,1,193,115
3666,2,181,147
3666,3,334,144
3666,4,289,140
3666,5,94,79
3667,1,351,120
3667,2,255,66
3667,3,458,101
3667,4,222,100
3667,5,149,135
3668,1,312,139
3668,2,193,122
3668,3,379,75
3668,4,210,49
3668,5,397,65
3669,1,415,125
3669,2,435,104
3669,3,90,132
3669,4,176,67
3669,5,60,145
3670,1,132,30
3670,2,265,136
3670,3,211,120
3670,4,52,86
3670,5,244,132
3671,1,272,149
3671,2,392,139
3671,3,159,115
3671,4,422,135
3671,5,88,112
3672,1,298,110
3672,2,233,64
3672,3,91,117
3672,4,280,75
3672,5,442,123
3673,1,274,33
3673,2,57,72
3673,3,365,148
3673,4,268,134
3673,5,442,85
3674,1,483,83
3674,2,306,56
3674,3,361,120
3674,4,407,87
3674,5,468,44
3675,1,200,90
3675,2,270,146
3675,3,404,138
3675,4,342,149
3675,5,286,39
3676,1,213,81
3676,2,82,122
3676,3,414,76
3676,4,284,47
3676,5,205,102
3677,1,481,69
3677,2,246,71
3677,3,196,69
3677,4,335,51
3677,5,275,73
3678,1,403,54
3678,2,371,77
3678,3,479,32
3678,4,68,80
3678,5,281,128
3679,1,215,149
3679,2,500,138
3679,3,283,137
3679,4,115,128
3679,5,276,39
3680,1,147,64
3680,2,424,71
3680,3,97,46
3680,4,140,55
3680,5,189,100
3681,1,92,50
3681,2,433,126
3681,3,248,76
3681,4,88,128
3681,5,218,83
3682,1,256,92
3682,2,64,61
3682,3,327,124
3682,4,120,37
3682,5,138,128
3683,1,152,142
3683,2,167,124
3683,3,230,101
3683,4,321,93
3683,5,94,134
3684,1,406,143
3684,2,406,127
3684,3,467,99
3684,4,313,135
3684,5,92,44
3685,1,310,79
3685,2,73,60
3685,3,91,131
3685,4,301,127
3685,5,440,135
3686,1,104,124
3686,2,407,110
3686,3,456,135
3686,4,444,61
3686,5,382,117
3687,1,309,30
3687,2,197,95
3687,3,379,88
3687,4,334,70
3687,5,237,123
3688,1,223,87
3688,2,148,115
3688,3,101,94
3688,4,178,82
3688,5,428,122
3689,1,325,52
3689,2,113,38
3689,3,268,119
3689,4,453,148
3689,5,70,113
3690,1,370,42
3690,2,224,135
3690,3,83,71
3690,4,385,122
3690,5,173,88
3691,1,352,111
3691,2,246,47
3691,3,241,91
3691,4,198,118
3691,5,486,89
3692,1,434,118
3692,2,312,33
3692,3,500,135
3692,4,216,95
3692,5,357,135
3693,1,139,131
3693,2,474,49
3693,3,323,112
3693,4,431,65
3693,5,252,37
3694,1,332,128
3694,2,79,122
3694,3,180,104
3694,4,195,117
3694,5,316,114
3695,1,352,99
3695,2,379,119
3695,3,418,48
3695,4,70,127
3695,5,127,38
3696,1,249,84
3696,2,254,119
3696,3,464,120
3696,4,314,92
3696,5,450,59
3697,1,427,129
3697,2,170,117
3697,3,429,63
3697,4,282,37
3697,5,364,72
3698,1,378,111
3698,2,416,108
3698,3,120,90
3698,4,401,119
3698,5,343,56
3699,1,170,47
3699,2,289,45
3699,3,295,82
3699,4,464,49
3699,5,161,133
3700,1,460,95
3700,2,80,136
3700,3,312,98
3700,4,188,38
3700,5,480,146
3701,1,52,64
3701,2,161,89
3701,3,280,51
3701,4,124,76
3701,5,387,60
3702,1,351,64
3702,2,426,79
3702,3,111,105
3702,4,140,95
3702,5,139,94
3703,1,291,54
3703,2,225,149
3703,3,456,131
3703,4,386,130
3703,5,382,126
3704,1,311,80
3704,2,205,103
3704,3,63,31
3704,4,389,49
3704,5,150,66
3705,1,353,100
3705,2,418,33
3705,3,178,139
3705,4,90,124
3705,5,228,51
3706,1,113,104
3706,2,197,101
3706,3,140,111
3706,4,84,44
3706,5,247,66
3707,1,458,77
3707,2,430,129
3707,3,166,39
3707,4,251,33
3707,5,328,144
3708,1,174,34
3708,2,147,87
3708,3,103,40
3708,4,185,105
3708,5,245,33
3709,1,384,115
3709,2,372,112
3709,3,445,140
3709,4,235,67
3709,5,277,45
3710,1,195,77
3710,2,126,148
3710,3,367,125
3710,4,459,59
3710,5,291,110
3711,1,366,117
3711,2,314,56
3711,3,323,67
3711,4,375,96
3711,5,440,136
3712,1,303,115
3712,2,495,79
3712,3,288,78
3712,4,62,90
3712,5,306,130
3713,1,397,101
3713,2,132,143
3713,3,242,80
3713,4,282,62
3713,5,306,76
3714,1,327,124
3714,2,191,69
3714,3,480,117
3714,4,291,65
3714,5,481,131
3715,1,336,139
3715,2,257,136
3715,3,145,86
3715,4,279,30
3715,5,370,97
3716,1,437,90
3716,2,431,114
3716,3,65,77
3716,4,350,109
3716,5,157,57
3717,1,462,103
3717,2,184,118
3717,3,215,50
3717,4,270,66
3717,5,288,88
3718,1,207,114
3718,2,90,44
3718,3,343,114
3718,4,162,101
3718,5,127,30
3719,1,259,39
3719,2,213,81
3719,3,91,61
3719,4,51,91
3719,5,218,56
3720,1,96,43
3720,2,262,86
3720,3,458,37
3720,4,101,145
3720,5,404,99
3721,1,166,85
3721,2,114,47
3721,3,142,49
3721,4,369,78
3721,5,207,74
3722,1,229,84
3722,2,157,125
3722,3,254,86
3722,4,488,85
3722,5,253,116
3723,1,168,122
3723,2,267,113
3723,3,192,44
3723,4,168,35
3723,5,477,140
3724,1,314,148
3724,2,269,98
3724,3,361,119
3724,4,498,78
3724,5,289,117
3725,1,497,109
3725,2,223,103
3725,3,496,88
3725,4,82,123
3725,5,442,106
3726,1,74,33
3726,2,380,112
3726,3,266,89
3726,4,433,148
3726,5,264,92
3727,1,139,118
3727,2,435,108
3727,3,472,71
3727,4,66,94
3727,5,191,140
3728,1,335,121
3728,2,462,30
3728,3,269,125
3728,4,77,49
3728,5,131,49
3729,1,252,104
3729,2,107,82
3729,3,300,68
3729,4,448,142
3729,5,381,43
3730,1,381,56
3730,2,60,93
3730,3,460,95
3730,4,98,53
3730,5,491,140
3731,1,438,50
3731,2,92,114
3731,3,291,83
3731,4,138,100
3731,5,354,77
3732,1,424,73
3732,2,469,46
3732,3,438,109
3732,4,140,100
3732,5,293,33
3733,1,65,54
3733,2,451,84
3733,3,62,142
3733,4,445,34
3733,5,244,54
3734,1,426,131
3734,2,326,62
3734,3,125,57
3734,4,278,65
3734,5,264,81
3735,1,462,131
3735,2,321,31
3735,3,315,91
3735,4,453,77
3735,5,338,96
3736,1,276,73
3736,2,197,44
3736,3,110,99
3736,4,472,73
3736,5,72,78
3737,1,263,77
3737,2,245,32
3737,3,179,150
3737,4,413,72
3737,5,123,90
3738,1,486,59
3738,2,392,130
3738,3,159,55
3738,4,236,113
3738,5,448,88
3739,1,127,88
3739,2,165,33
3739,3,230,89
3739,4,421,108
3739,5,202,131
3740,1,340,95
3740,2,447,91
3740,3,185,81
3740,4,52,82
3740,5,128,68
3741,1,340,68
3741,2,422,116
3741,3,353,140
3741,4,469,32
3741,5,419,53
3742,1,281,144
3742,2,246,123
3742,3,55,82
3742,4,439,110
3742,5,440,108
3743,1,498,117
3743,2,226,142
3743,3,408,79
3743,4,473,97
3743,5,68,35
3744,1,309,52
3744,2,281,64
3744,3,314,104
3744,4,360,79
3744,5,143,97
3745,1,427,147
3745,2,180,41
3745,3,60,32
3745,4,227,45
3745,5,323,140
3746,1,367,68
3746,2,401,74
3746,3,342,139
3746,4,97,77
3746,5,304,97
3747,1,339,146
3747,2,132,87
3747,3,239,63
3747,4,278,67
3747,5,207,56
3748,1,156,49
3748,2,167,122
3748,3,494,42
3748,4,235,90
3748,5,233,30
3749,1,479,30
3749,2,482,145
3749,3,133,127
3749,4,443,107
3749,5,203,126
3750,1,277,149
3750,2,467,112
3750,3,394,143
3750,4,213,128
3750,5,98,118
3751,1,189,48
3751,2,203,33
3751,3,322,45
3751,4,391,46
3751,5,469,126
3752,1,413,124
3752,2,82,133
3752,3,344,117
3752,4,287,34
3752,5,223,116
3753,1,329,141
3753,2,146,89
3753,3,412,133
3753,4,318,87
3753,5,449,143
3754,1,105,88
3754,2,258,94
3754,3,318,101
3754,4,293,125
3754,5,391,33
3755,1,100,34
3755,2,493,79
3755,3,347,105
3755,4,393,54
3755,5,441,84
3756,1,62,106
3756,2,99,129
3756,3,147,114
3756,4,385,136
3756,5,245,142
3757,1,214,52
3757,2,435,86
3757,3,431,130
3757,4,120,124
3757,5,244,59
3758,1,380,122
3758,2,285,71
3758,3,149,31
3758,4,420,64
3758,5,185,53
3759,1,377,55
3759,2,96,83
3759,3,77,137
3759,4,221,94
3759,5,210,40
3760,1,148,143
3760,2,281,113
3760,3,209,67
3760,4,445,95
3760,5,107,87
3761,1,383,106
3761,2,62,130
3761,3,376,138
3761,4,185,103
3761,5,373,111
3762,1,171,124
3762,2,308,141
3762,3,302,119
3762,4,233,60
3762,5,89,81
3763,1,360,65
3763,2,189,30
3763,3,342,126
3763,4,441,85
3763,5,226,60
3764,1,225,36
3764,2,141,126
3764,3,379,100
3764,4,453,143
3764,5,171,73
3765,1,192,150
3765,2,130,147
3765,3,394,133
3765,4,444,34
3765,5,129,97
3766,1,436,63
3766,2,462,132
3766,3,167,65
3766,4,340,110
3766,5,50,38
3767,1,193,81
3767,2,215,64
3767,3,411,48
3767,4,197,82
3767,5,267,141
3768,1,324,126
3768,2,311,89
3768,3,148,69
3768,4,360,39
3768,5,487,74
3769,1,311,49
3769,2,390,132
3769,3,311,38
3769,4,180,119
3769,5,446,84
3770,1,209,73
3770,2,163,69
3770,3,341,56
3770,4,464,30
3770,5,330,51
3771,1,256,66
3771,2,315,140
3771,3,113,35
3771,4,186,149
3771,5,465,72
3772,1,65,83
3772,2,352,34
3772,3,315,32
3772,4,345,99
3772,5,86,81
3773,1,105,79
3773,2,140,117
3773,3,289,134
3773,4,473,103
3773,5,214,140
3774,1,187,55
3774,2,65,131
3774,3,363,105
3774,4,295,80
3774,5,427,136
3775,1,343,137
3775,2,173,48
3775,3,457,140
3775,4,82,96
3775,5,205,49
3776,1,244,88
3776,2,237,84
3776,3,132,149
3776,4,100,34
3776,5,80,143
3777,1,167,54
3777,2,81,102
3777,3,105,54
3777,4,258,111
3777,5,294,128
3778,1,259,70
3778,2,123,84
3778,3,259,46
3778,4,427,122
3778,5,204,124
3779,1,401,111
3779,2,393,32
3779,3,178,64
3779,4,210,122
3779,5,83,113
3780,1,377,121
3780,2,350,116
3780,3,484,108
3780,4,295,120
3780,5,457,69
3781,1,389,92
3781,2,410,99
3781,3,97,41
3781,4,309,118
3781,5,60,111
3782,1,210,128
3782,2,245,42
3782,3,93,78
3782,4,345,104
3782,5,183,119
3783,1,245,140
3783,2,208,39
3783,3,380,140
3783,4,323,130
3783,5,131,111
3784,1,391,88
3784,2,413,133
3784,3,318,101
3784,4,62,82
3784,5,401,75
3785,1,458,118
3785,2,99,75
3785,3,179,67
3785,4,485,89
3785,5,92,53
3786,1,451,61
3786,2,139,150
3786,3,312,54
3786,4,62,92
3786,5,135,99
3787,1,495,147
3787,2,221,117
3787,3,385,111
3787,4,151,123
3787,5,420,34
3788,1,179,132
3788,2,78,54
3788,3,303,80
3788,4,486,35
3788,5,187,95
3789,1,446,109
3789,2,335,71
3789,3,491,40
3789,4,82,142
3789,5,115,126
3790,1,152,137
3790,2,109,101
3790,3,320,89
3790,4,388,53
3790,5,323,103
3791,1,324,95
3791,2,240,41
3791,3,210,44
3791,4,140,82
3791,5,476,132
3792,1,210,77
3792,2,164,100
3792,3,367,97
3792,4,90,56
3792,5,308,74
3793,1,337,102
3793,2,264,133
3793,3,233,104
3793,4,335,123
3793,5,474,130
3794,1,239,113
3794,2,286,126
3794,3,384,102
3794,4,151,62
3794,5,347,130
3795,1,149,118
3795,2,85,115
3795,3,198,46
3795,4,143,108
3795,5,383,137
3796,1,494,136
3796,2,456,120
3796,3,197,36
3796,4,230,112
3796,5,435,137
3797,1,314,94
3797,2,448,78
3797,3,414,68
3797,4,457,92
3797,5,385,150
3798,1,358,130
3798,2,72,49
3798,3,238,129
3798,4,352,95
3798,5,447,41
3799,1,478,47
3799,2,408,72
3799,3,490,82
3799,4,204,103
3799,5,299,57
3800,1,328,51
3800,2,308,135
3800,3,386,66
3800,4,356,120
3800,5,133,38
3801,1,190,130
3801,2,423,67
3801,3,157,134
3801,4,323,52
3801,5,299,30
3802,1,119,74
3802,2,352,143
3802,3,86,37
3802,4,248,135
3802,5,88,113
3803,1,267,52
3803,2,326,81
3803,3,323,34
3803,4,106,85
3803,5,244,85
3804,1,313,149
3804,2,54,59
3804,3,297,106
3804,4,120,39
3804,5,170,149
3805,1,218,49
3805,2,242,78
3805,3,124,66
3805,4,463,150
3805,5,234,40
3806,1,301,118
3806,2,258,62
3806,3,227,53
3806,4,456,100
3806,5,299,94
3807,1,304,75
3807,2,292,99
3807,3,195,118
3807,4,309,133
3807,5,226,74
3808,1,191,76
3808,2,384,105
3808,3,235,141
3808,4,98,95
3808,5,91,116
3809,1,204,146
3809,2,290,42
3809,3,88,145
3809,4,267,82
3809,5,182,150
3810,1,95,61
3810,2,147,44
3810,3,459,83
3810,4,495,95
3810,5,327,132
3811,1,274,83
3811,2,418,130
3811,3,194,113
3811,4,82,81
3811,5,488,96
3812,1,281,47
3812,2,113,72
3812,3,178,143
3812,4,442,142
3812,5,105,33
3813,1,115,83
3813,2,91,86
3813,3,478,99
3813,4,328,53
3813,5,275,77
3814,1,375,145
3814,2,430,72
3814,3,122,38
3814,4,126,102
3814,5,435,68
3815,1,63,126
3815,2,412,57
3815,3,497,113
3815,4,482,129
3815,5,429,67
3816,1,473,144
3816,2,267,141
3816,3,181,135
3816,4,432,119
3816,5,210,50
3817,1,485,55
3817,2,486,129
3817,3,486,56
3817,4,166,109
3817,5,301,113
3818,1,217,149
3818,2,252,49
3818,3,113,98
3818,4,259,36
3818,5,236,116
3819,1,350,130
3819,2,318,64
3819,3,166,144
3819,4,174,62
3819,5,465,106
3820,1,483,30
3820,2,399,59
3820,3,433,105
3820,4,97,47
3820,5,145,131
3821,1,149,45
3821,2,498,81
3821,3,253,115
3821,4,156,81
3821,5,234,42
3822,1,275,122
3822,2,144,71
3822,3,321,146
3822,4,136,77
3822,5,265,107
3823,1,56,138
3823,2,465,95
3823,3,302,135
3823,4,302,41
3823,5,384,38
3824,1,387,118
3824,2,178,134
3824,3,162,31
3824,4,91,64
3824,5,370,51
3825,1,443,67
3825,2,302,32
3825,3,216,35
3825,4,111,122
3825,5,210,119
3826,1,259,96
3826,2,478,132
3826,3,228,128
3826,4,202,134
3826,5,390,96
3827,1,440,126
3827,2,263,148
3827,3,412,35
3827,4,70,119
3827,5,308,82
3828,1,51,124
3828,2,97,63
3828,3,235,92
3828,4,179,122
3828,5,367,45
3829,1,483,112
3829,2,366,131
3829,3,95,81
3829,4,169,34
3829,5,228,97
3830,1,373,112
3830,2,228,83
3830,3,292,88
3830,4,103,103
3830,5,207,110
3831,1,452,102
3831,2,321,40
3831,3,131,100
3831,4,154,139
3831,5,261,82
3832,1,264,107
3832,2,492,112
3832,3,202,129
3832,4,222,43
3832,5,265,114
3833,1,258,78
3833,2,187,117
3833,3,195,119
3833,4,126,137
3833,5,399,84
3834,1,111,81
3834,2,113,41
3834,3,165,44
3834,4,280,90
3834,5,454,105
3835,1,141,79
3835,2,245,53
3835,3,73,83
3835,4,374,149
3835,5,335,137
3836,1,302,84
3836,2,178,139
3836,3,52,89
3836,4,188,60
3836,5,333,123
3837,1,380,118
3837,2,209,124
3837,3,494,61
3837,4,169,97
3837,5,408,110
3838,1,126,67
3838,2,435,121
3838,3,263,101
3838,4,149,40
3838,5,287,53
3839,1,290,81
3839,2,280,140
3839,3,172,107
3839,4,447,78
3839,5,189,119
3840,1,128,136
3840,2,81,118
3840,3,81,105
3840,4,111,49
3840,5,412,85
3841,1,144,38
3841,2,392,91
3841,3,295,116
3841,4,346,146
3841,5,59,57
3842,1,193,33
3842,2,144,39
3842,3,457,54
3842,4,172,110
3842,5,366,84
3843,1,73,77
3843,2,424,144
3843,3,382,121
3843,4,153,132
3843,5,259,143
3844,1,303,36
3844,2,338,52
3844,3,71,136
3844,4,230,89
3844,5,408,81
3845,1,285,48
3845,2,147,121
3845,3,385,111
3845,4,190,125
3845,5,205,98
3846,1,168,128
3846,2,322,130
3846,3,304,116
3846,4,205,34
3846,5,340,140
3847,1,58,34
3847,2,492,117
3847,3,103,131
3847,4,86,82
3847,5,416,88
3848,1,320,76
3848,2,98,81
3848,3,314,62
3848,4,492,140
3848,5,215,43
3849,1,234,106
3849,2,269,86
3849,3,69,83
3849,4,382,102
3849,5,311,136
3850,1,426,51
3850,2,476,43
3850,3,389,67
3850,4,192,59
3850,5,58,75
3851,1,268,126
3851,2,474,113
3851,3,191,149
3851,4,465,49
3851,5,315,66
3852,1,183,42
3852,2,106,114
3852,3,162,87
3852,4,128,63
3852,5,120,123
3853,1,143,91
3853,2,330,101
3853,3,114,126
3853,4,334,87
3853,5,94,60
3854,1,419,84
3854,2,246,104
3854,3,340,92
3854,4,258,35
3854,5,152,57
3855,1,85,69
3855,2,134,66
3855,3,78,109
3855,4,207,49
3855,5,77,98
3856,1,463,126
3856,2,76,67
3856,3,266,73
3856,4,332,142
3856,5,201,62
3857,1,484,80
3857,2,372,39
3857,3,59,142
3857,4,206,100
3857,5,359,77
3858,1,308,118
3858,2,345,51
3858,3,465,138
3858,4,171,125
3858,5,313,72
3859,1,467,38
3859,2,310,82
3859,3,191,143
3859,4,169,71
3859,5,177,131
3860,1,469,73
3860,2,489,86
3860,3,217,55
3860,4,88,124
3860,5,354,39
3861,1,487,74
3861,2,132,150
3861,3,323,106
3861,4,193,90
3861,5,201,127
3862,1,425,39
3862,2,194,99
3862,3,174,108
3862,4,397,79
3862,5,351,73
3863,1,62,134
3863,2,98,67
3863,3,219,106
3863,4,123,145
3863,5,257,96
3864,1,288,141
3864,2,212,89
3864,3,166,95
3864,4,64,72
3864,5,110,136
3865,1,440,133
3865,2,270,30
3865,3,163,41
3865,4,211,101
3865,5,112,92
3866,1,294,146
3866,2,487,115
3866,3,200,42
3866,4,141,96
3866,5,353,141
3867,1,230,98
3867,2,197,40
3867,3,353,115
3867,4,151,47
3867,5,322,109
3868,1,172,134
3868,2,51,143
3868,3,418,65
3868,4,311,111
3868,5,334,104
3869,1,261,106
3869,2,197,37
3869,3,54,100
3869,4,379,51
3869,5,340,112
3870,1,228,149
3870,2,349,98
3870,3,116,88
3870,4,449,119
3870,5,443,101
3871,1,353,97
3871,2,109,150
3871,3,340,98
3871,4,315,111
3871,5,486,48
3872,1,286,64
3872,2,71,57
3872,3,151,63
3872,4,383,102
3872,5,86,150
3873,1,355,119
3873,2,348,39
3873,3,287,143
3873,4,360,119
3873,5,123,36
3874,1,100,102
3874,2,214,68
3874,3,220,56
3874,4,457,66
3874,5,194,38
3875,1,57,55
3875,2,337,110
3875,3,442,101
3875,4,465,107
3875,5,122,77
3876,1,280,48
3876,2,381,68
3876,3,295,105
3876,4,350,88
3876,5,478,147
3877,1,484,99
3877,2,400,142
3877,3,371,130
3877,4,323,31
3877,5,142,102
3878,1,194,126
3878,2,356,94
3878,3,274,146
3878,4,381,88
3878,5,355,92
3879,1,112,109
3879,2,374,111
3879,3,329,38
3879,4,345,130
3879,5,290,64
3880,1,479,84
3880,2,51,141
3880,3,460,142
3880,4,234,67
3880,5,382,143
3881,1,225,81
3881,2,452,120
3881,3,385,32
3881,4,155,82
3881,5,255,101
3882,1,257,149
3882,2,193,60
3882,3,350,36
3882,4,479,77
3882,5,161,79
3883,1,293,54
3883,2,497,47
3883,3,434,71
3883,4,403,119
3883,5,60,113
3884,1,185,141
3884,2,173,139
3884,3,289,114
3884,4,475,68
3884,5,79,90
3885,1,95,80
3885,2,120,92
3885,3,431,140
3885,4,276,148
3885,5,245,62
3886,1,195,141
3886,2,232,135
3886,3,360,86
3886,4,85,104
3886,5,197,121
3887,1,131,137
3887,2,129,103
3887,3,369,137
3887,4,307,83
3887,5,163,148
3888,1,159,50
3888,2,107,141
3888,3,233,77
3888,4,178,107
3888,5,202,148
3889,1,433,60
3889,2,326,141
3889,3,281,66
3889,4,328,137
3889,5,134,81
3890,1,248,129
3890,2,326,67
3890,3,472,119
3890,4,165,120
3890,5,278,101
3891,1,66,128
3891,2,408,56
3891,3,129,142
3891,4,280,45
3891,5,218,83
3892,1,205,53
3892,2,458,146
3892,3,309,76
3892,4,478,34
3892,5,127,33
3893,1,319,141
3893,2,447,114
3893,3,493,129
3893,4,477,69
3893,5,302,87
3894,1,408,39
3894,2,417,128
3894,3,410,33
3894,4,285,144
3894,5,222,42
3895,1,494,125
3895,2,81,147
3895,3,435,85
3895,4,211,76
3895,5,211,101
3896,1,381,66
3896,2,254,104
3896,3,447,30
3896,4,453,86
3896,5,63,140
3897,1,116,67
3897,2,333,36
3897,3,209,92
3897,4,157,75
3897,5,205,83
3898,1,472,41
3898,2,487,70
3898,3,287,63
3898,4,375,65
3898,5,452,134
3899,1,349,127
3899,2,78,126
3899,3,217,36
3899,4,400,54
3899,5,59,38
3900,1,413,80
3900,2,203,52
3900,3,273,82
3900,4,293,102
3900,5,234,70
3901,1,388,139
3901,2,264,53
3901,3,188,35
3901,4,406,133
3901,5,65,127
3902,1,326,111
3902,2,168,43
3902,3,381,73
3902,4,489,45
3902,5,195,127
3903,1,354,74
3903,2,327,133
3903,3,335,116
3903,4,418,128
3903,5,288,103
3904,1,167,44
3904,2,177,138
3904,3,345,134
3904,4,105,63
3904,5,379,83
3905,1,485,80
3905,2,382,116
3905,3,78,129
3905,4,104,82
3905,5,177,101
3906,1,481,59
3906,2,249,102
3906,3,257,90
3906,4,180,53
3906,5,133,118
3907,1,331,82
3907,2,400,47
3907,3,438,103
3907,4,123,81
3907,5,383,95
3908,1,111,150
3908,2,252,149
3908,3,390,121
3908,4,207,55
3908,5,406,141
3909,1,226,60
3909,2,416,41
3909,3,404,119
3909,4,138,81
3909,5,201,48
3910,1,252,121
3910,2,370,132
3910,3,273,95
3910,4,258,110
3910,5,392,118
3911,1,431,58
3911,2,429,94
3911,3,201,55
3911,4,60,38
3911,5,228,79
3912,1,342,105
3912,2,68,102
3912,3,456,30
3912,4,192,61
3912,5,178,55
3913,1,319,131
3913,2,66,111
3913,3,418,149
3913,4,362,128
3913,5,324,133
3914,1,271,139
3914,2,300,89
3914,3,134,36
3914,4,423,144
3914,5,468,107
3915,1,228,62
3915,2,472,70
3915,3,463,37
3915,4,344,112
3915,5,345,76
3916,1,235,145
3916,2,94,145
3916,3,267,89
3916,4,230,144
3916,5,303,75
3917,1,103,99
3917,2,486,116
3917,3,307,126
3917,4,424,57
3917,5,77,58
3918,1,172,107
3918,2,487,35
3918,3,113,46
3918,4,397,56
3918,5,194,132
3919,1,240,80
3919,2,53,36
3919,3,221,75
3919,4,270,128
3919,5,315,95
3920,1,359,72
3920,2,199,41
3920,3,354,91
3920,4,459,88
3920,5,450,102
3921,1,201,102
3921,2,351,115
3921,3,200,106
3921,4,353,127
3921,5,385,41
3922,1,467,129
3922,2,177,69
3922,3,166,42
3922,4,96,59
3922,5,343,123
3923,1,133,57
3923,2,366,85
3923,3,143,129
3923,4,176,87
3923,5,181,37
3924,1,285,134
3924,2,300,137
3924,3,254,109
3924,4,401,41
3924,5,83,116
3925,1,419,57
3925,2,224,68
3925,3,94,125
3925,4,316,114
3925,5,496,47
3926,1,320,43
3926,2,284,140
3926,3,70,137
3926,4,185,72
3926,5,199,135
3927,1,62,87
3927,2,372,83
3927,3,339,93
3927,4,418,99
3927,5,109,121
3928,1,72,124
3928,2,134,63
3928,3,161,73
3928,4,416,45
3928,5,172,120
3929,1,241,52
3929,2,128,136
3929,3,258,106
3929,4,287,118
3929,5,218,147
3930,1,241,42
3930,2,361,149
3930,3,337,91
3930,4,424,78
3930,5,63,72
3931,1,80,61
3931,2,84,144
3931,3,120,80
3931,4,110,30
3931,5,497,107
3932,1,353,36
3932,2,74,38
3932,3,125,74
3932,4,407,84
3932,5,67,132
3933,1,440,95
3933,2,226,61
3933,3,152,41
3933,4,480,104
3933,5,187,59
3934,1,206,92
3934,2,52,70
3934,3,312,66
3934,4,273,63
3934,5,261,86
3935,1,466,97
3935,2,405,63
3935,3,74,112
3935,4,469,88
3935,5,294,139
3936,1,245,91
3936,2,428,103
3936,3,403,125
3936,4,115,40
3936,5,431,72
3937,1,457,123
3937,2,185,50
3937,3,244,83
3937,4,204,86
3937,5,60,75
3938,1,359,118
3938,2,188,99
3938,3,102,47
3938,4,258,124
3938,5,281,58
3939,1,360,128
3939,2,330,129
3939,3,359,75
3939,4,452,140
3939,5,53,107
3940,1,69,126
3940,2,269,80
3940,3,448,89
3940,4,477,125
3940,5,491,100
3941,1,310,100
3941,2,381,86
3941,3,484,42
3941,4,145,121
3941,5,202,88
3942,1,372,84
3942,2,418,136
3942,3,119,118
3942,4,101,91
3942,5,243,32
3943,1,99,58
3943,2,142,124
3943,3,392,55
3943,4,425,109
3943,5,312,32
3944,1,195,40
3944,2,431,118
3944,3,493,52
3944,4,467,93
3944,5,59,36
3945,1,413,80
3945,2,161,141
3945,3,460,138
3945,4,106,72
3945,5,227,41
3946,1,216,123
3946,2,419,126
3946,3,398,65
3946,4,281,131
3946,5,467,131
3947,1,276,135
3947,2,285,140
3947,3,356,89
3947,4,175,56
3947,5,206,48
3948,1,397,39
3948,2,138,106
3948,3,333,80
3948,4,125,119
3948,5,467,145
3949,1,79,47
3949,2,292,133
3949,3,183,74
3949,4,431,99
3949,5,416,100
3950,1,256,72
3950,2,493,139
3950,3,56,56
3950,4,87,62
3950,5,489,41
3951,1,473,130
3951,2,486,48
3951,3,286,31
3951,4,267,99
3951,5,374,131
3952,1,106,58
3952,2,149,144
3952,3,90,131
3952,4,415,96
3952,5,417,145
3953,1,373,45
3953,2,73,147
3953,3,265,146
3953,4,301,55
3953,5,474,55
3954,1,355,38
3954,2,426,143
3954,3,277,139
3954,4,168,90
3954,5,117,52
3955,1,340,68
3955,2,97,146
3955,3,95,101
3955,4,65,68
3955,5,180,36
3956,1,194,93
3956,2,410,104
3956,3,369,141
3956,4,430,72
3956,5,186,88
3957,1,65,67
3957,2,334,77
3957,3,319,125
3957,4,247,91
3957,5,231,110
3958,1,264,39
3958,2,454,67
3958,3,217,63
3958,4,172,58
3958,5,351,85
3959,1,150,78
3959,2,252,95
3959,3,416,60
3959,4,275,128
3959,5,256,95
3960,1,182,75
3960,2,183,105
3960,3,277,139
3960,4,494,140
3960,5,494,44
3961,1,392,125
3961,2,244,67
3961,3,208,138
3961,4,239,131
3961,5,355,60
3962,1,467,46
3962,2,381,67
3962,3,156,92
3962,4,431,131
3962,5,269,53
3963,1,305,141
3963,2,188,75
3963,3,318,41
3963,4,78,62
3963,5,352,127
3964,1,448,141
3964,2,351,59
3964,3,94,134
3964,4,492,63
3964,5,241,42
3965,1,221,136
3965,2,70,127
3965,3,52,131
3965,4,338,46
3965,5,492,150
3966,1,183,33
3966,2,135,144
3966,3,316,65
3966,4,231,35
3966,5,263,61
3967,1,209,96
3967,2,436,111
3967,3,454,113
3967,4,294,42
3967,5,482,66
3968,1,278,46
3968,2,471,149
3968,3,134,52
3968,4,98,111
3968,5,194,146
3969,1,363,127
3969,2,221,68
3969,3,357,83
3969,4,405,87
3969,5,80,105
3970,1,215,94
3970,2,445,137
3970,3,70,67
3970,4,105,109
3970,5,230,87
3971,1,462,99
3971,2,231,55
3971,3,85,48
3971,4,350,62
3971,5,276,97
3972,1,242,145
3972,2,245,139
3972,3,71,122
3972,4,476,44
3972,5,231,120
3973,1,305,67
3973,2,69,96
3973,3,104,123
3973,4,306,59
3973,5,183,60
3974,1,54,48
3974,2,456,132
3974,3,166,129
3974,4,329,108
3974,5,390,143
3975,1,312,106
3975,2,425,76
3975,3,261,45
3975,4,330,38
3975,5,240,39
3976,1,92,115
3976,2,62,127
3976,3,55,85
3976,4,368,114
3976,5,447,57
3977,1,167,106
3977,2,91,135
3977,3,301,130
3977,4,473,116
3977,5,392,63
3978,1,223,97
3978,2,131,84
3978,3,324,106
3978,4,294,58
3978,5,117,58
3979,1,235,44
3979,2,178,38
3979,3,288,66
3979,4,359,143
3979,5,230,34
3980,1,292,118
3980,2,245,71
3980,3,355,77
3980,4,90,35
3980,5,376,106
3981,1,425,150
3981,2,387,47
3981,3,213,66
3981,4,119,77
3981,5,224,117
3982,1,442,110
3982,2,209,40
3982,3,400,128
3982,4,494,47
3982,5,414,86
3983,1,370,134
3983,2,117,87
3983,3,218,113
3983,4,449,148
3983,5,470,60
3984,1,301,30
3984,2,332,90
3984,3,175,133
3984,4,230,37
3984,5,80,118
3985,1,296,146
3985,2,474,68
3985,3,211,51
3985,4,117,128
3985,5,419,56
3986,1,443,142
3986,2,159,66
3986,3,134,136
3986,4,59,30
3986,5,250,112
3987,1,327,79
3987,2,462,108
3987,3,294,78
3987,4,51,141
3987,5,126,126
3988,1,181,115
3988,2,54,112
3988,3,166,33
3988,4,90,131
3988,5,164,147
3989,1,236,114
3989,2,205,87
3989,3,260,104
3989,4,157,91
3989,5,457,93
3990,1,290,108
3990,2,135,32
3990,3,163,53
3990,4,267,121
3990,5,62,57
3991,1,319,94
3991,2,282,59
3991,3,113,88
3991,4,303,136
3991,5,283,84
3992,1,433,74
3992,2,54,141
3992,3,497,80
3992,4,380,53
3992,5,148,110
3993,1,449,37
3993,2,190,117
3993,3,317,101
3993,4,116,64
3993,5,311,38
3994,1,122,40
3994,2,320,34
3994,3,314,68
3994,4,135,143
3994,5,86,60
3995,1,110,48
3995,2,417,122
3995,3,347,92
3995,4,211,133
3995,5,150,131
3996,1,73,66
3996,2,128,119
3996,3,386,83
3996,4,430,143
3996,5,71,145
3997,1,368,120
3997,2,80,41
3997,3,410,73
3997,4,353,96
3997,5,279,100
3998,1,115,123
3998,2,147,123
3998,3,318,50
3998,4,217,112
3998,5,259,80
3999,1,334,31
3999,2,304,62
3999,3,95,136
3999,4,282,42
3999,5,247,36
4000,1,459,117
4000,2,237,138
4000,3,236,97
4000,4,167,135
4000,5,73,115
4001,1,63,62
4001,2,112,41
4001,3,409,141
4001,4,377,123
4001,5,398,51
4002,1,321,83
4002,2,171,75
4002,3,329,109
4002,4,94,82
4002,5,402,147
4003,1,52,91
4003,2,462,141
4003,3,469,40
4003,4,346,138
4003,5,381,126
4004,1,58,123
4004,2,387,131
4004,3,323,92
4004,4,201,36
4004,5,99,41
4005,1,485,138
4005,2,450,147
4005,3,309,143
4005,4,137,35
4005,5,218,135
4006,1,267,119
4006,2,206,139
4006,3,84,148
4006,4,389,149
4006,5,128,61
4007,1,454,89
4007,2,347,52
4007,3,248,34
4007,4,439,141
4007,5,200,86
4008,1,295,87
4008,2,471,118
4008,3,228,143
4008,4,263,142
4008,5,100,31
4009,1,375,70
4009,2,204,71
4009,3,172,32
4009,4,130,128
4009,5,471,40
4010,1,305,79
4010,2,279,39
4010,3,69,138
4010,4,408,136
4010,5,417,120
4011,1,499,42
4011,2,243,102
4011,3,441,139
4011,4,458,145
4011,5,449,56
4012,1,491,104
4012,2,318,95
4012,3,435,142
4012,4,446,147
4012,5,342,130
4013,1,376,78
4013,2,131,59
4013,3,100,101
4013,4,492,129
4013,5,134,107
4014,1,228,93
4014,2,261,33
4014,3,378,40
4014,4,478,72
4014,5,108,83
4015,1,162,73
4015,2,119,127
4015,3,59,57
4015,4,383,143
4015,5,82,128
4016,1,149,63
4016,2,464,74
4016,3,246,80
4016,4,306,108
4016,5,165,120
4017,1,460,71
4017,2,425,121
4017,3,63,93
4017,4,322,139
4017,5,329,32
4018,1,125,89
4018,2,343,76
4018,3,64,125
4018,4,228,117
4018,5,120,138
4019,1,61,34
4019,2,340,108
4019,3,51,112
4019,4,414,128
4019,5,266,105
4020,1,356,145
4020,2,242,39
4020,3,69,44
4020,4,204,101
4020,5,217,101
4021,1,240,45
4021,2,110,148
4021,3,311,95
4021,4,365,92
4021,5,403,142
4022,1,214,55
4022,2,422,73
4022,3,121,78
4022,4,383,138
4022,5,328,138
4023,1,260,134
4023,2,423,54
4023,3,93,62
4023,4,260,68
4023,5,181,37
4024,1,396,114
4024,2,122,50
4024,3,265,49
4024,4,164,50
4024,5,91,96
4025,1,307,122
4025,2,148,121
4025,3,392,109
4025,4,440,75
4025,5,241,144
4026,1,288,140
4026,2,136,122
4026,3,369,93
4026,4,335,82
4026,5,441,116
4027,1,311,115
4027,2,437,55
4027,3,340,110
4027,4,91,94
4027,5,70,83
4028,1,176,93
4028,2,87,103
4028,3,112,89
4028,4,486,102
4028,5,352,85
4029,1,440,91
4029,2,454,43
4029,3,317,72
4029,4,370,42
4029,5,453,135
4030,1,449,58
4030,2,92,124
4030,3,452,62
4030,4,325,104
4030,5,278,107
4031,1,321,70
4031,2,101,96
4031,3,414,50
4031,4,358,134
4031,5,312,70
4032,1,390,127
4032,2,158,81
4032,3,109,127
4032,4,409,117
4032,5,432,94
4033,1,202,49
4033,2,149,36
4033,3,290,30
4033,4,58,66
4033,5,463,53
4034,1,204,114
4034,2,440,60
4034,3,451,90
4034,4,131,141
4034,5,207,99
4035,1,155,135
4035,2,98,72
4035,3,165,86
4035,4,79,34
4035,5,181,62
4036,1,420,144
4036,2,335,99
4036,3,128,54
4036,4,269,99
4036,5,190,41
4037,1,210,60
4037,2,321,114
4037,3,350,37
4037,4,457,108
4037,5,282,48
4038,1,386,45
4038,2,320,94
4038,3,395,74
4038,4,403,126
4038,5,249,40
4039,1,252,47
4039,2,187,143
4039,3,253,135
4039,4,385,116
4039,5,256,42
4040,1,289,51
4040,2,65,142
4040,3,468,52
4040,4,295,76
4040,5,381,132
4041,1,481,149
4041,2,272,79
4041,3,244,133
4041,4,372,91
4041,5,251,55
4042,1,356,97
4042,2,370,97
4042,3,194,107
4042,4,330,52
4042,5,244,134
4043,1,113,145
4043,2,191,111
4043,3,340,47
4043,4,226,113
4043,5,355,110
4044,1,140,79
4044,2,155,46
4044,3,484,32
4044,4,180,47
4044,5,242,30
4045,1,194,98
4045,2,83,131
4045,3,158,148
4045,4,174,147
4045,5,361,40
4046,1,408,86
4046,2,246,142
4046,3,153,54
4046,4,241,71
4046,5,228,118
4047,1,236,52
4047,2,155,70
4047,3,324,51
4047,4,481,101
4047,5,150,136
4048,1,287,35
4048,2,430,92
4048,3,264,114
4048,4,79,122
4048,5,469,127
4049,1,167,71
4049,2,485,71
4049,3,134,143
4049,4,481,119
4049,5,313,148
4050,1,58,131
4050,2,289,62
4050,3,101,142
4050,4,324,128
4050,5,124,147
4051,1,135,95
4051,2,70,130
4051,3,323,83
4051,4,367,133
4051,5,280,82
4052,1,79,30
4052,2,265,33
4052,3,456,126
4052,4,64,59
4052,5,423,34
4053,1,227,145
4053,2,120,52
4053,3,289,78
4053,4,489,33
4053,5,86,65
4054,1,158,84
4054,2,410,120
4054,3,377,54
4054,4,250,124
4054,5,213,84
4055,1,109,75
4055,2,438,133
4055,3,182,127
4055,4,284,84
4055,5,373,69
4056,1,463,148
4056,2,170,146
4056,3,496,74
4056,4,383,30
4056,5,289,85
4057,1,205,35
4057,2,225,141
4057,3,99,65
4057,4,108,144
4057,5,452,38
4058,1,74,130
4058,2,225,103
4058,3,285,73
4058,4,276,92
4058,5,220,97
4059,1,415,139
4059,2,205,31
4059,3,222,87
4059,4,135,59
4059,5,426,71
4060,1,157,44
4060,2,449,54
4060,3,435,130
4060,4,222,144
4060,5,143,72
4061,1,457,109
4061,2,287,140
4061,3,69,89
4061,4,276,87
4061,5,112,135
4062,1,258,37
4062,2,135,58
4062,3,185,124
4062,4,262,37
4062,5,349,114
4063,1,127,147
4063,2,153,144
4063,3,338,148
4063,4,450,127
4063,5,195,68
4064,1,416,57
4064,2,189,129
4064,3,73,139
4064,4,341,63
4064,5,128,149
4065,1,455,36
4065,2,370,54
4065,3,416,75
4065,4,78,101
4065,5,500,68
4066,1,160,69
4066,2,365,107
4066,3,367,140
4066,4,54,94
4066,5,143,102
4067,1,375,57
4067,2,218,111
4067,3,87,103
4067,4,149,108
4067,5,99,88
4068,1,283,62
4068,2,478,61
4068,3,196,136
4068,4,244,44
4068,5,188,128
4069,1,148,133
4069,2,238,149
4069,3,293,109
4069,4,94,125
4069,5,118,42
4070,1,297,64
4070,2,433,123
4070,3,258,57
4070,4,268,47
4070,5,323,117
4071,1,327,138
4071,2,184,108
4071,3,464,35
4071,4,346,68
4071,5,186,137
4072,1,150,145
4072,2,291,149
4072,3,404,135
4072,4,70,73
4072,5,228,107
4073,1,487,74
4073,2,335,49
4073,3,228,84
4073,4,245,35
4073,5,126,38
4074,1,125,77
4074,2,356,75
4074,3,408,145
4074,4,190,86
4074,5,119,40
4075,1,247,146
4075,2,269,127
4075,3,301,113
4075,4,243,105
4075,5,399,124
4076,1,87,150
4076,2,392,108
4076,3,415,128
4076,4,154,110
4076,5,252,123
4077,1,476,116
4077,2,479,129
4077,3,226,119
4077,4,288,111
4077,5,296,30
4078,1,422,133
4078,2,210,68
4078,3,89,119
4078,4,86,41
4078,5,394,110
4079,1,454,146
4079,2,459,115
4079,3,333,72
4079,4,53,72
4079,5,88,87
4080,1,299,46
4080,2,447,150
4080,3,170,110
4080,4,122,83
4080,5,59,144
4081,1,417,98
4081,2,308,60
4081,3,466,97
4081,4,173,104
4081,5,248,74
4082,1,341,82
4082,2,54,83
4082,3,309,116
4082,4,177,44
4082,5,480,108
4083,1,434,67
4083,2,228,108
4083,3,413,94
4083,4,317,37
4083,5,369,89
4084,1,312,138
4084,2,145,135
4084,3,75,91
4084,4,487,81
4084,5,133,117
4085,1,358,45
4085,2,239,132
4085,3,476,95
4085,4,327,56
4085,5,326,95
4086,1,229,33
4086,2,229,107
4086,3,490,43
4086,4,67,97
4086,5,389,75
4087,1,257,42
4087,2,496,45
4087,3,370,108
4087,4,223,76
4087,5,382,97
4088,1,255,132
4088,2,115,147
4088,3,144,98
4088,4,408,140
4088,5,406,117
4089,1,195,123
4089,2,131,107
4089,3,216,98
4089,4,250,106
4089,5,292,91
4090,1,451,76
4090,2,373,74
4090,3,288,54
4090,4,299,89
4090,5,378,95
4091,1,53,42
4091,2,457,126
4091,3,127,49
4091,4,365,72
4091,5,326,57
4092,1,195,110
4092,2,123,67
4092,3,63,75
4092,4,302,118
4092,5,437,115
4093,1,469,90
4093,2,265,129
4093,3,474,110
4093,4,66,87
4093,5,337,96
4094,1,455,149
4094,2,413,125
4094,3,61,55
4094,4,165,81
4094,5,194,150
4095,1,213,106
4095,2,462,88
4095,3,309,62
4095,4,358,110
4095,5,210,127
4096,1,286,95
4096,2,91,147
4096,3,154,149
4096,4,216,62
4096,5,257,143
4097,1,101,58
4097,2,321,88
4097,3,299,99
4097,4,167,112
4097,5,85,34
4098,1,402,148
4098,2,283,35
4098,3,457,108
4098,4,272,63
4098,5,143,94
4099,1,483,33
4099,2,107,88
4099,3,283,57
4099,4,448,39
4099,5,307,64
4100,1,126,133
4100,2,499,125
4100,3,121,39
4100,4,362,114
4100,5,71,104
4101,1,458,149
4101,2,293,72
4101,3,128,120
4101,4,321,79
4101,5,168,84
4102,1,160,128
4102,2,454,135
4102,3,266,149
4102,4,146,58
4102,5,214,138
4103,1,307,61
4103,2,482,96
4103,3,353,112
4103,4,158,32
4103,5,50,146
4104,1,248,136
4104,2,389,36
4104,3,78,44
4104,4,327,111
4104,5,456,145
4105,1,341,86
4105,2,295,94
4105,3,86,81
4105,4,272,52
4105,5,240,131
4106,1,334,120
4106,2,102,130
4106,3,298,99
4106,4,308,51
4106,5,205,66
4107,1,147,95
4107,2,154,39
4107,3,168,85
4107,4,242,99
4107,5,465,125
4108,1,58,117
4108,2,496,71
4108,3,409,37
4108,4,93,75
4108,5,288,120
4109,1,207,40
4109,2,312,82
4109,3,191,109
4109,4,368,142
4109,5,445,48
4110,1,447,73
4110,2,219,66
4110,3,283,119
4110,4,245,124
4110,5,490,47
4111,1,116,149
4111,2,211,65
4111,3,421,62
4111,4,129,107
4111,5,401,119
4112,1,135,96
4112,2,486,98
4112,3,271,75
4112,4,320,142
4112,5,206,111
4113,1,492,65
4113,2,500,73
4113,3,133,58
4113,4,81,130
4113,5,251,56
4114,1,293,68
4114,2,89,70
4114,3,155,71
4114,4,335,94
4114,5,487,124
4115,1,215,63
4115,2,177,129
4115,3,260,73
4115,4,379,79
4115,5,442,78
4116,1,119,39
4116,2,220,92
4116,3,97,123
4116,4,199,129
4116,5,345,87
4117,1,297,125
4117,2,194,136
4117,3,130,35
4117,4,125,117
4117,5,120,125
4118,1,280,125
4118,2,204,80
4118,3,58,117
4118,4,220,94
4118,5,84,54
4119,1,274,43
4119,2,176,33
4119,3,152,118
4119,4,155,42
4119,5,111,136
4120,1,245,49
4120,2,492,147
4120,3,234,107
4120,4,105,137
4120,5,251,137
4121,1,126,105
4121,2,236,55
4121,3,131,147
4121,4,338,41
4121,5,103,115
4122,1,356,51
4122,2,170,92
4122,3,498,134
4122,4,249,99
4122,5,251,65
4123,1,350,102
4123,2,54,128
4123,3,302,33
4123,4,140,30
4123,5,268,64
4124,1,389,113
4124,2,443,39
4124,3,430,31
4124,4,216,36
4124,5,424,129
4125,1,170,30
4125,2,147,136
4125,3,260,85
4125,4,351,48
4125,5,205,142
4126,1,274,35
4126,2,191,48
4126,3,334,75
4126,4,52,132
4126,5,429,91
4127,1,225,61
4127,2,238,48
4127,3,371,103
4127,4,145,34
4127,5,270,48
4128,1,448,125
4128,2,217,137
4128,3,498,144
4128,4,469,60
4128,5,262,122
4129,1,301,106
4129,2,195,85
4129,3,118,87
4129,4,396,73
4129,5,190,147
4130,1,239,74
4130,2,182,125
4130,3,91,102
4130,4,328,100
4130,5,84,125
4131,1,423,148
4131,2,105,50
4131,3,157,56
4131,4,241,102
4131,5,134,76
4132,1,289,57
4132,2,235,33
4132,3,464,135
4132,4,133,45
4132,5,282,57
4133,1,266,83
4133,2,70,80
4133,3,181,112
4133,4,121,105
4133,5,206,31
4134,1,205,54
4134,2,352,43
4134,3,492,98
4134,4,74,82
4134,5,78,82
4135,1,313,61
4135,2,493,116
4135,3,150,94
4135,4,409,98
4135,5,74,34
4136,1,341,59
4136,2,468,116
4136,3,115,57
4136,4,263,46
4136,5,454,84
4137,1,348,127
4137,2,350,100
4137,3,218,30
4137,4,205,65
4137,5,110,94
4138,1,180,68
4138,2,411,69
4138,3,250,116
4138,4,436,84
4138,5,140,90
4139,1,281,63
4139,2,111,76
4139,3,373,142
4139,4,304,102
4139,5,173,52
4140,1,480,106
4140,2,217,31
4140,3,221,32
4140,4,310,63
4140,5,341,121
4141,1,157,137
4141,2,487,106
4141,3,380,40
4141,4,150,90
4141,5,391,77
4142,1,150,137
4142,2,86,59
4142,3,306,50
4142,4,178,129
4142,5,91,127
4143,1,247,111
4143,2,120,141
4143,3,399,123
4143,4,401,131
4143,5,101,46
4144,1,259,94
4144,2,169,64
4144,3,82,85
4144,4,138,124
4144,5,363,90
4145,1,138,105
4145,2,418,109
4145,3,358,34
4145,4,86,136
4145,5,361,94
4146,1,378,79
4146,2,490,132
4146,3,186,59
4146,4,168,140
4146,5,489,118
4147,1,497,106
4147,2,50,138
4147,3,177,80
4147,4,174,128
4147,5,324,72
4148,1,442,107
4148,2,354,126
4148,3,367,131
4148,4,284,94
4148,5,77,122
4149,1,161,56
4149,2,419,76
4149,3,362,32
4149,4,83,92
4149,5,497,148
4150,1,332,141
4150,2,288,143
4150,3,274,139
4150,4,393,136
4150,5,100,73
4151,1,351,118
4151,2,496,50
4151,3,151,61
4151,4,243,106
4151,5,314,85
4152,1,334,39
4152,2,452,54
4152,3,124,42
4152,4,464,52
4152,5,166,88
4153,1,338,147
4153,2,66,139
4153,3,401,38
4153,4,425,149
4153,5,253,82
4154,1,352,148
4154,2,287,105
4154,3,59,136
4154,4,418,45
4154,5,397,68
4155,1,133,88
4155,2,204,126
4155,3,134,43
4155,4,80,131
4155,5,128,37
4156,1,157,94
4156,2,200,125
4156,3,256,109
4156,4,65,33
4156,5,232,54
4157,1,197,80
4157,2,385,63
4157,3,101,91
4157,4,188,74
4157,5,264,83
4158,1,186,51
4158,2,333,134
4158,3,469,90
4158,4,306,62
4158,5,449,125
4159,1,192,66
4159,2,391,72
4159,3,219,108
4159,4,482,45
4159,5,55,115
4160,1,190,94
4160,2,424,84
4160,3,53,65
4160,4,113,42
4160,5,99,59
4161,1,91,139
4161,2,161,43
4161,3,174,39
4161,4,459,31
4161,5,281,139
4162,1,315,64
4162,2,277,142
4162,3,456,137
4162,4,57,144
4162,5,437,86
4163,1,178,121
4163,2,457,85
4163,3,370,61
4163,4,249,34
4163,5,420,64
4164,1,225,37
4164,2,159,140
4164,3,57,60
4164,4,419,142
4164,5,196,33
4165,1,177,70
4165,2,242,92
4165,3,54,53
4165,4,122,140
4165,5,427,88
4166,1,269,119
4166,2,216,150
4166,3,368,117
4166,4,462,139
4166,5,319,73
4167,1,338,135
4167,2,324,142
4167,3,59,50
4167,4,270,50
4167,5,126,34
4168,1,204,113
4168,2,486,146
4168,3,315,93
4168,4,417,100
4168,5,123,95
4169,1,418,53
4169,2,304,79
4169,3,84,56
4169,4,477,36
4169,5,99,139
4170,1,353,103
4170,2,171,132
4170,3,191,41
4170,4,480,125
4170,5,174,97
4171,1,438,65
4171,2,97,123
4171,3,248,64
4171,4,77,59
4171,5,347,139
4172,1,353,51
4172,2,143,33
4172,3,60,56
4172,4,66,41
4172,5,201,100
4173,1,402,59
4173,2,168,137
4173,3,430,49
4173,4,399,67
4173,5,479,65
4174,1,473,134
4174,2,119,71
4174,3,197,74
4174,4,293,131
4174,5,414,130
4175,1,294,95
4175,2,440,149
4175,3,401,38
4175,4,173,56
4175,5,257,52
4176,1,269,131
4176,2,207,107
4176,3,207,143
4176,4,310,123
4176,5,214,80
4177,1,460,49
4177,2,322,150
4177,3,435,138
4177,4,467,143
4177,5,412,145
4178,1,310,56
4178,2,214,69
4178,3,225,141
4178,4,131,119
4178,5,490,109
4179,1,160,44
4179,2,183,71
4179,3,130,105
4179,4,487,111
4179,5,376,92
4180,1,382,78
4180,2,80,111
4180,3,289,30
4180,4,72,106
4180,5,362,69
4181,1,180,77
4181,2,349,137
4181,3,391,32
4181,4,58,67
4181,5,88,57
4182,1,371,98
4182,2,398,51
4182,3,127,92
4182,4,419,104
4182,5,215,78
4183,1,172,32
4183,2,313,65
4183,3,191,124
4183,4,105,89
4183,5,438,107
4184,1,124,148
4184,2,334,32
4184,3,478,75
4184,4,432,56
4184,5,429,46
4185,1,317,145
4185,2,327,143
4185,3,133,112
4185,4,195,103
4185,5,240,131
4186,1,478,58
4186,2,372,48
4186,3,408,62
4186,4,302,49
4186,5,133,71
4187,1,100,37
4187,2,379,60
4187,3,175,37
4187,4,302,118
4187,5,98,71
4188,1,382,35
4188,2,220,143
4188,3,57,66
4188,4,82,128
4188,5,116,97
4189,1,342,43
4189,2,356,131
4189,3,118,117
4189,4,424,140
4189,5,224,76
4190,1,403,129
4190,2,380,142
4190,3,447,100
4190,4,306,93
4190,5,482,100
4191,1,54,91
4191,2,95,129
4191,3,403,32
4191,4,172,97
4191,5,341,144
4192,1,347,136
4192,2,496,97
4192,3,246,137
4192,4,432,89
4192,5,437,73
4193,1,120,58
4193,2,180,83
4193,3,411,145
4193,4,255,74
4193,5,442,101
4194,1,126,148
4194,2,165,113
4194,3,327,67
4194,4,114,85
4194,5,408,141
4195,1,219,102
4195,2,115,124
4195,3,424,99
4195,4,128,97
4195,5,180,109
4196,1,350,108
4196,2,405,66
4196,3,120,142
4196,4,257,74
4196,5,231,138
4197,1,487,66
4197,2,477,72
4197,3,76,81
4197,4,414,43
4197,5,281,128
4198,1,354,150
4198,2,282,52
4198,3,301,128
4198,4,60,93
4198,5,239,119
4199,1,220,117
4199,2,56,148
4199,3,192,104
4199,4,57,66
4199,5,180,94
4200,1,447,104
4200,2,414,105
4200,3,99,62
4200,4,427,56
4200,5,317,82
4201,1,414,85
4201,2,355,144
4201,3,51,109
4201,4,386,110
4201,5,408,104
4202,1,99,55
4202,2,189,36
4202,3,292,52
4202,4,296,146
4202,5,248,86
4203,1,462,52
4203,2,245,70
4203,3,478,132
4203,4,287,82
4203,5,377,113
4204,1,384,44
4204,2,305,60
4204,3,468,119
4204,4,327,39
4204,5,301,82
4205,1,482,133
4205,2,208,68
4205,3,148,57
4205,4,189,67
4205,5,129,135
4206,1,129,126
4206,2,463,46
4206,3,207,88
4206,4,331,46
4206,5,279,90
4207,1,402,61
4207,2,487,76
4207,3,60,44
4207,4,58,65
4207,5,84,40
4208,1,326,82
4208,2,426,122
4208,3,186,73
4208,4,378,143
4208,5,423,118
4209,1,271,93
4209,2,355,130
4209,3,444,54
4209,4,402,136
4209,5,410,136
4210,1,381,140
4210,2,350,38
4210,3,300,55
4210,4,371,82
4210,5,63,90
4211,1,301,32
4211,2,85,121
4211,3,236,78
4211,4,184,56
4211,5,297,136
4212,1,256,103
4212,2,375,113
4212,3,179,30
4212,4,80,68
4212,5,298,49
4213,1,219,145
4213,2,276,79
4213,3,206,141
4213,4,149,62
4213,5,386,112
4214,1,274,56
4214,2,285,37
4214,3,223,81
4214,4,303,76
4214,5,448,135
4215,1,349,105
4215,2,270,37
4215,3,181,80
4215,4,200,147
4215,5,459,108
4216,1,287,94
4216,2,474,131
4216,3,386,38
4216,4,404,96
4216,5,70,114
4217,1,233,138
4217,2,182,90
4217,3,55,41
4217,4,301,35
4217,5,277,108
4218,1,213,32
4218,2,358,136
4218,3,306,131
4218,4,261,103
4218,5,160,125
4219,1,390,59
4219,2,67,53
4219,3,166,132
4219,4,246,40
4219,5,86,124
4220,1,264,126
4220,2,77,87
4220,3,453,80
4220,4,389,115
4220,5,170,140
4221,1,168,109
4221,2,79,86
4221,3,421,59
4221,4,69,47
4221,5,451,109
4222,1,464,71
4222,2,314,56
4222,3,393,95
4222,4,417,73
4222,5,374,98
4223,1,467,71
4223,2,205,73
4223,3,435,36
4223,4,393,78
4223,5,363,122
4224,1,340,98
4224,2,161,49
4224,3,349,101
4224,4,219,133
4224,5,408,94
4225,1,118,97
4225,2,430,55
4225,3,307,32
4225,4,432,73
4225,5,325,36
4226,1,352,47
4226,2,276,134
4226,3,193,48
4226,4,319,73
4226,5,118,60
4227,1,76,137
4227,2,159,106
4227,3,375,42
4227,4,242,56
4227,5,124,110
4228,1,102,73
4228,2,418,100
4228,3,142,85
4228,4,331,106
4228,5,304,116
4229,1,469,132
4229,2,400,60
4229,3,53,96
4229,4,286,49
4229,5,452,149
4230,1,218,37
4230,2,364,118
4230,3,181,106
4230,4,187,77
4230,5,345,45
4231,1,479,144
4231,2,500,126
4231,3,329,120
4231,4,69,84
4231,5,395,140
4232,1,418,115
4232,2,158,74
4232,3,296,36
4232,4,71,114
4232,5,400,107
4233,1,148,76
4233,2,192,129
4233,3,372,59
4233,4,81,72
4233,5,247,76
4234,1,213,133
4234,2,486,101
4234,3,479,61
4234,4,81,97
4234,5,147,32
4235,1,407,130
4235,2,174,146
4235,3,277,98
4235,4,446,55
4235,5,277,78
4236,1,269,32
4236,2,78,134
4236,3,140,139
4236,4,159,109
4236,5,202,93
4237,1,230,106
4237,2,475,93
4237,3,103,95
4237,4,317,39
4237,5,94,100
4238,1,189,54
4238,2,202,82
4238,3,201,91
4238,4,269,133
4238,5,211,129
4239,1,173,91
4239,2,306,126
4239,3,447,139
4239,4,235,126
4239,5,274,70
4240,1,112,107
4240,2,370,149
4240,3,246,82
4240,4,314,110
4240,5,455,64
4241,1,248,109
4241,2,51,126
4241,3,95,125
4241,4,390,42
4241,5,251,44
4242,1,126,94
4242,2,492,146
4242,3,233,90
4242,4,336,143
4242,5,354,147
4243,1,448,104
4243,2,126,101
4243,3,269,137
4243,4,486,136
4243,5,335,102
4244,1,484,147
4244,2,74,88
4244,3,440,101
4244,4,63,80
4244,5,114,63
4245,1,393,113
4245,2,333,76
4245,3,360,43
4245,4,301,67
4245,5,279,62
4246,1,484,48
4246,2,304,60
4246,3,122,130
4246,4,436,73
4246,5,311,70
4247,1,60,125
4247,2,483,138
4247,3,219,144
4247,4,471,106
4247,5,211,82
4248,1,463,114
4248,2,157,63
4248,3,312,121
4248,4,127,68
4248,5,325,107
4249,1,350,149
4249,2,281,119
4249,3,410,43
4249,4,390,64
4249,5,73,118
4250,1,155,118
4250,2,58,57
4250,3,450,58
4250,4,139,98
4250,5,124,77
4251,1,321,53
4251,2,124,92
4251,3,311,130
4251,4,494,128
4251,5,265,81
4252,1,294,141
4252,2,103,32
4252,3,241,83
4252,4,229,109
4252,5,482,145
4253,1,447,51
4253,2,327,62
4253,3,59,45
4253,4,104,37
4253,5,314,53
4254,1,175,114
4254,2,180,109
4254,3,384,94
4254,4,123,94
4254,5,124,82
4255,1,462,53
4255,2,122,89
4255,3,53,68
4255,4,343,87
4255,5,336,55
4256,1,463,89
4256,2,294,50
4256,3,167,61
4256,4,135,102
4256,5,132,131
4257,1,438,101
4257,2,286,72
4257,3,211,76
4257,4,176,81
4257,5,259,77
4258,1,250,102
4258,2,458,83
4258,3,182,143
4258,4,166,46
4258,5,417,87
4259,1,428,75
4259,2,411,53
4259,3,265,40
4259,4,239,145
4259,5,65,103
4260,1,59,66
4260,2,196,58
4260,3,346,135
4260,4,372,60
4260,5,233,120
4261,1,107,53
4261,2,484,50
4261,3,106,123
4261,4,326,96
4261,5,226,60
4262,1,166,65
4262,2,287,52
4262,3,366,51
4262,4,242,114
4262,5,255,127
4263,1,85,94
4263,2,400,123
4263,3,229,59
4263,4,401,60
4263,5,326,147
4264,1,138,75
4264,2,485,35
4264,3,342,34
4264,4,169,53
4264,5,195,114
4265,1,315,99
4265,2,235,133
4265,3,136,78
4265,4,198,62
4265,5,184,140
4266,1,339,84
4266,2,277,126
4266,3,390,90
4266,4,397,140
4266,5,286,88
4267,1,87,147
4267,2,482,127
4267,3,153,86
4267,4,460,40
4267,5,203,116
4268,1,261,143
4268,2,391,55
4268,3,129,87
4268,4,438,56
4268,5,104,70
4269,1,269,79
4269,2,70,60
4269,3,192,142
4269,4,126,130
4269,5,50,69
4270,1,114,148
4270,2,95,52
4270,3,51,148
4270,4,444,91
4270,5,437,96
4271,1,494,107
4271,2,120,34
4271,3,265,93
4271,4,314,143
4271,5,436,81
4272,1,124,71
4272,2,338,132
4272,3,449,137
4272,4,278,37
4272,5,170,126
4273,1,147,39
4273,2,464,114
4273,3,84,42
4273,4,141,85
4273,5,245,103
4274,1,471,53
4274,2,183,92
4274,3,101,74
4274,4,338,72
4274,5,448,61
4275,1,63,103
4275,2,170,82
4275,3,222,99
4275,4,319,84
4275,5,145,140
4276,1,432,132
4276,2,277,68
4276,3,477,111
4276,4,467,111
4276,5,180,110
4277,1,340,143
4277,2,444,108
4277,3,437,118
4277,4,465,73
4277,5,60,49
4278,1,104,76
4278,2,109,125
4278,3,123,147
4278,4,338,115
4278,5,56,132
4279,1,298,82
4279,2,245,105
4279,3,395,105
4279,4,373,92
4279,5,498,104
4280,1,367,31
4280,2,154,74
4280,3,366,87
4280,4,194,35
4280,5,345,59
4281,1,423,44
4281,2,152,51
4281,3,72,46
4281,4,446,49
4281,5,228,55
4282,1,157,115
4282,2,360,52
4282,3,168,38
4282,4,355,115
4282,5,180,101
4283,1,84,92
4283,2,288,33
4283,3,455,34
4283,4,122,76
4283,5,142,129
4284,1,90,44
4284,2,313,53
4284,3,142,86
4284,4,487,148
4284,5,148,41
4285,1,376,93
4285,2,215,36
4285,3,387,113
4285,4,298,75
4285,5,54,149
4286,1,261,33
4286,2,154,68
4286,3,83,71
4286,4,380,132
4286,5,314,141
4287,1,106,124
4287,2,160,85
4287,3,348,47
4287,4,320,64
4287,5,57,118
4288,1,56,116
4288,2,294,132
4288,3,55,122
4288,4,364,80
4288,5,471,145
4289,1,338,75
4289,2,281,150
4289,3,267,120
4289,4,135,143
4289,5,373,96
4290,1,289,91
4290,2,354,133
4290,3,178,95
4290,4,219,77
4290,5,82,62
4291,1,132,150
4291,2,413,96
4291,3,438,48
4291,4,229,76
4291,5,492,87
4292,1,111,86
4292,2,326,55
4292,3,266,39
4292,4,402,140
4292,5,350,109
4293,1,159,61
4293,2,282,62
4293,3,425,90
4293,4,227,97
4293,5,96,83
4294,1,297,93
4294,2,101,133
4294,3,303,53
4294,4,138,30
4294,5,413,110
4295,1,401,147
4295,2,169,143
4295,3,320,114
4295,4,216,41
4295,5,250,122
4296,1,315,121
4296,2,486,65
4296,3,107,132
4296,4,51,61
4296,5,449,55
4297,1,79,137
4297,2,297,132
4297,3,415,71
4297,4,373,35
4297,5,371,101
4298,1,50,51
4298,2,65,118
4298,3,394,97
4298,4,357,66
4298,5,74,115
4299,1,165,90
4299,2,200,146
4299,3,499,99
4299,4,450,83
4299,5,460,144
4300,1,473,46
4300,2,272,110
4300,3,410,130
4300,4,292,127
4300,5,367,111
4301,1,239,147
4301,2,293,72
4301,3,216,60
4301,4,159,55
4301,5,400,33
4302,1,365,56
4302,2,162,51
4302,3,266,110
4302,4,295,44
4302,5,263,40
4303,1,347,99
4303,2,425,55
4303,3,122,99
4303,4,60,49
4303,5,212,68
4304,1,96,76
4304,2,152,52
4304,3,446,146
4304,4,214,109
4304,5,454,38
4305,1,354,75
4305,2,446,112
4305,3,420,35
4305,4,386,106
4305,5,141,117
4306,1,205,115
4306,2,112,78
4306,3,290,112
4306,4,460,80
4306,5,209,61
4307,1,215,77
4307,2,410,93
4307,3,95,68
4307,4,135,77
4307,5,341,60
4308,1,481,30
4308,2,191,41
4308,3,165,82
4308,4,444,56
4308,5,494,61
4309,1,79,68
4309,2,219,118
4309,3,88,82
4309,4,447,109
4309,5,165,58
4310,1,417,76
4310,2,430,88
4310,3,224,89
4310,4,499,33
4310,5,402,37
4311,1,295,130
4311,2,377,112
4311,3,307,84
4311,4,173,126
4311,5,320,49
4312,1,458,52
4312,2,154,150
4312,3,145,65
4312,4,315,145
4312,5,468,147
4313,1,346,137
4313,2,474,66
4313,3,101,126
4313,4,286,72
4313,5,389,55
4314,1,264,66
4314,2,409,30
4314,3,174,129
4314,4,100,124
4314,5,133,45
4315,1,217,102
4315,2,463,100
4315,3,322,107
4315,4,125,121
4315,5,412,110
4316,1,261,122
4316,2,477,82
4316,3,496,121
4316,4,230,34
4316,5,320,147
4317,1,244,128
4317,2,243,131
4317,3,273,33
4317,4,198,74
4317,5,280,68
4318,1,422,113
4318,2,232,142
4318,3,223,64
4318,4,145,65
4318,5,219,70
4319,1,239,86
4319,2,162,38
4319,3,333,94
4319,4,85,52
4319,5,170,73
4320,1,496,59
4320,2,199,115
4320,3,128,150
4320,4,449,124
4320,5,485,118
4321,1,167,40
4321,2,107,101
4321,3,478,109
4321,4,259,68
4321,5,160,130
4322,1,123,96
4322,2,115,37
4322,3,65,36
4322,4,360,130
4322,5,440,63
4323,1,336,100
4323,2,371,141
4323,3,191,57
4323,4,239,115
4323,5,347,85
4324,1,236,137
4324,2,150,57
4324,3,406,51
4324,4,318,97
4324,5,337,82
4325,1,362,32
4325,2,474,101
4325,3,362,75
4325,4,189,45
4325,5,441,38
4326,1,455,81
4326,2,448,92
4326,3,347,70
4326,4,494,120
4326,5,401,102
4327,1,265,137
4327,2,453,113
4327,3,482,131
4327,4,59,61
4327,5,451,97
4328,1,495,110
4328,2,421,134
4328,3,153,114
4328,4,195,60
4328,5,205,63
4329,1,200,52
4329,2,177,51
4329,3,308,99
4329,4,340,103
4329,5,75,62
4330,1,80,82
4330,2,156,107
4330,3,288,64
4330,4,91,34
4330,5,201,132
4331,1,181,106
4331,2,307,109
4331,3,356,123
4331,4,102,108
4331,5,153,135
4332,1,159,60
4332,2,71,49
4332,3,200,86
4332,4,259,126
4332,5,401,116
4333,1,448,49
4333,2,407,59
4333,3,83,68
4333,4,436,127
4333,5,420,150
4334,1,216,54
4334,2,292,98
4334,3,358,109
4334,4,328,47
4334,5,475,86
4335,1,139,143
4335,2,144,109
4335,3,370,47
4335,4,252,56
4335,5,290,136
4336,1,106,135
4336,2,255,31
4336,3,216,118
4336,4,291,38
4336,5,265,42
4337,1,157,109
4337,2,359,150
4337,3,213,46
4337,4,420,96
4337,5,315,90
4338,1,57,72
4338,2,481,110
4338,3,109,58
4338,4,323,133
4338,5,148,136
4339,1,472,111
4339,2,399,83
4339,3,375,69
4339,4,139,125
4339,5,438,73
4340,1,449,47
4340,2,327,143
4340,3,240,127
4340,4,123,67
4340,5,495,54
4341,1,70,38
4341,2,231,47
4341,3,80,70
4341,4,133,62
4341,5,411,36
4342,1,477,147
4342,2,69,109
4342,3,311,113
4342,4,70,60
4342,5,493,47
4343,1,151,143
4343,2,449,41
4343,3,331,49
4343,4,437,76
4343,5,172,60
4344,1,72,44
4344,2,234,57
4344,3,96,77
4344,4,159,36
4344,5,354,48
4345,1,328,118
4345,2,167,65
4345,3,172,82
4345,4,251,36
4345,5,114,61
4346,1,479,90
4346,2,239,104
4346,3,330,103
4346,4,421,103
4346,5,279,88
4347,1,350,124
4347,2,100,41
4347,3,176,146
4347,4,467,149
4347,5,77,64
4348,1,284,84
4348,2,84,58
4348,3,450,71
4348,4,149,30
4348,5,356,63
4349,1,453,31
4349,2,449,102
4349,3,143,33
4349,4,202,115
4349,5,116,31
4350,1,187,112
4350,2,158,59
4350,3,139,66
4350,4,445,118
4350,5,348,74
4351,1,243,90
4351,2,75,115
4351,3,78,81
4351,4,292,36
4351,5,76,108
4352,1,392,84
4352,2,243,148
4352,3,376,100
4352,4,55,104
4352,5,55,81
4353,1,101,92
4353,2,343,47
4353,3,333,36
4353,4,194,125
4353,5,168,90
4354,1,405,108
4354,2,290,93
4354,3,185,88
4354,4,58,103
4354,5,411,42
4355,1,408,68
4355,2,488,56
4355,3,190,100
4355,4,305,85
4355,5,163,103
4356,1,328,145
4356,2,329,104
4356,3,68,83
4356,4,408,107
4356,5,323,35
4357,1,291,41
4357,2,161,141
4357,3,263,118
4357,4,253,128
4357,5,220,129
4358,1,332,89
4358,2,353,112
4358,3,136,135
4358,4,269,96
4358,5,312,36
4359,1,176,91
4359,2,198,55
4359,3,277,97
4359,4,308,103
4359,5,414,138
4360,1,302,78
4360,2,368,138
4360,3,272,97
4360,4,447,94
4360,5,263,66
4361,1,154,99
4361,2,342,76
4361,3,259,134
4361,4,70,42
4361,5,479,138
4362,1,499,103
4362,2,476,40
4362,3,281,146
4362,4,161,64
4362,5,94,142
4363,1,113,149
4363,2,207,129
4363,3,293,33
4363,4,418,45
4363,5,76,68
4364,1,414,56
4364,2,114,45
4364,3,173,49
4364,4,238,87
4364,5,134,89
4365,1,61,138
4365,2,421,107
4365,3,343,77
4365,4,489,60
4365,5,283,136
4366,1,417,55
4366,2,298,37
4366,3,97,47
4366,4,283,68
4366,5,100,137
4367,1,362,127
4367,2,363,67
4367,3,488,44
4367,4,437,39
4367,5,94,131
4368,1,377,73
4368,2,178,112
4368,3,438,146
4368,4,275,33
4368,5,332,143
4369,1,106,62
4369,2,453,104
4369,3,427,43
4369,4,217,123
4369,5,224,148
4370,1,439,105
4370,2,257,32
4370,3,308,111
4370,4,245,124
4370,5,335,40
4371,1,148,41
4371,2,433,111
4371,3,149,81
4371,4,87,100
4371,5,489,109
4372,1,235,65
4372,2,406,48
4372,3,455,50
4372,4,264,146
4372,5,261,67
4373,1,401,51
4373,2,410,131
4373,3,377,145
4373,4,218,82
4373,5,379,71
4374,1,262,61
4374,2,106,75
4374,3,465,69
4374,4,342,80
4374,5,170,128
4375,1,243,96
4375,2,233,133
4375,3,392,78
4375,4,467,98
4375,5,441,80
4376,1,210,39
4376,2,246,48
4376,3,494,84
4376,4,388,105
4376,5,468,73
4377,1,152,76
4377,2,276,46
4377,3,156,70
4377,4,195,134
4377,5,386,127
4378,1,459,82
4378,2,110,50
4378,3,416,49
4378,4,61,61
4378,5,195,121
4379,1,418,31
4379,2,237,60
4379,3,421,142
4379,4,482,92
4379,5,324,39
4380,1,248,116
4380,2,289,128
4380,3,68,126
4380,4,68,77
4380,5,349,36
4381,1,110,97
4381,2,247,89
4381,3,129,53
4381,4,228,81
4381,5,137,83
4382,1,271,146
4382,2,334,144
4382,3,460,127
4382,4,258,141
4382,5,136,92
4383,1,263,84
4383,2,120,73
4383,3,473,47
4383,4,52,147
4383,5,259,84
4384,1,414,66
4384,2,396,138
4384,3,256,135
4384,4,498,148
4384,5,179,127
4385,1,363,116
4385,2,238,92
4385,3,115,32
4385,4,218,129
4385,5,410,31
4386,1,373,97
4386,2,104,77
4386,3,488,131
4386,4,101,37
4386,5,256,48
4387,1,88,126
4387,2,113,145
4387,3,106,85
4387,4,291,68
4387,5,99,130
4388,1,415,125
4388,2,130,118
4388,3,271,64
4388,4,312,33
4388,5,302,30
4389,1,431,35
4389,2,283,135
4389,3,114,119
4389,4,113,85
4389,5,155,108
4390,1,134,128
4390,2,411,65
4390,3,442,77
4390,4,64,121
4390,5,145,87
4391,1,223,119
4391,2,157,110
4391,3,182,100
4391,4,96,70
4391,5,201,149
4392,1,368,38
4392,2,225,140
4392,3,451,99
4392,4,473,78
4392,5,201,69
4393,1,229,132
4393,2,264,111
4393,3,291,143
4393,4,120,58
4393,5,464,77
4394,1,407,77
4394,2,330,68
4394,3,192,67
4394,4,430,147
4394,5,280,113
4395,1,262,90
4395,2,199,99
4395,3,279,123
4395,4,351,126
4395,5,242,67
4396,1,163,66
4396,2,125,68
4396,3,338,60
4396,4,434,105
4396,5,143,133
4397,1,163,80
4397,2,328,75
4397,3,294,148
4397,4,399,105
4397,5,500,100
4398,1,493,68
4398,2,111,67
4398,3,330,45
4398,4,94,111
4398,5,329,120
4399,1,171,46
4399,2,178,127
4399,3,395,133
4399,4,334,112
4399,5,285,126
4400,1,434,87
4400,2,135,128
4400,3,296,139
4400,4,127,81
4400,5,284,56
4401,1,447,109
4401,2,162,140
4401,3,237,127
4401,4,473,113
4401,5,366,147
4402,1,480,51
4402,2,459,130
4402,3,113,133
4402,4,76,79
4402,5,325,128
4403,1,419,134
4403,2,129,138
4403,3,318,94
4403,4,390,99
4403,5,325,55
4404,1,247,132
4404,2,329,87
4404,3,440,143
4404,4,113,85
4404,5,135,100
4405,1,290,74
4405,2,94,110
4405,3,178,148
4405,4,307,139
4405,5,421,77
4406,1,263,46
4406,2,410,141
4406,3,349,63
4406,4,449,47
4406,5,216,87
4407,1,72,59
4407,2,404,113
4407,3,58,137
4407,4,368,101
4407,5,125,44
4408,1,129,95
4408,2,381,108
4408,3,176,83
4408,4,418,113
4408,5,294,72
4409,1,243,114
4409,2,170,73
4409,3,196,126
4409,4,489,121
4409,5,286,61
4410,1,54,136
4410,2,459,45
4410,3,50,37
4410,4,359,56
4410,5,428,81
4411,1,473,96
4411,2,128,127
4411,3,134,96
4411,4,178,142
4411,5,102,40
4412,1,175,88
4412,2,239,83
4412,3,432,133
4412,4,301,34
4412,5,296,57
4413,1,191,77
4413,2,78,66
4413,3,330,79
4413,4,213,74
4413,5,431,70
4414,1,463,78
4414,2,335,34
4414,3,296,84
4414,4,93,121
4414,5,253,122
4415,1,280,147
4415,2,425,119
4415,3,79,34
4415,4,326,125
4415,5,371,149
4416,1,323,122
4416,2,394,134
4416,3,109,53
4416,4,144,96
4416,5,422,70
4417,1,122,88
4417,2,107,127
4417,3,202,61
4417,4,320,131
4417,5,204,115
4418,1,320,112
4418,2,475,36
4418,3,421,62
4418,4,208,44
4418,5,232,91
4419,1,122,43
4419,2,443,106
4419,3,339,66
4419,4,132,39
4419,5,476,33
4420,1,291,100
4420,2,84,52
4420,3,284,145
4420,4,320,107
4420,5,157,93
4421,1,147,30
4421,2,383,96
4421,3,118,92
4421,4,209,94
4421,5,53,145
4422,1,95,47
4422,2,70,73
4422,3,441,45
4422,4,425,78
4422,5,212,120
4423,1,386,106
4423,2,281,41
4423,3,268,36
4423,4,89,133
4423,5,347,108
4424,1,463,118
4424,2,303,50
4424,3,156,147
4424,4,87,127
4424,5,280,74
4425,1,430,116
4425,2,174,42
4425,3,472,137
4425,4,422,44
4425,5,117,36
4426,1,443,103
4426,2,392,36
4426,3,419,105
4426,4,275,120
4426,5,208,130
4427,1,286,111
4427,2,122,62
4427,3,147,70
4427,4,159,128
4427,5,469,104
4428,1,175,80
4428,2,119,93
4428,3,271,70
4428,4,53,72
4428,5,184,45
4429,1,140,51
4429,2,493,48
4429,3,450,115
4429,4,448,62
4429,5,418,32
4430,1,299,47
4430,2,299,144
4430,3,495,113
4430,4,395,147
4430,5,312,141
4431,1,259,95
4431,2,499,87
4431,3,185,142
4431,4,213,149
4431,5,162,105
4432,1,156,63
4432,2,463,48
4432,3,480,43
4432,4,63,137
4432,5,330,142
4433,1,118,37
4433,2,211,30
4433,3,197,125
4433,4,375,95
4433,5,307,39
4434,1,348,130
4434,2,312,142
4434,3,303,123
4434,4,460,64
4434,5,370,120
4435,1,172,125
4435,2,325,86
4435,3,482,127
4435,4,248,46
4435,5,72,74
4436,1,249,144
4436,2,149,144
4436,3,183,121
4436,4,406,32
4436,5,288,89
4437,1,271,137
4437,2,191,83
4437,3,349,68
4437,4,315,145
4437,5,65,41
4438,1,446,118
4438,2,438,98
4438,3,191,103
4438,4,117,48
4438,5,79,44
4439,1,318,139
4439,2,355,123
4439,3,348,99
4439,4,484,50
4439,5,319,76
4440,1,382,75
4440,2,159,110
4440,3,367,72
4440,4,118,108
4440,5,121,77
4441,1,430,107
4441,2,217,124
4441,3,248,82
4441,4,472,111
4441,5,68,113
4442,1,130,70
4442,2,402,72
4442,3,93,45
4442,4,446,44
4442,5,207,89
4443,1,442,138
4443,2,194,45
4443,3,332,129
4443,4,421,109
4443,5,449,84
4444,1,238,79
4444,2,322,132
4444,3,193,74
4444,4,74,60
4444,5,222,74
4445,1,261,150
4445,2,392,136
4445,3,321,96
4445,4,126,39
4445,5,277,138
4446,1,413,118
4446,2,237,116
4446,3,358,138
4446,4,166,145
4446,5,400,30
4447,1,194,141
4447,2,267,73
4447,3,157,107
4447,4,75,46
4447,5,209,41
4448,1,472,99
4448,2,302,135
4448,3,478,34
4448,4,124,67
4448,5,454,40
4449,1,227,69
4449,2,338,88
4449,3,293,61
4449,4,242,80
4449,5,330,81
4450,1,208,109
4450,2,150,84
4450,3,204,92
4450,4,97,68
4450,5,151,77
4451,1,380,56
4451,2,163,84
4451,3,294,71
4451,4,199,46
4451,5,353,42
4452,1,406,43
4452,2,417,78
4452,3,443,75
4452,4,239,150
4452,5,311,128
4453,1,129,82
4453,2,61,87
4453,3,73,144
4453,4,64,52
4453,5,112,56
4454,1,299,94
4454,2,455,36
4454,3,431,95
4454,4,212,83
4454,5,351,87
4455,1,116,39
4455,2,347,82
4455,3,147,72
4455,4,499,39
4455,5,214,98
4456,1,289,36
4456,2,375,143
4456,3,321,94
4456,4,121,102
4456,5,459,123
4457,1,353,96
4457,2,228,122
4457,3,357,145
4457,4,222,104
4457,5,339,81
4458,1,56,44
4458,2,283,86
4458,3,88,60
4458,4,91,121
4458,5,337,144
4459,1,291,132
4459,2,329,65
4459,3,417,101
4459,4,250,113
4459,5,452,104
4460,1,480,57
4460,2,401,50
4460,3,404,41
4460,4,404,41
4460,5,393,136
4461,1,313,146
4461,2,153,110
4461,3,171,93
4461,4,107,65
4461,5,474,132
4462,1,443,63
4462,2,464,105
4462,3,369,131
4462,4,263,89
4462,5,499,125
4463,1,59,97
4463,2,190,88
4463,3,460,33
4463,4,393,67
4463,5,182,30
4464,1,487,126
4464,2,319,119
4464,3,214,51
4464,4,180,43
4464,5,338,64
4465,1,243,97
4465,2,353,62
4465,3,310,55
4465,4,448,99
4465,5,70,41
4466,1,294,75
4466,2,294,47
4466,3,151,108
4466,4,134,42
4466,5,347,75
4467,1,324,58
4467,2,110,137
4467,3,261,49
4467,4,256,42
4467,5,304,120
4468,1,387,59
4468,2,129,46
4468,3,347,94
4468,4,173,143
4468,5,278,37
4469,1,181,137
4469,2,329,118
4469,3,157,120
4469,4,231,68
4469,5,230,77
4470,1,179,146
4470,2,307,130
4470,3,351,53
4470,4,474,102
4470,5,470,49
4471,1,102,55
4471,2,456,132
4471,3,140,49
4471,4,419,68
4471,5,110,141
4472,1,317,49
4472,2,277,114
4472,3,247,38
4472,4,491,59
4472,5,489,102
4473,1,307,54
4473,2,334,146
4473,3,57,137
4473,4,442,93
4473,5,142,70
4474,1,53,80
4474,2,253,134
4474,3,98,46
4474,4,134,142
4474,5,475,105
4475,1,392,81
4475,2,428,35
4475,3,99,140
4475,4,477,132
4475,5,392,118
4476,1,473,93
4476,2,283,47
4476,3,395,70
4476,4,397,35
4476,5,291,42
4477,1,67,80
4477,2,126,129
4477,3,291,54
4477,4,278,49
4477,5,404,104
4478,1,252,132
4478,2,295,46
4478,3,57,78
4478,4,251,116
4478,5,482,50
4479,1,54,115
4479,2,240,149
4479,3,233,67
4479,4,301,69
4479,5,477,71
4480,1,441,72
4480,2,399,35
4480,3,393,120
4480,4,78,33
4480,5,69,49
4481,1,279,134
4481,2,53,37
4481,3,295,91
4481,4,442,138
4481,5,198,131
4482,1,403,144
4482,2,309,123
4482,3,498,128
4482,4,192,33
4482,5,366,95
4483,1,144,69
4483,2,143,77
4483,3,112,109
4483,4,479,146
4483,5,118,64
4484,1,290,81
4484,2,136,117
4484,3,394,67
4484,4,376,89
4484,5,471,98
4485,1,364,41
4485,2,64,105
4485,3,156,135
4485,4,90,124
4485,5,68,113
4486,1,399,80
4486,2,204,102
4486,3,81,82
4486,4,189,80
4486,5,287,89
4487,1,163,117
4487,2,310,103
4487,3,191,149
4487,4,219,119
4487,5,313,77
4488,1,315,125
4488,2,393,69
4488,3,454,97
4488,4,471,70
4488,5,143,114
4489,1,351,57
4489,2,159,122
4489,3,465,143
4489,4,158,144
4489,5,311,95
4490,1,194,128
4490,2,188,44
4490,3,428,54
4490,4,500,118
4490,5,161,113
4491,1,134,145
4491,2,367,41
4491,3,52,126
4491,4,261,138
4491,5,222,135
4492,1,265,82
4492,2,219,78
4492,3,407,127
4492,4,150,107
4492,5,448,84
4493,1,453,113
4493,2,320,113
4493,3,231,44
4493,4,91,39
4493,5,427,47
4494,1,50,97
4494,2,477,63
4494,3,464,35
4494,4,219,75
4494,5,474,87
4495,1,267,92
4495,2,348,131
4495,3,481,119
4495,4,402,54
4495,5,302,122
4496,1,398,60
4496,2,295,97
4496,3,215,147
4496,4,373,100
4496,5,257,115
4497,1,433,36
4497,2,480,103
4497,3,186,111
4497,4,490,71
4497,5,251,41
4498,1,434,102
4498,2,338,124
4498,3,331,119
4498,4,256,69
4498,5,346,41
4499,1,369,103
4499,2,159,101
4499,3,79,36
4499,4,94,85
4499,5,453,47
4500,1,222,66
4500,2,99,128
4500,3,210,46
4500,4,326,94
4500,5,488,72
4501,1,439,124
4501,2,462,48
4501,3,305,124
4501,4,132,46
4501,5,163,135
4502,1,407,148
4502,2,479,146
4502,3,274,102
4502,4,62,86
4502,5,312,142
4503,1,340,104
4503,2,227,144
4503,3,265,93
4503,4,305,128
4503,5,463,138
4504,1,408,74
4504,2,80,135
4504,3,189,50
4504,4,320,117
4504,5,491,46
4505,1,489,116
4505,2,321,59
4505,3,419,72
4505,4,102,91
4505,5,416,105
4506,1,395,37
4506,2,60,68
4506,3,101,142
4506,4,444,107
4506,5,180,83
4507,1,302,138
4507,2,410,103
4507,3,416,39
4507,4,253,64
4507,5,165,43
4508,1,430,99
4508,2,428,125
4508,3,129,52
4508,4,457,101
4508,5,263,129
4509,1,105,148
4509,2,411,110
4509,3,252,133
4509,4,209,149
4509,5,394,107
4510,1,431,138
4510,2,336,31
4510,3,490,82
4510,4,141,107
4510,5,95,118
4511,1,70,124
4511,2,469,67
4511,3,199,42
4511,4,418,122
4511,5,388,147
4512,1,196,48
4512,2,197,72
4512,3,409,75
4512,4,152,43
4512,5,409,87
4513,1,434,58
4513,2,223,49
4513,3,408,105
4513,4,115,133
4513,5,332,144
4514,1,217,121
4514,2,267,31
4514,3,183,34
4514,4,254,63
4514,5,393,70
4515,1,58,150
4515,2,329,88
4515,3,462,80
4515,4,471,82
4515,5,410,143
4516,1,490,123
4516,2,361,107
4516,3,374,114
4516,4,100,140
4516,5,306,110
4517,1,354,63
4517,2,353,44
4517,3,209,142
4517,4,114,115
4517,5,247,64
4518,1,410,145
4518,2,315,81
4518,3,453,86
4518,4,246,138
4518,5,500,115
4519,1,391,121
4519,2,101,127
4519,3,400,101
4519,4,53,124
4519,5,396,142
4520,1,53,32
4520,2,201,124
4520,3,237,31
4520,4,214,53
4520,5,351,76
4521,1,254,44
4521,2,480,143
4521,3,282,81
4521,4,258,44
4521,5,493,53
4522,1,186,124
4522,2,153,74
4522,3,486,120
4522,4,482,129
4522,5,405,150
4523,1,179,52
4523,2,298,40
4523,3,56,101
4523,4,246,125
4523,5,366,67
4524,1,492,64
4524,2,257,91
4524,3,422,110
4524,4,112,131
4524,5,268,112
4525,1,323,70
4525,2,259,46
4525,3,100,57
4525,4,320,123
4525,5,122,59
4526,1,152,97
4526,2,270,82
4526,3,327,82
4526,4,197,38
4526,5,344,57
4527,1,368,59
4527,2,410,117
4527,3,446,119
4527,4,127,67
4527,5,314,145
4528,1,266,125
4528,2,396,150
4528,3,311,109
4528,4,178,149
4528,5,137,72
4529,1,125,98
4529,2,376,71
4529,3,463,82
4529,4,484,138
4529,5,378,89
4530,1,149,61
4530,2,204,135
4530,3,464,130
4530,4,94,78
4530,5,398,138
4531,1,89,141
4531,2,437,118
4531,3,240,55
4531,4,490,51
4531,5,357,120
4532,1,204,112
4532,2,310,150
4532,3,62,62
4532,4,385,106
4532,5,374,136
4533,1,238,79
4533,2,410,88
4533,3,275,128
4533,4,431,72
4533,5,424,135
4534,1,142,76
4534,2,348,104
4534,3,97,115
4534,4,218,100
4534,5,57,86
4535,1,405,62
4535,2,465,62
4535,3,180,39
4535,4,73,146
4535,5,71,99
4536,1,66,145
4536,2,313,81
4536,3,461,50
4536,4,204,55
4536,5,110,110
4537,1,211,73
4537,2,68,149
4537,3,107,91
4537,4,435,95
4537,5,280,117
4538,1,211,113
4538,2,312,113
4538,3,173,130
4538,4,389,138
4538,5,241,127
4539,1,456,53
4539,2,93,30
4539,3,489,106
4539,4,488,46
4539,5,270,61
4540,1,410,82
4540,2,373,67
4540,3,403,69
4540,4,80,85
4540,5,460,113
4541,1,457,63
4541,2,103,35
4541,3,425,141
4541,4,389,77
4541,5,78,67
4542,1,383,35
4542,2,149,45
4542,3,470,132
4542,4,364,80
4542,5,382,108
4543,1,104,137
4543,2,360,78
4543,3,263,112
4543,4,97,104
4543,5,52,94
4544,1,136,116
4544,2,199,61
4544,3,269,82
4544,4,398,130
4544,5,71,139
4545,1,223,49
4545,2,87,64
4545,3,148,68
4545,4,169,40
4545,5,381,149
4546,1,142,33
4546,2,143,136
4546,3,74,111
4546,4,267,109
4546,5,181,83
4547,1,203,121
4547,2,177,48
4547,3,74,148
4547,4,393,56
4547,5,265,71
4548,1,208,59
4548,2,181,55
4548,3,493,100
4548,4,303,57
4548,5,317,145
4549,1,157,132
4549,2,128,149
4549,3,94,86
4549,4,267,110
4549,5,73,148
4550,1,90,51
4550,2,369,107
4550,3,412,35
4550,4,331,60
4550,5,56,114
4551,1,386,101
4551,2,411,101
4551,3,109,142
4551,4,269,84
4551,5,75,71
4552,1,73,52
4552,2,436,148
4552,3,408,107
4552,4,400,87
4552,5,427,74
4553,1,286,61
4553,2,253,108
4553,3,476,119
4553,4,272,84
4553,5,197,91
4554,1,316,88
4554,2,377,65
4554,3,142,121
4554,4,352,78
4554,5,196,107
4555,1,65,102
4555,2,202,146
4555,3,423,105
4555,4,308,124
4555,5,327,116
4556,1,218,95
4556,2,310,83
4556,3,333,58
4556,4,354,52
4556,5,228,131
4557,1,213,67
4557,2,222,106
4557,3,152,61
4557,4,215,75
4557,5,407,41
4558,1,493,89
4558,2,195,81
4558,3,480,150
4558,4,236,123
4558,5,419,42
4559,1,171,126
4559,2,219,42
4559,3,479,117
4559,4,306,75
4559,5,237,69
4560,1,320,137
4560,2,175,116
4560,3,342,109
4560,4,217,128
4560,5,124,98
4561,1,452,106
4561,2,194,148
4561,3,140,59
4561,4,304,112
4561,5,254,99
4562,1,229,32
4562,2,455,52
4562,3,429,103
4562,4,478,150
4562,5,139,49
4563,1,232,131
4563,2,334,57
4563,3,77,111
4563,4,332,109
4563,5,449,125
4564,1,53,129
4564,2,463,30
4564,3,463,98
4564,4,485,42
4564,5,204,56
4565,1,246,88
4565,2,431,95
4565,3,158,124
4565,4,319,115
4565,5,468,141
4566,1,212,80
4566,2,209,50
4566,3,310,101
4566,4,400,136
4566,5,342,120
4567,1,361,101
4567,2,75,76
4567,3,80,61
4567,4,283,31
4567,5,200,105
4568,1,135,136
4568,2,170,121
4568,3,97,79
4568,4,258,54
4568,5,401,147
4569,1,154,71
4569,2,404,78
4569,3,238,71
4569,4,130,32
4569,5,434,114
4570,1,377,137
4570,2,89,57
4570,3,117,149
4570,4,213,81
4570,5,161,82
4571,1,329,132
4571,2,56,116
4571,3,370,145
4571,4,373,68
4571,5,400,108
4572,1,418,120
4572,2,292,150
4572,3,298,96
4572,4,168,57
4572,5,62,88
4573,1,464,85
4573,2,357,96
4573,3,339,34
4573,4,443,137
4573,5,82,60
4574,1,172,137
4574,2,463,97
4574,3,431,131
4574,4,383,33
4574,5,388,76
4575,1,387,115
4575,2,419,146
4575,3,286,55
4575,4,250,98
4575,5,176,57
4576,1,158,51
4576,2,472,107
4576,3,115,67
4576,4,221,124
4576,5,305,80
4577,1,218,114
4577,2,284,106
4577,3,461,109
4577,4,452,64
4577,5,156,66
4578,1,326,70
4578,2,358,79
4578,3,191,86
4578,4,71,84
4578,5,467,68
4579,1,189,122
4579,2,197,59
4579,3,275,50
4579,4,199,141
4579,5,441,47
4580,1,71,72
4580,2,499,125
4580,3,67,92
4580,4,418,100
4580,5,408,67
4581,1,202,34
4581,2,339,138
4581,3,453,70
4581,4,308,33
4581,5,419,144
4582,1,256,99
4582,2,380,140
4582,3,467,49
4582,4,178,71
4582,5,240,41
4583,1,189,113
4583,2,225,77
4583,3,227,138
4583,4,272,133
4583,5,451,80
4584,1,207,74
4584,2,353,136
4584,3,292,146
4584,4,256,44
4584,5,346,126
4585,1,350,135
4585,2,382,133
4585,3,356,36
4585,4,193,47
4585,5,168,66
4586,1,61,61
4586,2,445,86
4586,3,300,44
4586,4,77,96
4586,5,57,95
4587,1,167,33
4587,2,378,40
4587,3,474,121
4587,4,474,46
4587,5,330,139
4588,1,270,100
4588,2,125,134
4588,3,147,125
4588,4,341,86
4588,5,496,75
4589,1,63,74
4589,2,416,90
4589,3,437,30
4589,4,364,44
4589,5,425,123
4590,1,403,74
4590,2,497,31
4590,3,194,66
4590,4,315,56
4590,5,312,95
4591,1,371,110
4591,2,377,38
4591,3,180,32
4591,4,351,129
4591,5,179,75
4592,1,311,141
4592,2,412,73
4592,3,225,46
4592,4,123,149
4592,5,364,143
4593,1,470,68
4593,2,371,90
4593,3,400,74
4593,4,386,69
4593,5,310,104
4594,1,450,105
4594,2,410,71
4594,3,266,126
4594,4,337,33
4594,5,341,58
4595,1,320,84
4595,2,358,96
4595,3,455,61
4595,4,244,84
4595,5,293,135
4596,1,486,120
4596,2,235,76
4596,3,326,54
4596,4,342,36
4596,5,241,63
4597,1,284,57
4597,2,161,136
4597,3,369,105
4597,4,146,99
4597,5,163,116
4598,1,229,71
4598,2,156,64
4598,3,315,138
4598,4,141,69
4598,5,60,32
4599,1,314,56
4599,2,309,67
4599,3,175,62
4599,4,166,91
4599,5,268,97
4600,1,266,131
4600,2,319,122
4600,3,346,141
4600,4,277,78
4600,5,303,104
4601,1,300,32
4601,2,472,56
4601,3,271,108
4601,4,65,122
4601,5,465,78
4602,1,334,97
4602,2,174,33
4602,3,389,64
4602,4,304,134
4602,5,453,106
4603,1,111,99
4603,2,478,74
4603,3,354,135
4603,4,139,30
4603,5,189,103
4604,1,369,58
4604,2,470,144
4604,3,220,69
4604,4,324,40
4604,5,386,103
4605,1,469,105
4605,2,176,121
4605,3,159,66
4605,4,495,112
4605,5,375,134
4606,1,276,71
4606,2,215,113
4606,3,98,35
4606,4,243,47
4606,5,405,121
4607,1,361,71
4607,2,91,41
4607,3,170,83
4607,4,186,149
4607,5,190,71
4608,1,422,137
4608,2,319,33
4608,3,437,45
4608,4,421,101
4608,5,273,123
4609,1,254,133
4609,2,135,55
4609,3,446,41
4609,4,134,88
4609,5,290,61
4610,1,145,43
4610,2,166,140
4610,3,177,131
4610,4,362,55
4610,5,129,118
4611,1,269,129
4611,2,147,116
4611,3,207,69
4611,4,215,106
4611,5,372,36
4612,1,474,89
4612,2,370,79
4612,3,455,97
4612,4,249,147
4612,5,369,47
4613,1,482,100
4613,2,491,55
4613,3,394,150
4613,4,160,44
4613,5,485,105
4614,1,448,93
4614,2,168,72
4614,3,199,39
4614,4,89,144
4614,5,320,74
4615,1,271,96
4615,2,370,35
4615,3,262,93
4615,4,160,83
4615,5,393,100
4616,1,271,57
4616,2,485,72
4616,3,308,110
4616,4,131,52
4616,5,344,134
4617,1,158,78
4617,2,397,117
4617,3,493,124
4617,4,177,44
4617,5,275,142
4618,1,202,117
4618,2,168,32
4618,3,417,48
4618,4,278,119
4618,5,116,127
4619,1,252,51
4619,2,124,98
4619,3,111,40
4619,4,405,115
4619,5,209,65
4620,1,121,54
4620,2,85,65
4620,3,367,63
4620,4,296,46
4620,5,144,130
4621,1,440,69
4621,2,179,113
4621,3,335,148
4621,4,82,126
4621,5,249,109
4622,1,115,55
4622,2,257,139
4622,3,217,96
4622,4,77,97
4622,5,360,44
4623,1,265,119
4623,2,161,116
4623,3,358,131
4623,4,98,33
4623,5,223,124
4624,1,146,137
4624,2,412,51
4624,3,201,83
4624,4,214,53
4624,5,385,146
4625,1,337,35
4625,2,285,113
4625,3,142,105
4625,4,130,57
4625,5,367,78
4626,1,432,141
4626,2,497,116
4626,3,416,40
4626,4,287,38
4626,5,192,87
4627,1,264,106
4627,2,62,119
4627,3,351,66
4627,4,242,76
4627,5,438,86
4628,1,300,106
4628,2,239,120
4628,3,414,96
4628,4,113,112
4628,5,82,142
4629,1,52,143
4629,2,269,130
4629,3,206,82
4629,4,455,90
4629,5,377,105
4630,1,71,60
4630,2,480,65
4630,3,194,80
4630,4,87,121
4630,5,301,92
4631,1,467,132
4631,2,348,119
4631,3,493,114
4631,4,421,50
4631,5,345,110
4632,1,361,58
4632,2,270,108
4632,3,247,146
4632,4,459,77
4632,5,188,60
4633,1,452,113
4633,2,474,83
4633,3,375,94
4633,4,336,140
4633,5,327,72
4634,1,111,74
4634,2,118,96
4634,3,466,113
4634,4,396,148
4634,5,356,46
4635,1,292,70
4635,2,486,53
4635,3,482,86
4635,4,328,82
4635,5,306,139
4636,1,254,36
4636,2,439,68
4636,3,479,56
4636,4,62,133
4636,5,271,110
4637,1,131,30
4637,2,237,59
4637,3,172,108
4637,4,96,53
4637,5,451,46
4638,1,59,129
4638,2,52,127
4638,3,405,93
4638,4,488,122
4638,5,247,141
4639,1,295,116
4639,2,301,70
4639,3,285,32
4639,4,450,120
4639,5,488,62
4640,1,252,31
4640,2,132,66
4640,3,356,76
4640,4,435,104
4640,5,217,69
4641,1,379,79
4641,2,392,35
4641,3,461,39
4641,4,450,97
4641,5,277,110
4642,1,146,91
4642,2,88,128
4642,3,292,68
4642,4,83,116
4642,5,360,91
4643,1,305,40
4643,2,361,120
4643,3,74,86
4643,4,102,138
4643,5,225,62
4644,1,466,115
4644,2,269,39
4644,3,334,98
4644,4,300,47
4644,5,304,86
4645,1,195,61
4645,2,100,38
4645,3,259,133
4645,4,448,34
4645,5,153,98
4646,1,272,38
4646,2,277,125
4646,3,256,73
4646,4,434,81
4646,5,466,123
4647,1,149,119
4647,2,231,58
4647,3,184,85
4647,4,467,68
4647,5,329,58
4648,1,500,114
4648,2,374,69
4648,3,362,74
4648,4,418,119
4648,5,130,100
4649,1,201,89
4649,2,322,105
4649,3,476,110
4649,4,244,117
4649,5,215,42
4650,1,238,115
4650,2,424,118
4650,3,292,104
4650,4,432,50
4650,5,383,65
4651,1,285,75
4651,2,71,66
4651,3,226,82
4651,4,81,122
4651,5,492,30
4652,1,229,94
4652,2,222,110
4652,3,189,54
4652,4,135,69
4652,5,178,54
4653,1,128,82
4653,2,464,48
4653,3,159,122
4653,4,265,61
4653,5,165,146
4654,1,250,75
4654,2,468,131
4654,3,184,141
4654,4,205,104
4654,5,302,101
4655,1,343,32
4655,2,272,135
4655,3,484,121
4655,4,72,31
4655,5,175,82
4656,1,219,121
4656,2,304,91
4656,3,432,58
4656,4,418,55
4656,5,66,31
4657,1,106,48
4657,2,381,39
4657,3,305,122
4657,4,475,96
4657,5,61,34
4658,1,242,132
4658,2,397,35
4658,3,268,125
4658,4,231,68
4658,5,190,58
4659,1,442,132
4659,2,173,139
4659,3,471,31
4659,4,146,114
4659,5,286,93
4660,1,90,138
4660,2,100,31
4660,3,60,60
4660,4,348,96
4660,5,301,143
4661,1,400,140
4661,2,257,116
4661,3,315,88
4661,4,115,78
4661,5,117,127
4662,1,100,94
4662,2,290,73
4662,3,195,106
4662,4,133,57
4662,5,295,146
4663,1,387,94
4663,2,314,36
4663,3,463,140
4663,4,226,67
4663,5,464,115
4664,1,259,116
4664,2,228,65
4664,3,239,60
4664,4,375,128
4664,5,471,90
4665,1,180,111
4665,2,232,84
4665,3,386,143
4665,4,248,32
4665,5,179,89
4666,1,156,104
4666,2,280,116
4666,3,387,96
4666,4,108,84
4666,5,135,43
4667,1,480,150
4667,2,228,116
4667,3,324,104
4667,4,148,140
4667,5,110,39
4668,1,362,135
4668,2,52,60
4668,3,140,92
4668,4,324,106
4668,5,417,61
4669,1,457,123
4669,2,189,60
4669,3,210,96
4669,4,294,68
4669,5,465,51
4670,1,331,84
4670,2,263,106
4670,3,218,63
4670,4,134,122
4670,5,229,100
4671,1,460,77
4671,2,311,130
4671,3,424,83
4671,4,500,45
4671,5,70,70
4672,1,260,120
4672,2,223,149
4672,3,113,40
4672,4,332,54
4672,5,105,54
4673,1,364,128
4673,2,188,42
4673,3,448,36
4673,4,168,58
4673,5,309,37
4674,1,102,75
4674,2,120,114
4674,3,403,108
4674,4,203,132
4674,5,471,69
4675,1,391,81
4675,2,283,94
4675,3,286,45
4675,4,309,86
4675,5,137,103
4676,1,316,127
4676,2,499,115
4676,3,166,83
4676,4,217,44
4676,5,418,148
4677,1,149,72
4677,2,260,128
4677,3,73,121
4677,4,261,42
4677,5,413,123
4678,1,276,77
4678,2,415,54
4678,3,476,38
4678,4,286,109
4678,5,478,58
4679,1,170,64
4679,2,449,39
4679,3,289,129
4679,4,51,42
4679,5,123,140
4680,1,70,58
4680,2,132,86
4680,3,371,131
4680,4,294,125
4680,5,69,117
4681,1,291,75
4681,2,271,117
4681,3,421,56
4681,4,202,132
4681,5,421,52
4682,1,391,95
4682,2,138,61
4682,3,420,95
4682,4,318,144
4682,5,455,41
4683,1,204,72
4683,2,359,133
4683,3,448,106
4683,4,417,128
4683,5,119,74
4684,1,248,63
4684,2,180,50
4684,3,243,100
4684,4,70,86
4684,5,377,38
4685,1,455,122
4685,2,343,56
4685,3,493,66
4685,4,345,137
4685,5,95,80
4686,1,500,150
4686,2,201,147
4686,3,436,106
4686,4,487,77
4686,5,224,110
4687,1,52,45
4687,2,363,72
4687,3,266,143
4687,4,219,128
4687,5,122,137
4688,1,293,66
4688,2,150,124
4688,3,240,44
4688,4,218,144
4688,5,87,64
4689,1,312,58
4689,2,190,52
4689,3,245,123
4689,4,286,79
4689,5,177,148
4690,1,329,141
4690,2,334,78
4690,3,134,137
4690,4,267,113
4690,5,143,79
4691,1,61,118
4691,2,194,81
4691,3,399,74
4691,4,260,98
4691,5,492,146
4692,1,434,142
4692,2,392,147
4692,3,192,139
4692,4,296,83
4692,5,462,83
4693,1,465,114
4693,2,178,136
4693,3,421,107
4693,4,419,93
4693,5,183,40
4694,1,399,34
4694,2,366,85
4694,3,206,127
4694,4,384,88
4694,5,276,120
4695,1,328,79
4695,2,197,46
4695,3,71,131
4695,4,179,115
4695,5,235,109
4696,1,346,150
4696,2,144,91
4696,3,219,41
4696,4,232,59
4696,5,247,102
4697,1,476,127
4697,2,406,80
4697,3,464,142
4697,4,364,112
4697,5,299,109
4698,1,362,136
4698,2,180,30
4698,3,434,74
4698,4,364,70
4698,5,70,76
4699,1,309,64
4699,2,284,102
4699,3,390,83
4699,4,332,130
4699,5,381,124
4700,1,340,52
4700,2,207,45
4700,3,302,133
4700,4,304,113
4700,5,239,149
4701,1,272,81
4701,2,133,69
4701,3,465,95
4701,4,471,139
4701,5,462,32
4702,1,172,59
4702,2,425,134
4702,3,175,112
4702,4,383,106
4702,5,79,54
4703,1,57,66
4703,2,213,137
4703,3,171,31
4703,4,168,136
4703,5,255,137
4704,1,376,122
4704,2,155,31
4704,3,290,48
4704,4,223,123
4704,5,401,131
4705,1,254,110
4705,2,353,93
4705,3,298,136
4705,4,115,38
4705,5,371,142
4706,1,262,37
4706,2,132,52
4706,3,484,96
4706,4,229,124
4706,5,121,84
4707,1,86,56
4707,2,415,42
4707,3,334,38
4707,4,127,120
4707,5,312,55
4708,1,158,130
4708,2,74,93
4708,3,428,144
4708,4,139,99
4708,5,219,129
4709,1,470,69
4709,2,402,88
4709,3,478,101
4709,4,304,43
4709,5,170,140
4710,1,249,82
4710,2,68,106
4710,3,123,146
4710,4,498,52
4710,5,404,117
4711,1,394,33
4711,2,103,128
4711,3,126,87
4711,4,83,139
4711,5,319,97
4712,1,418,68
4712,2,488,139
4712,3,66,126
4712,4,281,32
4712,5,156,87
4713,1,430,59
4713,2,276,38
4713,3,491,132
4713,4,104,94
4713,5,69,98
4714,1,234,128
4714,2,252,147
4714,3,459,78
4714,4,271,61
4714,5,303,75
4715,1,320,124
4715,2,255,110
4715,3,451,101
4715,4,287,93
4715,5,134,51
4716,1,305,140
4716,2,283,105
4716,3,496,136
4716,4,259,130
4716,5,445,63
4717,1,405,30
4717,2,435,138
4717,3,331,61
4717,4,462,111
4717,5,336,123
4718,1,344,89
4718,2,459,77
4718,3,227,145
4718,4,471,36
4718,5,231,62
4719,1,259,115
4719,2,471,83
4719,3,498,102
4719,4,441,130
4719,5,56,143
4720,1,87,99
4720,2,461,131
4720,3,122,62
4720,4,307,85
4720,5,305,150
4721,1,126,88
4721,2,437,117
4721,3,383,45
4721,4,78,120
4721,5,423,96
4722,1,227,133
4722,2,260,115
4722,3,395,76
4722,4,201,113
4722,5,406,137
4723,1,124,121
4723,2,137,100
4723,3,425,124
4723,4,75,95
4723,5,357,44
4724,1,140,68
4724,2,360,116
4724,3,229,39
4724,4,460,73
4724,5,430,105
4725,1,161,123
4725,2,248,108
4725,3,199,33
4725,4,165,90
4725,5,464,87
4726,1,423,46
4726,2,205,80
4726,3,226,144
4726,4,296,62
4726,5,152,71
4727,1,205,137
4727,2,142,106
4727,3,136,106
4727,4,374,130
4727,5,194,98
4728,1,300,51
4728,2,432,119
4728,3,370,39
4728,4,266,39
4728,5,332,75
4729,1,494,40
4729,2,181,103
4729,3,367,147
4729,4,392,144
4729,5,302,111
4730,1,81,32
4730,2,355,112
4730,3,62,108
4730,4,393,143
4730,5,77,91
4731,1,417,135
4731,2,303,101
4731,3,105,55
4731,4,106,81
4731,5,333,119
4732,1,358,126
4732,2,62,32
4732,3,59,101
4732,4,393,69
4732,5,468,45
4733,1,108,41
4733,2,357,88
4733,3,238,65
4733,4,298,143
4733,5,461,94
4734,1,484,140
4734,2,156,57
4734,3,280,58
4734,4,310,77
4734,5,491,143
4735,1,310,98
4735,2,249,123
4735,3,82,43
4735,4,322,117
4735,5,258,134
4736,1,429,102
4736,2,300,117
4736,3,215,131
4736,4,237,41
4736,5,110,80
4737,1,261,88
4737,2,93,100
4737,3,96,121
4737,4,241,30
4737,5,202,116
4738,1,402,30
4738,2,227,140
4738,3,231,116
4738,4,438,63
4738,5,219,31
4739,1,148,56
4739,2,476,41
4739,3,237,31
4739,4,482,114
4739,5,190,102
4740,1,88,127
4740,2,242,46
4740,3,231,88
4740,4,141,93
4740,5,150,61
4741,1,66,117
4741,2,219,143
4741,3,391,75
4741,4,409,36
4741,5,331,75
4742,1,489,142
4742,2,140,88
4742,3,206,120
4742,4,480,141
4742,5,244,145
4743,1,168,142
4743,2,261,120
4743,3,199,112
4743,4,251,106
4743,5,324,82
4744,1,253,73
4744,2,487,40
4744,3,336,57
4744,4,399,86
4744,5,495,87
4745,1,322,94
4745,2,149,133
4745,3,230,116
4745,4,158,32
4745,5,299,104
4746,1,55,36
4746,2,210,83
4746,3,341,104
4746,4,161,34
4746,5,448,46
4747,1,224,110
4747,2,50,89
4747,3,122,91
4747,4,234,30
4747,5,271,121
4748,1,351,150
4748,2,124,132
4748,3,244,102
4748,4,145,89
4748,5,431,136
4749,1,407,63
4749,2,496,60
4749,3,445,45
4749,4,62,71
4749,5,179,71
4750,1,89,111
4750,2,216,49
4750,3,262,96
4750,4,428,91
4750,5,179,119
4751,1,78,54
4751,2,126,66
4751,3,424,50
4751,4,97,69
4751,5,216,73
4752,1,348,134
4752,2,107,73
4752,3,398,30
4752,4,250,30
4752,5,176,105
4753,1,408,76
4753,2,329,131
4753,3,315,114
4753,4,408,31
4753,5,256,56
4754,1,469,61
4754,2,165,40
4754,3,333,104
4754,4,125,131
4754,5,445,114
4755,1,213,116
4755,2,254,104
4755,3,399,66
4755,4,206,75
4755,5,412,79
4756,1,380,126
4756,2,175,106
4756,3,71,35
4756,4,235,53
4756,5,412,73
4757,1,194,74
4757,2,334,58
4757,3,159,108
4757,4,329,138
4757,5,176,96
4758,1,467,82
4758,2,345,128
4758,3,257,56
4758,4,408,144
4758,5,255,96
4759,1,154,121
4759,2,357,113
4759,3,212,112
4759,4,325,56
4759,5,424,34
4760,1,341,71
4760,2,438,115
4760,3,74,81
4760,4,242,87
4760,5,370,39
4761,1,449,63
4761,2,369,36
4761,3,225,40
4761,4,235,69
4761,5,286,126
4762,1,407,64
4762,2,160,55
4762,3,228,47
4762,4,179,74
4762,5,334,52
4763,1,405,52
4763,2,231,125
4763,3,263,104
4763,4,411,147
4763,5,372,87
4764,1,156,42
4764,2,418,46
4764,3,210,109
4764,4,128,119
4764,5,91,128
4765,1,465,127
4765,2,291,129
4765,3,307,62
4765,4,429,108
4765,5,355,150
4766,1,316,58
4766,2,467,34
4766,3,64,150
4766,4,227,67
4766,5,487,135
4767,1,135,62
4767,2,476,106
4767,3,112,110
4767,4,284,81
4767,5,176,90
4768,1,448,101
4768,2,448,73
4768,3,326,131
4768,4,128,76
4768,5,104,129
4769,1,354,140
4769,2,231,43
4769,3,464,96
4769,4,268,71
4769,5,114,145
4770,1,361,83
4770,2,343,71
4770,3,127,46
4770,4,268,103
4770,5,154,89
4771,1,344,78
4771,2,214,38
4771,3,405,54
4771,4,260,49
4771,5,63,72
4772,1,155,131
4772,2,166,82
4772,3,414,32
4772,4,392,129
4772,5,248,86
4773,1,120,122
4773,2,422,123
4773,3,391,44
4773,4,371,145
4773,5,479,118
4774,1,96,84
4774,2,289,104
4774,3,269,141
4774,4,297,39
4774,5,491,81
4775,1,91,112
4775,2,258,109
4775,3,232,49
4775,4,81,30
4775,5,217,142
4776,1,421,145
4776,2,258,88
4776,3,367,82
4776,4,60,32
4776,5,130,53
4777,1,251,45
4777,2,258,115
4777,3,227,88
4777,4,76,30
4777,5,409,150
4778,1,438,56
4778,2,151,103
4778,3,93,99
4778,4,462,98
4778,5,314,112
4779,1,54,108
4779,2,342,119
4779,3,422,65
4779,4,407,79
4779,5,222,89
4780,1,66,72
4780,2,256,132
4780,3,237,91
4780,4,398,86
4780,5,366,110
4781,1,328,113
4781,2,324,135
4781,3,333,129
4781,4,63,106
4781,5,412,104
4782,1,454,134
4782,2,124,79
4782,3,171,59
4782,4,453,38
4782,5,261,78
4783,1,136,33
4783,2,229,131
4783,3,336,60
4783,4,263,126
4783,5,357,40
4784,1,264,61
4784,2,428,121
4784,3,280,63
4784,4,171,84
4784,5,222,82
4785,1,241,70
4785,2,334,31
4785,3,135,118
4785,4,212,83
4785,5,490,43
4786,1,489,142
4786,2,355,71
4786,3,383,94
4786,4,335,61
4786,5,346,47
4787,1,387,78
4787,2,429,149
4787,3,144,92
4787,4,364,123
4787,5,91,138
4788,1,141,90
4788,2,217,48
4788,3,204,89
4788,4,348,87
4788,5,288,137
4789,1,379,89
4789,2,177,35
4789,3,125,117
4789,4,55,138
4789,5,486,37
4790,1,295,99
4790,2,103,111
4790,3,155,32
4790,4,269,64
4790,5,439,124
4791,1,380,31
4791,2,241,67
4791,3,293,148
4791,4,172,94
4791,5,177,66
4792,1,168,51
4792,2,255,30
4792,3,431,45
4792,4,278,132
4792,5,111,87
4793,1,266,145
4793,2,199,125
4793,3,95,49
4793,4,267,69
4793,5,339,113
4794,1,393,134
4794,2,125,105
4794,3,340,130
4794,4,337,59
4794,5,491,134
4795,1,301,83
4795,2,321,44
4795,3,293,131
4795,4,459,31
4795,5,374,42
4796,1,347,56
4796,2,178,39
4796,3,458,96
4796,4,254,50
4796,5,132,117
4797,1,193,86
4797,2,188,82
4797,3,498,106
4797,4,456,126
4797,5,331,51
4798,1,248,130
4798,2,153,75
4798,3,58,51
4798,4,258,108
4798,5,284,55
4799,1,297,130
4799,2,262,46
4799,3,124,147
4799,4,413,112
4799,5,66,106
4800,1,363,148
4800,2,382,72
4800,3,435,109
4800,4,213,110
4800,5,149,37
4801,1,329,69
4801,2,57,95
4801,3,96,37
4801,4,87,45
4801,5,89,110
4802,1,234,144
4802,2,176,90
4802,3,297,31
4802,4,475,81
4802,5,329,95
4803,1,287,54
4803,2,171,149
4803,3,283,62
4803,4,285,91
4803,5,454,144
4804,1,398,65
4804,2,478,93
4804,3,205,57
4804,4,226,33
4804,5,194,68
4805,1,201,41
4805,2,370,91
4805,3,456,32
4805,4,332,57
4805,5,491,131
4806,1,89,30
4806,2,245,47
4806,3,367,85
4806,4,255,143
4806,5,149,137
4807,1,198,39
4807,2,57,51
4807,3,184,32
4807,4,242,67
4807,5,75,77
4808,1,85,92
4808,2,318,147
4808,3,69,128
4808,4,298,87
4808,5,452,146
4809,1,67,83
4809,2,395,53
4809,3,340,82
4809,4,375,117
4809,5,212,141
4810,1,74,118
4810,2,87,44
4810,3,252,92
4810,4,223,71
4810,5,177,79
4811,1,172,114
4811,2,492,142
4811,3,260,57
4811,4,235,119
4811,5,201,92
4812,1,496,71
4812,2,121,45
4812,3,498,148
4812,4,62,95
4812,5,317,136
4813,1,112,90
4813,2,162,136
4813,3,391,142
4813,4,422,87
4813,5,89,53
4814,1,309,118
4814,2,351,134
4814,3,83,131
4814,4,177,75
4814,5,165,67
4815,1,161,46
4815,2,335,101
4815,3,276,117
4815,4,133,76
4815,5,53,87
4816,1,479,44
4816,2,328,145
4816,3,162,41
4816,4,76,116
4816,5,68,147
4817,1,489,36
4817,2,324,41
4817,3,363,136
4817,4,390,77
4817,5,176,133
4818,1,308,86
4818,2,218,130
4818,3,328,45
4818,4,116,106
4818,5,455,119
4819,1,363,104
4819,2,385,128
4819,3,173,115
4819,4,458,129
4819,5,163,108
4820,1,194,66
4820,2,268,51
4820,3,231,114
4820,4,165,145
4820,5,241,33
4821,1,385,59
4821,2,420,110
4821,3,370,71
4821,4,67,78
4821,5,239,58
4822,1,441,128
4822,2,95,57
4822,3,135,64
4822,4,274,39
4822,5,132,73
4823,1,451,98
4823,2,220,126
4823,3,64,87
4823,4,312,131
4823,5,301,71
4824,1,180,139
4824,2,455,133
4824,3,93,109
4824,4,484,59
4824,5,173,38
4825,1,371,82
4825,2,392,79
4825,3,140,111
4825,4,358,126
4825,5,157,108
4826,1,209,126
4826,2,104,39
4826,3,274,114
4826,4,339,42
4826,5,57,31
4827,1,177,147
4827,2,165,87
4827,3,187,149
4827,4,274,52
4827,5,357,87
4828,1,221,77
4828,2,252,56
4828,3,71,145
4828,4,273,103
4828,5,281,54
4829,1,434,87
4829,2,131,108
4829,3,256,85
4829,4,219,49
4829,5,279,42
4830,1,402,106
4830,2,266,56
4830,3,148,135
4830,4,235,34
4830,5,161,141
4831,1,499,125
4831,2,461,124
4831,3,455,113
4831,4,489,136
4831,5,162,99
4832,1,391,100
4832,2,200,126
4832,3,330,92
4832,4,466,32
4832,5,290,86
4833,1,244,76
4833,2,112,114
4833,3,372,139
4833,4,117,105
4833,5,89,81
4834,1,429,129
4834,2,424,129
4834,3,268,126
4834,4,354,55
4834,5,231,139
4835,1,462,115
4835,2,212,106
4835,3,111,87
4835,4,487,95
4835,5,275,127
4836,1,304,109
4836,2,463,103
4836,3,343,101
4836,4,232,69
4836,5,485,136
4837,1,378,110
4837,2,307,129
4837,3,403,42
4837,4,94,97
4837,5,262,122
4838,1,73,62
4838,2,69,92
4838,3,391,30
4838,4,499,31
4838,5,432,61
4839,1,330,39
4839,2,211,118
4839,3,225,115
4839,4,280,57
4839,5,431,122
4840,1,328,37
4840,2,486,109
4840,3,356,117
4840,4,162,148
4840,5,474,137
4841,1,198,84
4841,2,215,60
4841,3,399,60
4841,4,101,148
4841,5,61,149
4842,1,141,41
4842,2,179,114
4842,3,225,98
4842,4,371,31
4842,5,153,106
4843,1,165,117
4843,2,355,133
4843,3,389,146
4843,4,433,133
4843,5,377,77
4844,1,151,41
4844,2,183,110
4844,3,470,145
4844,4,51,49
4844,5,381,97
4845,1,192,147
4845,2,329,111
4845,3,281,94
4845,4,179,135
4845,5,479,56
4846,1,116,37
4846,2,294,31
4846,3,406,46
4846,4,322,116
4846,5,245,101
4847,1,265,143
4847,2,248,146
4847,3,69,63
4847,4,273,72
4847,5,269,63
4848,1,166,106
4848,2,450,69
4848,3,465,119
4848,4,203,141
4848,5,215,41
4849,1,74,82
4849,2,482,77
4849,3,142,139
4849,4,411,114
4849,5,332,30
4850,1,289,140
4850,2,451,133
4850,3,456,78
4850,4,490,118
4850,5,488,34
4851,1,176,52
4851,2,498,44
4851,3,467,107
4851,4,341,44
4851,5,424,38
4852,1,242,149
4852,2,343,50
4852,3,98,142
4852,4,448,40
4852,5,457,86
4853,1,124,37
4853,2,150,109
4853,3,468,84
4853,4,455,130
4853,5,136,103
4854,1,60,74
4854,2,94,136
4854,3,200,108
4854,4,272,64
4854,5,454,37
4855,1,51,41
4855,2,460,142
4855,3,298,130
4855,4,336,53
4855,5,73,115
4856,1,441,95
4856,2,80,120
4856,3,338,38
4856,4,363,50
4856,5,203,114
4857,1,96,34
4857,2,212,80
4857,3,313,141
4857,4,324,88
4857,5,412,50
4858,1,475,34
4858,2,350,111
4858,3,351,65
4858,4,268,108
4858,5,214,65
4859,1,254,47
4859,2,65,138
4859,3,467,87
4859,4,358,46
4859,5,493,55
4860,1,213,133
4860,2,244,55
4860,3,205,45
4860,4,139,132
4860,5,223,142
4861,1,401,78
4861,2,490,69
4861,3,353,101
4861,4,117,53
4861,5,414,61
4862,1,198,51
4862,2,339,89
4862,3,405,42
4862,4,481,122
4862,5,298,102
4863,1,435,108
4863,2,349,131
4863,3,67,67
4863,4,235,56
4863,5,80,99
4864,1,165,142
4864,2,439,144
4864,3,388,91
4864,4,321,79
4864,5,319,74
4865,1,132,134
4865,2,96,62
4865,3,124,69
4865,4,313,53
4865,5,478,131
4866,1,135,88
4866,2,259,59
4866,3,376,97
4866,4,379,124
4866,5,212,121
4867,1,297,106
4867,2,466,32
4867,3,414,48
4867,4,119,48
4867,5,223,98
4868,1,316,70
4868,2,68,95
4868,3,370,74
4868,4,320,65
4868,5,94,103
4869,1,318,144
4869,2,454,79
4869,3,397,45
4869,4,239,87
4869,5,336,116
4870,1,478,61
4870,2,196,89
4870,3,213,65
4870,4,361,121
4870,5,78,129
4871,1,227,52
4871,2,142,46
4871,3,437,108
4871,4,380,72
4871,5,187,83
4872,1,302,147
4872,2,460,100
4872,3,112,124
4872,4,465,49
4872,5,231,91
4873,1,187,135
4873,2,277,106
4873,3,459,92
4873,4,480,58
4873,5,160,47
4874,1,354,115
4874,2,204,51
4874,3,54,135
4874,4,150,64
4874,5,243,122
4875,1,88,106
4875,2,107,143
4875,3,150,48
4875,4,433,40
4875,5,164,98
4876,1,462,88
4876,2,260,122
4876,3,339,138
4876,4,254,140
4876,5,148,147
4877,1,380,38
4877,2,302,128
4877,3,263,131
4877,4,493,82
4877,5,368,118
4878,1,118,122
4878,2,497,118
4878,3,321,51
4878,4,428,72
4878,5,166,126
4879,1,321,145
4879,2,245,31
4879,3,130,55
4879,4,99,108
4879,5,197,133
4880,1,142,137
4880,2,260,47
4880,3,301,138
4880,4,259,60
4880,5,458,122
4881,1,84,107
4881,2,113,99
4881,3,328,131
4881,4,457,43
4881,5,173,32
4882,1,173,83
4882,2,205,88
4882,3,149,32
4882,4,167,49
4882,5,447,97
4883,1,493,46
4883,2,331,102
4883,3,162,44
4883,4,156,36
4883,5,203,90
4884,1,281,120
4884,2,102,81
4884,3,129,57
4884,4,322,103
4884,5,50,129
4885,1,260,142
4885,2,480,92
4885,3,294,70
4885,4,456,90
4885,5,413,74
4886,1,394,64
4886,2,56,106
4886,3,57,76
4886,4,340,66
4886,5,54,98
4887,1,308,142
4887,2,237,103
4887,3,441,108
4887,4,229,89
4887,5,176,128
4888,1,124,138
4888,2,67,56
4888,3,172,35
4888,4,71,54
4888,5,186,77
4889,1,192,75
4889,2,322,76
4889,3,324,41
4889,4,271,35
4889,5,459,141
4890,1,447,150
4890,2,194,124
4890,3,193,96
4890,4,54,108
4890,5,222,85
4891,1,290,102
4891,2,199,124
4891,3,312,37
4891,4,468,133
4891,5,382,143
4892,1,83,42
4892,2,422,89
4892,3,462,74
4892,4,108,41
4892,5,241,124
4893,1,272,147
4893,2,234,37
4893,3,111,69
4893,4,330,67
4893,5,254,56
4894,1,475,73
4894,2,350,104
4894,3,305,140
4894,4,230,99
4894,5,277,132
4895,1,76,142
4895,2,422,64
4895,3,331,112
4895,4,415,72
4895,5,500,63
4896,1,286,75
4896,2,499,142
4896,3,223,86
4896,4,328,51
4896,5,413,47
4897,1,229,122
4897,2,133,66
4897,3,290,128
4897,4,378,105
4897,5,63,131
4898,1,357,44
4898,2,401,139
4898,3,416,149
4898,4,284,123
4898,5,454,65
4899,1,186,87
4899,2,194,51
4899,3,145,116
4899,4,56,42
4899,5,179,137
4900,1,405,114
4900,2,400,65
4900,3,131,67
4900,4,181,131
4900,5,115,130
4901,1,85,101
4901,2,422,74
4901,3,475,37
4901,4,339,105
4901,5,239,68
4902,1,325,107
4902,2,311,114
4902,3,214,69
4902,4,330,36
4902,5,218,109
4903,1,436,34
4903,2,371,52
4903,3,184,33
4903,4,150,82
4903,5,349,99
4904,1,446,60
4904,2,342,105
4904,3,251,128
4904,4,220,96
4904,5,150,38
4905,1,297,60
4905,2,463,41
4905,3,331,114
4905,4,217,143
4905,5,477,96
4906,1,387,124
4906,2,400,50
4906,3,402,93
4906,4,244,85
4906,5,208,81
4907,1,274,63
4907,2,232,32
4907,3,297,118
4907,4,270,68
4907,5,455,32
4908,1,442,98
4908,2,354,89
4908,3,459,126
4908,4,349,127
4908,5,447,90
4909,1,332,138
4909,2,307,148
4909,3,136,75
4909,4,237,57
4909,5,451,71
4910,1,194,117
4910,2,250,124
4910,3,65,40
4910,4,187,49
4910,5,262,150
4911,1,238,72
4911,2,84,133
4911,3,73,30
4911,4,295,96
4911,5,392,65
4912,1,423,62
4912,2,100,109
4912,3,124,80
4912,4,339,93
4912,5,292,90
4913,1,265,99
4913,2,470,113
4913,3,478,58
4913,4,108,79
4913,5,333,130
4914,1,234,123
4914,2,189,30
4914,3,199,31
4914,4,134,132
4914,5,457,109
4915,1,216,60
4915,2,444,128
4915,3,384,138
4915,4,252,127
4915,5,153,128
4916,1,119,101
4916,2,381,148
4916,3,93,67
4916,4,386,82
4916,5,260,58
4917,1,208,144
4917,2,84,148
4917,3,450,49
4917,4,406,131
4917,5,195,145
4918,1,222,129
4918,2,348,146
4918,3,292,75
4918,4,239,147
4918,5,451,52
4919,1,390,148
4919,2,353,145
4919,3,470,81
4919,4,432,131
4919,5,146,70
4920,1,228,129
4920,2,460,60
4920,3,308,39
4920,4,177,118
4920,5,370,80
4921,1,296,133
4921,2,428,95
4921,3,272,111
4921,4,319,68
4921,5,64,42
4922,1,204,53
4922,2,380,92
4922,3,81,32
4922,4,256,53
4922,5,126,101
4923,1,229,114
4923,2,195,77
4923,3,290,76
4923,4,175,118
4923,5,465,128
4924,1,167,34
4924,2,346,44
4924,3,222,131
4924,4,394,82
4924,5,57,111
4925,1,287,46
4925,2,432,79
4925,3,172,81
4925,4,474,39
4925,5,247,43
4926,1,138,74
4926,2,326,84
4926,3,129,47
4926,4,155,87
4926,5,108,95
4927,1,253,44
4927,2,84,72
4927,3,195,141
4927,4,485,84
4927,5,174,77
4928,1,144,78
4928,2,270,65
4928,3,341,65
4928,4,198,126
4928,5,228,43
4929,1,118,122
4929,2,468,71
4929,3,500,65
4929,4,371,36
4929,5,451,61
4930,1,328,37
4930,2,345,60
4930,3,483,147
4930,4,51,135
4930,5,239,150
4931,1,272,100
4931,2,177,93
4931,3,94,40
4931,4,444,30
4931,5,113,37
4932,1,430,72
4932,2,279,43
4932,3,373,89
4932,4,417,116
4932,5,202,77
4933,1,276,46
4933,2,348,64
4933,3,106,73
4933,4,349,96
4933,5,52,65
4934,1,142,113
4934,2,461,109
4934,3,125,79
4934,4,242,139
4934,5,182,121
4935,1,432,120
4935,2,152,108
4935,3,53,96
4935,4,484,59
4935,5,497,94
4936,1,488,86
4936,2,143,93
4936,3,99,38
4936,4,485,55
4936,5,389,133
4937,1,402,106
4937,2,189,144
4937,3,305,86
4937,4,209,105
4937,5,444,36
4938,1,445,90
4938,2,133,142
4938,3,289,95
4938,4,106,77
4938,5,174,80
4939,1,408,112
4939,2,333,64
4939,3,424,94
4939,4,488,66
4939,5,445,110
4940,1,322,64
4940,2,362,74
4940,3,319,148
4940,4,438,125
4940,5,370,144
4941,1,358,46
4941,2,98,128
4941,3,416,55
4941,4,114,139
4941,5,388,139
4942,1,170,136
4942,2,258,100
4942,3,429,141
4942,4,89,40
4942,5,307,117
4943,1,328,140
4943,2,461,105
4943,3,270,119
4943,4,101,80
4943,5,345,119
4944,1,319,55
4944,2,334,118
4944,3,56,52
4944,4,377,97
4944,5,232,102
4945,1,489,86
4945,2,102,80
4945,3,124,146
4945,4,300,126
4945,5,258,65
4946,1,246,44
4946,2,253,124
4946,3,466,85
4946,4,267,47
4946,5,250,53
4947,1,379,39
4947,2,460,32
4947,3,184,107
4947,4,92,85
4947,5,222,36
4948,1,77,107
4948,2,241,150
4948,3,271,132
4948,4,279,69
4948,5,380,43
4949,1,154,109
4949,2,118,148
4949,3,324,99
4949,4,480,86
4949,5,216,47
4950,1,90,69
4950,2,361,120
4950,3,169,72
4950,4,355,61
4950,5,462,102
4951,1,446,124
4951,2,491,67
4951,3,96,130
4951,4,321,136
4951,5,250,82
4952,1,455,115
4952,2,432,119
4952,3,209,60
4952,4,131,48
4952,5,458,68
4953,1,195,44
4953,2,148,89
4953,3,421,70
4953,4,284,84
4953,5,393,71
4954,1,137,78
4954,2,310,130
4954,3,490,112
4954,4,300,31
4954,5,120,30
4955,1,285,130
4955,2,236,38
4955,3,467,61
4955,4,441,101
4955,5,263,39
4956,1,497,57
4956,2,473,139
4956,3,324,61
4956,4,214,43
4956,5,276,144
4957,1,311,97
4957,2,213,107
4957,3,217,136
4957,4,92,48
4957,5,406,108
4958,1,379,100
4958,2,454,39
4958,3,169,137
4958,4,387,135
4958,5,206,64
4959,1,267,82
4959,2,433,32
4959,3,112,140
4959,4,368,60
4959,5,212,38
4960,1,199,107
4960,2,116,105
4960,3,184,136
4960,4,230,46
4960,5,173,39
4961,1,111,140
4961,2,470,127
4961,3,354,90
4961,4,215,37
4961,5,378,64
4962,1,437,61
4962,2,467,114
4962,3,321,38
4962,4,72,82
4962,5,258,108
4963,1,110,38
4963,2,249,119
4963,3,433,92
4963,4,99,130
4963,5,406,127
4964,1,208,68
4964,2,157,35
4964,3,415,57
4964,4,335,102
4964,5,141,137
4965,1,116,30
4965,2,465,77
4965,3,194,147
4965,4,393,110
4965,5,177,65
4966,1,468,108
4966,2,443,44
4966,3,93,144
4966,4,412,45
4966,5,178,34
4967,1,84,43
4967,2,500,70
4967,3,475,34
4967,4,463,67
4967,5,394,57
4968,1,282,104
4968,2,90,140
4968,3,269,135
4968,4,191,105
4968,5,237,137
4969,1,68,75
4969,2,346,125
4969,3,147,106
4969,4,436,107
4969,5,113,73
4970,1,355,145
4970,2,102,89
4970,3,168,69
4970,4,416,64
4970,5,303,57
4971,1,201,82
4971,2,185,73
4971,3,124,43
4971,4,71,103
4971,5,268,134
4972,1,494,99
4972,2,152,76
4972,3,345,145
4972,4,469,83
4972,5,471,103
4973,1,196,120
4973,2,309,117
4973,3,364,135
4973,4,275,55
4973,5,200,149
4974,1,447,138
4974,2,398,126
4974,3,304,121
4974,4,52,88
4974,5,381,103
4975,1,207,62
4975,2,279,109
4975,3,251,80
4975,4,162,116
4975,5,492,82
4976,1,353,143
4976,2,169,76
4976,3,251,104
4976,4,484,83
4976,5,244,84
4977,1,393,55
4977,2,214,48
4977,3,356,128
4977,4,242,41
4977,5,120,79
4978,1,383,113
4978,2,343,47
4978,3,82,52
4978,4,253,59
4978,5,139,129
4979,1,237,122
4979,2,278,133
4979,3,280,31
4979,4,410,150
4979,5,292,125
4980,1,390,74
4980,2,320,30
4980,3,248,41
4980,4,56,51
4980,5,500,83
4981,1,175,139
4981,2,114,95
4981,3,389,64
4981,4,479,47
4981,5,392,131
4982,1,403,52
4982,2,50,80
4982,3,422,47
4982,4,209,110
4982,5,335,58
4983,1,398,97
4983,2,309,103
4983,3,323,58
4983,4,364,86
4983,5,405,72
4984,1,297,83
4984,2,208,111
4984,3,309,113
4984,4,117,55
4984,5,63,131
4985,1,293,94
4985,2,125,43
4985,3,177,90
4985,4,228,86
4985,5,155,69
4986,1,321,33
4986,2,113,112
4986,3,225,50
4986,4,217,105
4986,5,347,104
4987,1,226,51
4987,2,444,67
4987,3,290,52
4987,4,215,106
4987,5,63,145
4988,1,198,126
4988,2,155,76
4988,3,122,115
4988,4,497,132
4988,5,489,51
4989,1,177,85
4989,2,198,94
4989,3,77,59
4989,4,118,79
4989,5,380,124
4990,1,117,125
4990,2,254,82
4990,3,441,110
4990,4,443,92
4990,5,361,120
4991,1,398,81
4991,2,135,76
4991,3,348,60
4991,4,445,93
4991,5,477,147
4992,1,344,125
4992,2,378,111
4992,3,108,59
4992,4,249,112
4992,5,343,119
4993,1,63,78
4993,2,324,35
4993,3,398,39
4993,4,228,135
4993,5,456,84
4994,1,267,150
4994,2,134,31
4994,3,484,111
4994,4,80,64
4994,5,436,72
4995,1,312,34
4995,2,98,90
4995,3,445,101
4995,4,204,36
4995,5,74,61
4996,1,90,112
4996,2,432,69
4996,3,200,60
4996,4,326,145
4996,5,169,52
4997,1,287,50
4997,2,245,51
4997,3,460,146
4997,4,417,63
4997,5,424,119
4998,1,297,111
4998,2,403,110
4998,3,159,34
4998,4,63,35
4998,5,497,72
4999,1,85,107
4999,2,155,79
4999,3,308,78
4999,4,250,38
4999,5,401,88
5000,1,102,43
5000,2,364,70
5000,3,393,145
5000,4,385,38
5000,5,416,86
