product_id,category,cost_price,selling_price
1,Grocery,147,433
2,Grocery,71,1692
3,Grocery,131,271
4,Electronics,14086,15397
5,Grocery,367,2056
6,Grocery,71,214
7,Home,7520,8598
8,Grocery,78,1297
9,Electronics,10356,11017
10,Fashion,4262,5556
11,Home,4631,6199
12,Fashion,4013,5520
13,Fashion,1560,2219
14,Fashion,4195,5016
15,Fashion,4211,4908
16,Home,5505,6190
17,Electronics,6593,7830
18,Electronics,37811,38823
19,Grocery,85,740
20,Grocery,255,1172
21,Grocery,237,1398
22,Electronics,31764,33580
23,Sports,2775,3994
24,Home,3443,5329
25,Home,4402,5016
26,Sports,2550,4501
27,Sports,4605,6075
28,Fashion,4351,6249
29,Home,6710,6909
30,Grocery,150,1796
31,Grocery,334,870
32,Grocery,359,1528
33,Electronics,37416,39161
34,Fashion,2174,3634
35,Home,5356,5516
36,Fashion,3685,4825
37,Sports,3445,4171
38,Home,4988,6940
39,Fashion,4203,4316
40,Electronics,46718,47117
41,Electronics,6146,6984
42,Electronics,12872,14026
43,Home,6431,7891
44,Sports,4882,6314
45,Grocery,361,1822
46,Sports,4131,6091
47,Electronics,6318,7855
48,Sports,4613,4815
49,Fashion,4236,5581
50,Electronics,31758,31915
51,Sports,4649,5589
52,Electronics,29083,30297
53,Sports,6411,8090
54,Grocery,120,805
55,Sports,880,2489
56,Grocery,95,497
57,Home,4792,6678
58,Sports,2283,3109
59,Grocery,270,1295
60,Sports,5240,5400
61,Fashion,3056,3990
62,Sports,1467,2949
63,Electronics,23582,24522
64,Fashion,4126,4333
65,Grocery,127,229
66,Grocery,266,702
67,Fashion,1072,1235
68,Grocery,300,1240
69,Electronics,6193,6452
70,Grocery,76,327
71,Fashion,1129,3035
72,Grocery,182,1429
73,Home,9480,10937
74,Sports,7853,8207
75,Grocery,182,1994
76,Sports,2661,4287
77,Electronics,22644,24452
78,Electronics,8512,9366
79,Fashion,4885,5329
80,Electronics,42793,43652
81,Home,8295,8737
82,Electronics,8152,9132
83,Home,9540,10376
84,Fashion,3675,3887
85,Grocery,289,1473
86,Fashion,2842,3245
87,Sports,1639,2328
88,Fashion,4341,5359
89,Fashion,3864,5214
90,Fashion,1470,3380
91,Electronics,14636,15488
92,Grocery,163,1836
93,Home,4737,5773
94,Grocery,129,304
95,Home,1825,2172
96,Home,7792,8269
97,Electronics,18805,19695
98,Home,6054,7718
99,Electronics,45858,47680
100,Electronics,26564,28493
101,Fashion,517,1038
102,Fashion,589,1607
103,Sports,4514,5514
104,Electronics,33428,34360
105,Grocery,494,2148
106,Grocery,220,477
107,Sports,2540,2640
108,Fashion,3874,4794
109,Home,2392,4236
110,Sports,1363,2822
111,Grocery,56,476
112,Sports,4323,5506
113,Grocery,73,448
114,Electronics,43178,43729
115,Sports,2828,4287
116,Home,2815,4013
117,Fashion,2810,2932
118,Fashion,4905,6531
119,Grocery,312,825
120,Sports,1222,1696
121,Grocery,288,2273
122,Fashion,1494,2428
123,Fashion,530,650
124,Electronics,39377,41311
125,Home,3500,5299
126,Home,7755,8920
127,Home,7290,8579
128,Electronics,46905,48154
129,Home,6333,7087
130,Electronics,46294,47679
131,Home,6880,7727
132,Home,5510,6346
133,Sports,6187,7378
134,Fashion,4067,4693
135,Grocery,255,511
136,Electronics,35198,37094
137,Fashion,1134,2723
138,Electronics,39196,39481
139,Electronics,48208,50206
140,Fashion,3431,5373
141,Electronics,41290,43090
142,Sports,6980,7690
143,Grocery,171,2126
144,Fashion,3909,4190
145,Sports,1246,2633
146,Fashion,1875,3485
147,Electronics,19869,20427
148,Electronics,42717,44432
149,Grocery,403,791
150,Fashion,1486,2440
151,Sports,6804,7620
152,Electronics,9575,9845
153,Electronics,41257,43201
154,Electronics,27942,28331
155,Grocery,208,312
156,Home,6521,7935
157,Electronics,40309,41427
158,Home,6853,7329
159,Home,5837,6594
160,Fashion,1392,2942
161,Grocery,392,1485
162,Sports,4095,5293
163,Home,3422,4346
164,Grocery,154,1462
165,Sports,2414,2877
166,Grocery,200,393
167,Home,7629,8089
168,Grocery,250,2228
169,Home,9934,10317
170,Fashion,1557,3409
171,Grocery,480,1752
172,Sports,970,1378
173,Electronics,12417,12718
174,Electronics,19562,20199
175,Grocery,345,478
176,Home,3192,4562
177,Fashion,4769,6537
178,Grocery,432,2330
179,Fashion,3488,4148
180,Grocery,255,1446
181,Electronics,12641,14561
182,Fashion,575,1259
183,Sports,2680,4208
184,Home,3941,5399
185,Grocery,421,709
186,Grocery,159,374
187,Home,6054,6839
188,Grocery,80,1997
189,Home,2116,3774
190,Home,4871,5649
191,Grocery,110,1852
192,Electronics,18558,18903
193,Fashion,718,1760
194,Grocery,136,685
195,Sports,1519,2042
196,Home,7948,9619
197,Fashion,4922,5445
198,Home,8238,9438
199,Sports,7509,9031
200,Grocery,391,2377
201,Grocery,219,1787
202,Home,4013,5252
203,Electronics,46739,48286
204,Electronics,46714,47553
205,Fashion,4215,5858
206,Fashion,4404,5817
207,Sports,3080,4189
208,Grocery,473,1213
209,Home,6352,7273
210,Grocery,374,867
211,Sports,4004,4271
212,Fashion,2036,3359
213,Sports,1242,1487
214,Home,1476,2118
215,Fashion,713,2580
216,Electronics,16498,17674
217,Sports,5844,6674
218,Grocery,211,423
219,Sports,7027,8677
220,Home,4360,4735
221,Fashion,3173,4046
222,Home,5293,7234
223,Grocery,231,2222
224,Home,6202,7540
225,Grocery,89,646
226,Grocery,227,1051
227,Fashion,3817,4559
228,Electronics,38491,40417
229,Home,5671,6676
230,Home,7824,8685
231,Sports,2353,4284
232,Home,9102,9609
233,Grocery,244,546
234,Grocery,188,1993
235,Home,5956,7769
236,Sports,4999,6924
237,Home,4296,6152
238,Fashion,4987,5266
239,Electronics,23915,24982
240,Home,5808,7542
241,Home,3333,3755
242,Grocery,418,1063
243,Sports,4542,6424
244,Sports,5832,7038
245,Home,2807,4787
246,Grocery,364,1414
247,Grocery,422,2102
248,Home,4146,4451
249,Electronics,34866,35486
250,Grocery,117,302
251,Fashion,3917,4201
252,Fashion,4617,4802
253,Home,3642,3880
254,Grocery,322,909
255,Fashion,3170,4116
256,Fashion,4151,5992
257,Home,5472,5761
258,Electronics,40273,41425
259,Sports,2303,2830
260,Grocery,68,1016
261,Fashion,3833,5750
262,Sports,5909,6591
263,Grocery,311,1870
264,Home,8273,10139
265,Grocery,314,2003
266,Grocery,495,1115
267,Fashion,3557,4962
268,Sports,2749,3100
269,Fashion,4867,5766
270,Home,3200,4216
271,Fashion,2078,2481
272,Electronics,45857,47798
273,Sports,5361,6411
274,Home,5319,5968
275,Home,3412,4987
276,Electronics,37549,39040
277,Electronics,44938,46250
278,Home,2321,4137
279,Electronics,42304,42946
280,Fashion,3346,4951
281,Electronics,33218,33928
282,Fashion,2787,3444
283,Fashion,4463,4884
284,Grocery,277,819
285,Fashion,2727,4558
286,Fashion,3035,4362
287,Electronics,37351,37783
288,Fashion,4186,5513
289,Sports,6738,7432
290,Home,8779,10073
291,Home,1447,3115
292,Grocery,140,1143
293,Home,1689,2739
294,Home,9274,9873
295,Grocery,444,574
296,Grocery,394,846
297,Home,4159,5281
298,Grocery,482,2430
299,Electronics,8591,10201
300,Fashion,3620,4383
301,Fashion,2482,4151
302,Fashion,3265,5203
303,Home,8835,10424
304,Fashion,1245,1600
305,Fashion,2448,3351
306,Fashion,3028,4734
307,Sports,7483,7974
308,Fashion,3459,3713
309,Home,1133,3087
310,Sports,3010,4856
311,Sports,2229,3240
312,Electronics,21742,22711
313,Grocery,96,948
314,Home,8831,10073
315,Fashion,2035,3986
316,Home,6587,8060
317,Grocery,479,2368
318,Fashion,3534,4573
319,Sports,2429,3316
320,Home,7032,8491
321,Home,2703,3437
322,Grocery,115,1930
323,Home,8519,9509
324,Fashion,1956,3259
325,Grocery,354,1947
326,Fashion,3298,4907
327,Grocery,367,990
328,Fashion,4101,6098
329,Fashion,3150,4026
330,Sports,3680,4912
331,Grocery,481,1408
332,Electronics,42986,43560
333,Electronics,43657,43787
334,Grocery,165,1018
335,Grocery,267,655
336,Fashion,2014,3101
337,Electronics,16756,17120
338,Home,2846,3927
339,Sports,1585,3457
340,Fashion,1614,3518
341,Electronics,19253,20064
342,Fashion,2386,3737
343,Fashion,4457,5024
344,Fashion,1064,2236
345,Electronics,43712,44899
346,Fashion,928,1350
347,Fashion,3937,4612
348,Sports,6687,7759
349,Fashion,1341,2760
350,Grocery,80,379
351,Grocery,178,2149
352,Grocery,99,1638
353,Electronics,28455,29676
354,Fashion,752,2690
355,Sports,6747,6955
356,Home,4149,5510
357,Fashion,4463,4777
358,Electronics,7005,7400
359,Sports,3361,4017
360,Fashion,3683,4457
361,Grocery,487,1418
362,Electronics,25898,26923
363,Grocery,492,1207
364,Grocery,476,634
365,Fashion,4978,6853
366,Electronics,16038,17163
367,Grocery,104,336
368,Grocery,190,701
369,Fashion,3485,4842
370,Home,4150,5011
371,Sports,2538,2689
372,Electronics,39195,41041
373,Electronics,22907,24802
374,Electronics,32463,34028
375,Electronics,16716,18002
376,Electronics,18544,20008
377,Electronics,5869,7404
378,Home,4807,5630
379,Grocery,205,943
380,Fashion,4012,5873
381,Grocery,467,809
382,Grocery,77,1423
383,Fashion,2533,3659
384,Home,9520,11254
385,Home,4951,5452
386,Grocery,224,843
387,Grocery,425,1286
388,Sports,7436,8945
389,Home,2608,2768
390,Grocery,398,1100
391,Electronics,18886,19708
392,Grocery,147,1336
393,Home,3825,4292
394,Sports,6100,6748
395,Fashion,2271,4175
396,Fashion,1171,2924
397,Grocery,332,2192
398,Grocery,455,1042
399,Grocery,336,1908
400,Home,6537,7707
401,Fashion,3105,4407
402,Electronics,13376,15045
403,Electronics,17574,18464
404,Home,9881,10169
405,Home,7336,8854
406,Electronics,5939,7165
407,Grocery,482,1329
408,Home,5865,7436
409,Home,2487,4463
410,Home,8619,9334
411,Home,2036,3921
412,Fashion,2972,4730
413,Fashion,3146,3729
414,Home,7336,8170
415,Grocery,309,808
416,Home,1608,2290
417,Electronics,37561,39019
418,Grocery,84,925
419,Electronics,29606,30469
420,Grocery,249,1543
421,Fashion,1688,3125
422,Grocery,131,1060
423,Home,2414,2568
424,Sports,4934,5146
425,Fashion,4262,4851
426,Electronics,39268,40521
427,Home,6026,6850
428,Grocery,443,1144
429,Home,9513,10637
430,Sports,3765,4594
431,Sports,3519,4110
432,Home,1164,1984
433,Fashion,3831,4454
434,Electronics,23700,24534
435,Grocery,361,1289
436,Home,7298,8305
437,Grocery,78,828
438,Home,8001,8796
439,Home,9604,10820
440,Grocery,234,1702
441,Electronics,33850,35472
442,Home,8379,10217
443,Electronics,16223,18065
444,Electronics,29922,31168
445,Home,4858,6015
446,Sports,3408,4741
447,Home,8663,10101
448,Electronics,30438,31937
449,Fashion,1176,1505
450,Sports,2930,3126
451,Home,6308,7083
452,Fashion,4440,5616
453,Electronics,45132,46673
454,Sports,3701,4198
455,Fashion,3030,3672
456,Electronics,37629,38286
457,Grocery,143,1390
458,Electronics,31593,32345
459,Home,9278,9412
460,Sports,1560,2003
461,Sports,926,1580
462,Grocery,207,541
463,Electronics,41761,42334
464,Sports,1092,2962
465,Electronics,7151,9074
466,Sports,7226,8806
467,Sports,2311,3786
468,Fashion,2765,3652
469,Fashion,4172,4531
470,Electronics,31173,31902
471,Home,3183,4135
472,Electronics,33798,34166
473,Fashion,957,2642
474,Fashion,4010,4126
475,Electronics,8255,8564
476,Sports,1053,1936
477,Electronics,44509,45337
478,Home,3845,5203
479,Grocery,475,626
480,Electronics,27296,29033
481,Home,2409,4359
482,Sports,6338,8181
483,Sports,1449,3282
484,Sports,7885,8286
485,Electronics,45215,45382
486,Electronics,32832,33057
487,Grocery,457,1562
488,Home,1432,3119
489,Fashion,710,1080
490,Home,6926,7829
491,Home,9650,10836
492,Fashion,3073,3557
493,Electronics,26658,28649
494,Fashion,2032,3273
495,Sports,5294,6883
496,Electronics,7776,7905
497,Electronics,12644,13328
498,Home,5702,6018
499,Fashion,4836,5357
500,Fashion,566,2284
501,Grocery,71,1279
502,Fashion,2336,2800
503,Home,6283,7386
504,Home,5559,5891
505,Electronics,23409,25386
506,Sports,5589,6282
507,Fashion,4862,5543
508,Home,6789,8162
509,Sports,3517,4623
510,Sports,5727,5966
511,Sports,7065,8483
512,Fashion,1705,3677
513,Sports,3771,4744
514,Electronics,7527,9463
515,Sports,5436,6043
516,Home,6991,8564
517,Sports,3715,4953
518,Electronics,5392,7007
519,Home,2143,2540
520,Electronics,26085,27882
521,Electronics,33224,35124
522,Electronics,43529,43803
523,Fashion,4093,4306
524,Fashion,1855,3429
525,Fashion,3617,4501
526,Fashion,3926,5880
527,Grocery,484,1305
528,Home,8789,10205
529,Grocery,395,1580
530,Sports,3778,5101
531,Fashion,4436,5303
532,Fashion,4096,4844
533,Fashion,2349,4277
534,Fashion,602,1607
535,Home,9987,11076
536,Fashion,1496,2957
537,Grocery,311,1686
538,Home,7860,8576
539,Electronics,7128,7576
540,Electronics,41408,41527
541,Fashion,1453,3376
542,Fashion,3032,4090
543,Sports,7029,8292
544,Electronics,34963,35178
545,Electronics,17608,18493
546,Sports,4223,5300
547,Sports,6089,6385
548,Fashion,3225,4086
549,Home,9857,11478
550,Fashion,3761,5455
551,Fashion,646,2067
552,Electronics,20849,22452
553,Home,3559,4978
554,Electronics,15165,16837
555,Home,1234,1935
556,Electronics,30923,31507
557,Electronics,7901,8874
558,Electronics,22731,23354
559,Home,6671,7096
560,Sports,6861,8538
561,Home,2364,4122
562,Fashion,2054,2464
563,Home,5936,6623
564,Grocery,99,332
565,Home,2114,3445
566,Electronics,39651,39959
567,Home,4261,5640
568,Home,7777,8523
569,Electronics,31414,31688
570,Home,9720,10862
571,Electronics,30885,32147
572,Electronics,13935,14226
573,Home,3534,4669
574,Electronics,16744,17582
575,Sports,3513,3673
576,Electronics,49494,49678
577,Sports,7723,9700
578,Grocery,288,631
579,Sports,874,1808
580,Home,2429,4016
581,Electronics,13054,13650
582,Sports,7969,9332
583,Home,9235,10911
584,Sports,5319,7100
585,Electronics,13750,14822
586,Electronics,5971,6295
587,Home,6662,8057
588,Grocery,164,1698
589,Sports,1199,2213
590,Grocery,484,2326
591,Home,9165,9855
592,Electronics,49449,50130
593,Grocery,240,1362
594,Fashion,2684,2857
595,Home,5291,5513
596,Grocery,201,1618
597,Home,1096,3012
598,Sports,4356,5741
599,Fashion,1920,2809
600,Sports,4261,4929
601,Electronics,46986,47287
602,Fashion,2677,4663
603,Grocery,411,1701
604,Electronics,16873,18012
605,Home,6382,7270
606,Home,7834,9209
607,Electronics,48661,49070
608,Electronics,18894,19938
609,Electronics,45709,46766
610,Electronics,5226,6091
611,Fashion,1120,2973
612,Grocery,279,1211
613,Home,3325,5184
614,Grocery,337,1870
615,Grocery,347,1610
616,Grocery,228,557
617,Electronics,29843,31426
618,Sports,2876,4679
619,Sports,6810,7055
620,Sports,5234,6228
621,Electronics,26830,27766
622,Sports,7217,7454
623,Grocery,391,559
624,Home,1120,1693
625,Home,6787,7572
626,Grocery,97,718
627,Home,3172,4826
628,Fashion,4078,5084
629,Sports,3014,4695
630,Sports,6921,7305
631,Home,4728,6085
632,Fashion,2506,3926
633,Electronics,33889,35791
634,Grocery,296,2147
635,Home,4777,6126
636,Home,4349,4917
637,Home,7988,9384
638,Home,7344,9080
639,Sports,4969,5307
640,Home,4513,5964
641,Grocery,475,2457
642,Electronics,17220,17339
643,Sports,2166,3170
644,Home,7764,7889
645,Electronics,11420,12378
646,Sports,5211,5939
647,Home,3520,3898
648,Fashion,1117,2218
649,Sports,2063,3165
650,Grocery,495,1535
651,Electronics,29152,30349
652,Grocery,147,1382
653,Sports,1561,2215
654,Sports,3154,3872
655,Fashion,2073,2891
656,Home,4212,4472
657,Fashion,4493,5047
658,Sports,4388,5722
659,Grocery,477,2155
660,Home,5281,7266
661,Home,7590,7876
662,Sports,6092,7710
663,Fashion,2043,3712
664,Home,4804,5232
665,Electronics,42421,42653
666,Electronics,35562,36425
667,Electronics,38270,39359
668,Electronics,5894,6842
669,Electronics,21021,21887
670,Electronics,38451,39705
671,Home,3478,5239
672,Fashion,970,1292
673,Home,7045,8496
674,Home,5468,6415
675,Home,9541,11153
676,Grocery,291,482
677,Home,1039,2781
678,Electronics,46584,47203
679,Electronics,39230,41042
680,Sports,2306,2956
681,Sports,2559,3993
682,Fashion,708,2191
683,Grocery,211,1230
684,Fashion,1126,1724
685,Fashion,3316,4220
686,Fashion,2698,4674
687,Electronics,29805,30135
688,Sports,6149,6711
689,Grocery,380,2271
690,Fashion,4945,6702
691,Grocery,418,1786
692,Electronics,29304,31029
693,Electronics,22769,23603
694,Grocery,466,1074
695,Fashion,3189,5133
696,Electronics,31218,31592
697,Electronics,42154,42476
698,Home,5988,7837
699,Grocery,382,1464
700,Fashion,2519,4296
701,Electronics,39259,40177
702,Grocery,206,2101
703,Sports,7633,9237
704,Fashion,2954,4848
705,Grocery,258,2166
706,Grocery,176,290
707,Fashion,3524,5141
708,Grocery,479,1897
709,Fashion,3767,4024
710,Sports,1665,3178
711,Fashion,2362,3472
712,Fashion,3439,5385
713,Home,9812,11156
714,Grocery,462,2279
715,Electronics,5919,7108
716,Home,1304,1494
717,Home,7056,7349
718,Grocery,268,1424
719,Electronics,7700,9520
720,Electronics,15850,17505
721,Fashion,1408,2788
722,Sports,7450,7989
723,Electronics,6118,7352
724,Electronics,44399,45678
725,Home,1223,2251
726,Fashion,3019,4994
727,Sports,3635,4338
728,Electronics,15150,16167
729,Electronics,5003,6694
730,Electronics,25138,25998
731,Home,4541,5010
732,Fashion,4131,5136
733,Electronics,37055,37304
734,Fashion,1870,2609
735,Sports,3449,4271
736,Sports,4117,5014
737,Fashion,1981,2130
738,Grocery,416,2187
739,Sports,5326,7031
740,Home,6272,7996
741,Sports,6290,6603
742,Sports,7907,9164
743,Grocery,385,1645
744,Home,1618,2104
745,Fashion,2906,3526
746,Electronics,21016,22275
747,Grocery,497,1725
748,Home,8547,9712
749,Home,7731,9100
750,Sports,7039,7780
751,Sports,4287,4715
752,Sports,7828,8919
753,Sports,5987,6724
754,Grocery,345,1075
755,Home,9332,11151
756,Sports,2609,4493
757,Fashion,4405,6069
758,Home,5731,7651
759,Sports,7952,8829
760,Fashion,1809,3234
761,Home,9707,10046
762,Grocery,387,1779
763,Grocery,388,804
764,Grocery,208,1338
765,Sports,3903,5535
766,Grocery,128,922
767,Electronics,36500,38321
768,Sports,7667,9421
769,Fashion,4278,6024
770,Sports,4170,5017
771,Grocery,141,814
772,Sports,5462,6414
773,Electronics,48889,50504
774,Home,4660,5129
775,Home,7139,8314
776,Grocery,126,413
777,Fashion,565,1912
778,Grocery,179,861
779,Fashion,1990,2456
780,Home,2795,4314
781,Grocery,408,1961
782,Grocery,123,1517
783,Sports,4487,5442
784,Home,1661,3519
785,Fashion,2827,4423
786,Electronics,37579,39238
787,Home,5990,6573
788,Home,2109,3013
789,Fashion,669,2109
790,Fashion,686,1872
791,Fashion,1959,3501
792,Home,4073,4590
793,Sports,1605,2096
794,Home,5502,7102
795,Grocery,331,1709
796,Sports,4395,4904
797,Sports,3527,5157
798,Sports,7725,9656
799,Electronics,25911,27163
800,Fashion,1260,2343
801,Electronics,16580,18378
802,Sports,4968,6278
803,Home,5223,5468
804,Grocery,437,1481
805,Grocery,143,1727
806,Fashion,3456,3864
807,Fashion,1403,1776
808,Sports,6737,8598
809,Fashion,1514,3130
810,Grocery,123,598
811,Home,1297,3166
812,Home,7951,9779
813,Sports,6980,7673
814,Home,5146,6694
815,Sports,6996,8397
816,Electronics,17636,18331
817,Home,1756,3559
818,Grocery,420,1759
819,Electronics,46465,47387
820,Sports,5165,6010
821,Fashion,2134,3657
822,Home,6063,7644
823,Home,4904,6599
824,Electronics,47926,49317
825,Fashion,3218,3484
826,Home,9365,10970
827,Grocery,76,1757
828,Fashion,2453,2779
829,Home,4214,5874
830,Electronics,21120,22458
831,Home,5116,5572
832,Home,4465,4666
833,Sports,3791,4676
834,Home,3959,4529
835,Grocery,465,1634
836,Grocery,372,1074
837,Electronics,40423,41730
838,Fashion,1452,3328
839,Sports,4910,6773
840,Home,6313,7218
841,Electronics,44427,45213
842,Fashion,3625,3864
843,Electronics,34446,34599
844,Sports,4983,5848
845,Fashion,2188,2756
846,Home,1632,3374
847,Home,4280,5863
848,Fashion,2038,3867
849,Sports,7241,7615
850,Sports,4309,5790
851,Fashion,4418,4740
852,Grocery,292,1162
853,Sports,1512,2462
854,Home,5109,7086
855,Fashion,2391,3726
856,Fashion,4891,5042
857,Grocery,455,2022
858,Fashion,806,1835
859,Home,9016,10389
860,Home,9938,10525
861,Electronics,22809,23205
862,Grocery,231,1692
863,Home,7534,8270
864,Sports,7245,9008
865,Sports,889,2243
866,Home,3093,3490
867,Grocery,477,857
868,Home,3593,4297
869,Grocery,423,1800
870,Sports,3271,4772
871,Home,9421,10983
872,Electronics,17007,17896
873,Electronics,20000,21824
874,Fashion,773,1982
875,Sports,5650,5980
876,Grocery,313,2020
877,Electronics,22117,23409
878,Home,7401,8245
879,Electronics,30363,31841
880,Fashion,1000,1100
881,Fashion,4279,4522
882,Electronics,47936,48390
883,Fashion,933,2494
884,Fashion,4279,5141
885,Electronics,23862,24003
886,Fashion,3800,5187
887,Fashion,4422,5183
888,Electronics,48819,49667
889,Grocery,95,386
890,Fashion,4475,4679
891,Sports,3433,3930
892,Home,6651,7118
893,Grocery,316,1593
894,Home,9966,10108
895,Fashion,3386,3827
896,Grocery,426,1270
897,Electronics,22480,23430
898,Sports,6914,7518
899,Fashion,2349,2753
900,Fashion,2875,3209
901,Fashion,1940,3070
902,Sports,4319,5304
903,Fashion,1660,3107
904,Electronics,34111,35815
905,Electronics,8036,8267
906,Sports,4897,6424
907,Electronics,26447,26877
908,Sports,7568,8621
909,Home,9780,10311
910,Home,5214,6012
911,Grocery,268,1593
912,Electronics,28523,29573
913,Home,8407,9227
914,Grocery,343,1646
915,Sports,4596,6210
916,Sports,4607,5725
917,Sports,5544,7018
918,Home,2866,3843
919,Fashion,2863,3865
920,Fashion,3009,4580
921,Sports,5359,6054
922,Grocery,302,442
923,Grocery,166,523
924,Home,1470,2138
925,Sports,4445,5669
926,Sports,1482,1998
927,Home,8220,8796
928,Grocery,219,1376
929,Home,1635,2965
930,Electronics,11076,11236
931,Grocery,346,641
932,Fashion,3535,3876
933,Home,3820,5698
934,Electronics,33398,33766
935,Grocery,281,1206
936,Electronics,6393,8092
937,Fashion,3573,4536
938,Sports,2860,3081
939,Electronics,6338,7430
940,Home,9302,11047
941,Electronics,47849,48320
942,Sports,1554,3196
943,Grocery,63,243
944,Grocery,100,1678
945,Sports,4444,5697
946,Fashion,1478,2142
947,Fashion,2967,3250
948,Sports,2389,2995
949,Electronics,48227,50147
950,Home,2435,3469
951,Grocery,361,1289
952,Grocery,158,560
953,Fashion,2406,3978
954,Sports,7935,9364
955,Electronics,13276,14716
956,Electronics,41314,42578
957,Electronics,45674,47074
958,Fashion,1392,2182
959,Home,6257,8194
960,Sports,7801,7939
961,Sports,5133,6643
962,Home,4829,5625
963,Sports,2161,2655
964,Sports,6149,6816
965,Sports,1112,1552
966,Grocery,453,920
967,Home,2746,3687
968,Electronics,30124,30512
969,Grocery,217,1705
970,Electronics,8505,9459
971,Fashion,4183,5784
972,Home,6748,7225
973,Sports,5447,7372
974,Electronics,32255,33355
975,Fashion,1293,2404
976,Fashion,2848,4516
977,Electronics,5978,7679
978,Sports,4815,5970
979,Grocery,85,1845
980,Grocery,339,2251
981,Home,4474,5235
982,Home,6523,6750
983,Grocery,325,1011
984,Sports,3581,5149
985,Fashion,3795,5420
986,Sports,3419,4889
987,Sports,3455,3803
988,Grocery,289,1931
989,Electronics,31110,31687
990,Sports,3897,5088
991,Grocery,437,1853
992,Home,4529,5420
993,Grocery,336,889
994,Sports,3723,3942
995,Fashion,4242,5891
996,Home,4436,5569
997,Grocery,415,747
998,Grocery,58,987
999,Fashion,1383,2515
1000,Grocery,310,1366
1001,Fashion,4805,5582
1002,Electronics,13084,13607
1003,Electronics,7462,8783
1004,Sports,5355,6565
1005,Electronics,41133,43023
1006,Grocery,350,1525
1007,Electronics,42134,43402
1008,Grocery,159,2158
1009,Electronics,33339,34645
1010,Sports,1355,1816
1011,Fashion,1731,1992
1012,Home,3836,5404
1013,Home,9426,10000
1014,Sports,5503,6663
1015,Fashion,4468,5635
1016,Sports,7676,7793
1017,Sports,1081,1217
1018,Home,7262,9109
1019,Home,3369,3585
1020,Electronics,16180,17445
1021,Grocery,348,1097
1022,Fashion,3760,3986
1023,Grocery,320,512
1024,Grocery,318,683
1025,Fashion,2872,3180
1026,Home,5777,7671
1027,Grocery,298,2186
1028,Sports,3045,4597
1029,Fashion,4673,4799
1030,Fashion,3319,4250
1031,Sports,3307,4701
1032,Grocery,86,1997
1033,Home,3424,3968
1034,Grocery,315,1938
1035,Home,5288,6108
1036,Sports,7539,8875
1037,Sports,3267,4561
1038,Sports,5676,5986
1039,Home,4791,6608
1040,Sports,3248,4751
1041,Sports,7372,8797
1042,Sports,1523,2753
1043,Grocery,219,371
1044,Sports,6582,7668
1045,Fashion,2261,2712
1046,Electronics,6471,7605
1047,Grocery,407,1009
1048,Sports,1415,3216
1049,Sports,3772,4279
1050,Sports,1181,2997
1051,Grocery,295,625
1052,Home,6236,6425
1053,Home,8452,9106
1054,Fashion,1455,1565
1055,Grocery,224,1958
1056,Electronics,22059,22949
1057,Grocery,72,1095
1058,Sports,4527,4862
1059,Fashion,3569,5155
1060,Grocery,289,519
1061,Electronics,39668,41215
1062,Sports,3732,4765
1063,Home,2972,3195
1064,Grocery,280,1635
1065,Electronics,39162,39818
1066,Fashion,4187,5475
1067,Grocery,301,964
1068,Sports,4858,5173
1069,Electronics,24618,26204
1070,Fashion,525,1896
1071,Home,2718,4525
1072,Electronics,38793,39719
1073,Electronics,14259,15526
1074,Sports,4876,6346
1075,Electronics,18074,20059
1076,Sports,959,1944
1077,Sports,2392,4058
1078,Sports,3711,4802
1079,Grocery,127,924
1080,Home,2048,4035
1081,Home,1683,2721
1082,Sports,5351,5504
1083,Sports,3998,4235
1084,Electronics,49948,50989
1085,Home,2997,4280
1086,Home,7827,8599
1087,Sports,2599,4082
1088,Grocery,421,1870
1089,Electronics,49768,51267
1090,Fashion,1389,2150
1091,Home,6993,7572
1092,Grocery,340,1403
1093,Electronics,11654,12531
1094,Sports,4744,5935
1095,Home,4419,6297
1096,Fashion,4248,5553
1097,Grocery,326,1084
1098,Sports,7508,8601
1099,Electronics,13891,14618
1100,Home,3457,4355
1101,Fashion,1232,1579
1102,Sports,3156,4049
1103,Sports,3021,4668
1104,Home,7398,9304
1105,Grocery,486,616
1106,Fashion,4231,4834
1107,Fashion,960,2790
1108,Home,8461,9742
1109,Sports,3096,4689
1110,Home,8173,9979
1111,Fashion,2620,4068
1112,Sports,4331,5981
1113,Home,1412,1896
1114,Fashion,4887,5217
1115,Electronics,14882,16283
1116,Grocery,112,1978
1117,Grocery,237,598
1118,Home,9541,10624
1119,Grocery,302,2258
1120,Home,8306,9706
1121,Sports,5400,6406
1122,Sports,1354,3077
1123,Grocery,392,1425
1124,Home,1022,3000
1125,Home,6433,7190
1126,Fashion,3672,5076
1127,Electronics,38667,39003
1128,Sports,1660,2315
1129,Electronics,36186,37835
1130,Grocery,200,1719
1131,Grocery,239,2032
1132,Fashion,804,2664
1133,Sports,4038,4737
1134,Home,4477,4803
1135,Fashion,1598,2846
1136,Fashion,4827,6173
1137,Fashion,1799,3429
1138,Electronics,34498,35147
1139,Fashion,4124,4815
1140,Grocery,435,690
1141,Grocery,377,1948
1142,Fashion,2566,2674
1143,Grocery,387,491
1144,Electronics,47664,48183
1145,Sports,4611,5211
1146,Fashion,4452,5887
1147,Fashion,4538,6426
1148,Home,1558,3455
1149,Electronics,47834,48685
1150,Grocery,446,2231
1151,Sports,6620,7219
1152,Electronics,29445,30866
1153,Electronics,5911,7054
1154,Sports,6687,7159
1155,Fashion,3046,4608
1156,Sports,5892,6053
1157,Fashion,1641,2205
1158,Home,1918,2195
1159,Grocery,99,830
1160,Sports,6739,8496
1161,Electronics,48071,48395
1162,Fashion,3091,4342
1163,Grocery,96,1559
1164,Electronics,13664,13778
1165,Grocery,454,2126
1166,Grocery,377,2124
1167,Sports,4060,4901
1168,Fashion,704,2539
1169,Fashion,2825,3932
1170,Electronics,17829,19607
1171,Home,9989,11877
1172,Grocery,420,1840
1173,Sports,1272,2025
1174,Fashion,4392,4914
1175,Electronics,37250,38807
1176,Electronics,33962,35940
1177,Sports,7406,7967
1178,Fashion,2888,4342
1179,Grocery,223,2070
1180,Sports,2645,3845
1181,Electronics,19997,20765
1182,Grocery,198,1219
1183,Electronics,49657,50041
1184,Grocery,373,890
1185,Sports,2592,4324
1186,Home,6320,7957
1187,Fashion,2407,2765
1188,Sports,5075,5250
1189,Sports,5345,6149
1190,Fashion,3095,5014
1191,Electronics,12250,13720
1192,Home,5970,6656
1193,Grocery,496,2020
1194,Home,9739,10627
1195,Electronics,43968,44362
1196,Fashion,775,2453
1197,Home,3819,5027
1198,Sports,5381,5787
1199,Sports,5890,7545
1200,Grocery,487,1916
1201,Fashion,1239,1370
1202,Grocery,83,1563
1203,Sports,3399,5394
1204,Fashion,2259,3108
1205,Home,3848,5294
1206,Electronics,19087,19696
1207,Fashion,3124,4832
1208,Sports,2842,2946
1209,Electronics,24033,24478
1210,Home,4439,6056
1211,Sports,4845,5985
1212,Home,5226,7204
1213,Fashion,2235,3614
1214,Grocery,120,606
1215,Fashion,3016,3121
1216,Electronics,28473,29044
1217,Sports,1072,2686
1218,Sports,1735,3075
1219,Sports,4752,5857
1220,Grocery,134,1048
1221,Fashion,3146,4448
1222,Home,4715,4961
1223,Grocery,82,1948
1224,Home,2831,4668
1225,Sports,5041,5582
1226,Grocery,457,1936
1227,Home,2902,3103
1228,Home,4697,5618
1229,Electronics,25481,26247
1230,Sports,6354,7382
1231,Sports,1520,3410
1232,Grocery,456,1128
1233,Sports,3766,5169
1234,Electronics,45763,47661
1235,Grocery,75,1242
1236,Home,1074,1254
1237,Sports,3713,5407
1238,Grocery,450,2283
1239,Sports,7451,7736
1240,Electronics,12740,14100
1241,Home,4225,4415
1242,Home,2447,2678
1243,Fashion,2399,3523
1244,Fashion,4139,4574
1245,Home,4584,6385
1246,Home,6458,8284
1247,Sports,1662,2556
1248,Grocery,319,1929
1249,Home,7158,8250
1250,Grocery,376,1611
1251,Electronics,34295,34985
1252,Fashion,4167,4855
1253,Fashion,3668,3823
1254,Fashion,2933,4885
1255,Sports,1499,2097
1256,Grocery,248,2160
1257,Home,3820,5572
1258,Electronics,36230,38044
1259,Sports,1563,2175
1260,Grocery,497,1408
1261,Grocery,131,499
1262,Electronics,14545,15937
1263,Fashion,3520,4558
1264,Electronics,24935,25790
1265,Fashion,4072,4310
1266,Grocery,473,867
1267,Electronics,30053,30298
1268,Grocery,453,2396
1269,Home,1327,1600
1270,Electronics,22600,22949
1271,Fashion,3493,4441
1272,Fashion,3054,4429
1273,Fashion,3716,4742
1274,Fashion,1689,3181
1275,Fashion,2911,3198
1276,Grocery,275,650
1277,Electronics,20126,20727
1278,Sports,2252,3071
1279,Grocery,397,1159
1280,Sports,1182,1739
1281,Fashion,1990,3959
1282,Home,3990,5108
1283,Electronics,47186,49038
1284,Sports,1263,2965
1285,Home,6523,7767
1286,Electronics,40155,42071
1287,Electronics,24798,25500
1288,Grocery,164,810
1289,Sports,2854,3185
1290,Fashion,1740,2512
1291,Grocery,363,2063
1292,Grocery,278,1630
1293,Electronics,22176,23395
1294,Grocery,127,566
1295,Electronics,48373,49258
1296,Fashion,1244,1392
1297,Fashion,4443,5866
1298,Fashion,2679,3174
1299,Sports,2282,2514
1300,Fashion,520,1747
1301,Sports,3192,3321
1302,Electronics,32708,34438
1303,Sports,4034,5938
1304,Sports,5804,7486
1305,Home,1133,1374
1306,Sports,1653,2377
1307,Home,7772,9206
1308,Sports,7458,7917
1309,Grocery,444,1101
1310,Sports,2936,3862
1311,Fashion,3943,5104
1312,Home,5638,6285
1313,Fashion,3895,4379
1314,Fashion,1100,1503
1315,Fashion,1389,2290
1316,Home,9394,11116
1317,Electronics,42100,42733
1318,Home,1865,3105
1319,Grocery,482,1558
1320,Electronics,35578,36085
1321,Grocery,347,707
1322,Electronics,41306,41682
1323,Home,2910,3150
1324,Electronics,42687,42801
1325,Fashion,3650,5110
1326,Sports,5163,6577
1327,Home,7050,8240
1328,Fashion,2022,2161
1329,Home,7222,7322
1330,Home,1428,3379
1331,Electronics,25821,26403
1332,Grocery,342,1738
1333,Home,5149,6025
1334,Home,5264,6025
1335,Electronics,14868,16003
1336,Grocery,364,2184
1337,Home,5342,6044
1338,Electronics,29502,31300
1339,Sports,6418,8333
1340,Fashion,2341,2926
1341,Grocery,295,847
1342,Home,7645,7792
1343,Home,4548,6119
1344,Electronics,46119,48103
1345,Sports,955,1067
1346,Electronics,18656,19097
1347,Sports,7423,7619
1348,Grocery,460,1652
1349,Electronics,22400,22894
1350,Home,9074,10468
1351,Sports,1247,2230
1352,Sports,7999,9892
1353,Grocery,207,1058
1354,Home,8311,9255
1355,Electronics,45355,45853
1356,Home,4336,4533
1357,Grocery,122,643
1358,Sports,4968,5587
1359,Grocery,62,402
1360,Fashion,2633,3378
1361,Fashion,1083,2800
1362,Home,8451,8943
1363,Home,1668,3015
1364,Home,7824,9420
1365,Sports,7543,8341
1366,Grocery,356,1745
1367,Grocery,484,1967
1368,Home,9554,10576
1369,Grocery,341,471
1370,Fashion,2350,3174
1371,Home,3943,5411
1372,Sports,5380,5884
1373,Grocery,316,682
1374,Sports,4944,5111
1375,Sports,6764,8100
1376,Grocery,122,1735
1377,Sports,5357,5657
1378,Home,7523,9096
1379,Grocery,70,1399
1380,Grocery,327,2139
1381,Grocery,114,2056
1382,Grocery,332,1741
1383,Grocery,89,423
1384,Electronics,22817,24752
1385,Grocery,470,1529
1386,Sports,2036,3955
1387,Fashion,3140,4417
1388,Electronics,39845,41713
1389,Home,5685,6213
1390,Home,7549,8594
1391,Fashion,3069,3994
1392,Grocery,405,2287
1393,Home,5485,7203
1394,Fashion,3832,5256
1395,Home,2623,3425
1396,Home,6031,7935
1397,Grocery,363,1269
1398,Grocery,314,1005
1399,Electronics,15730,16363
1400,Fashion,1286,3125
1401,Fashion,772,1569
1402,Fashion,4070,5065
1403,Grocery,119,1199
1404,Electronics,36001,37300
1405,Electronics,42602,43948
1406,Grocery,310,806
1407,Electronics,40219,40335
1408,Sports,6523,7581
1409,Fashion,3168,4213
1410,Fashion,4672,6038
1411,Electronics,36881,37520
1412,Home,3349,3560
1413,Sports,1312,2482
1414,Grocery,280,1317
1415,Home,8690,9432
1416,Electronics,27579,27972
1417,Home,1869,2803
1418,Sports,1674,3131
1419,Home,1289,2189
1420,Electronics,37283,39069
1421,Electronics,23367,24662
1422,Sports,2002,3949
1423,Sports,7165,7501
1424,Fashion,526,1351
1425,Electronics,34224,35405
1426,Home,5382,6133
1427,Sports,4021,4800
1428,Fashion,4619,6355
1429,Electronics,35562,36543
1430,Sports,7808,9013
1431,Fashion,3912,5888
1432,Electronics,9887,11481
1433,Sports,6471,8262
1434,Grocery,240,858
1435,Fashion,4272,6128
1436,Grocery,223,677
1437,Fashion,3630,5147
1438,Sports,2276,2900
1439,Fashion,4091,4333
1440,Electronics,30306,30710
1441,Electronics,24517,25233
1442,Home,4704,6130
1443,Electronics,25232,26722
1444,Fashion,3280,5101
1445,Fashion,783,2292
1446,Grocery,276,1640
1447,Grocery,116,461
1448,Electronics,45555,45740
1449,Grocery,160,978
1450,Electronics,31713,32459
1451,Grocery,161,2075
1452,Fashion,3025,3921
1453,Grocery,278,789
1454,Electronics,23017,23281
1455,Fashion,858,1103
1456,Home,3572,3986
1457,Sports,4321,6291
1458,Home,2033,3034
1459,Electronics,25607,27365
1460,Sports,4333,5997
1461,Sports,2460,3489
1462,Grocery,333,795
1463,Electronics,49503,51040
1464,Grocery,334,1313
1465,Electronics,17529,17854
1466,Fashion,2946,3345
1467,Grocery,419,1080
1468,Grocery,446,1996
1469,Sports,7371,8200
1470,Home,3570,3818
1471,Home,2638,4263
1472,Electronics,27457,29162
1473,Home,1287,2166
1474,Electronics,42769,44647
1475,Electronics,9602,10308
1476,Grocery,421,1619
1477,Home,1346,2598
1478,Sports,7186,8916
1479,Grocery,206,817
1480,Grocery,312,671
1481,Sports,6001,6926
1482,Electronics,38040,39118
1483,Grocery,266,1077
1484,Sports,1578,2598
1485,Home,4528,5450
1486,Fashion,3602,3794
1487,Electronics,11573,11711
1488,Fashion,2496,4242
1489,Fashion,2813,4159
1490,Fashion,1257,3104
1491,Grocery,450,1672
1492,Grocery,183,647
1493,Fashion,1494,2761
1494,Home,5947,6679
1495,Grocery,176,1081
1496,Sports,3366,4699
1497,Fashion,4806,6132
1498,Electronics,15532,15968
1499,Grocery,263,1363
1500,Home,5826,6844
1501,Home,2200,3443
1502,Grocery,177,1794
1503,Sports,5242,6328
1504,Electronics,6112,6358
1505,Home,4757,4870
1506,Grocery,261,1772
1507,Electronics,45208,45454
1508,Grocery,221,829
1509,Fashion,993,1478
1510,Fashion,2105,2285
1511,Electronics,38592,40132
1512,Home,9755,10419
1513,Sports,3606,4340
1514,Electronics,17348,18163
1515,Grocery,78,230
1516,Home,6818,8502
1517,Electronics,36979,37730
1518,Electronics,14910,16440
1519,Fashion,3845,5402
1520,Electronics,11650,13438
1521,Sports,1154,1882
1522,Fashion,2880,3941
1523,Grocery,468,2420
1524,Sports,4019,4449
1525,Grocery,259,1289
1526,Fashion,3304,5256
1527,Sports,3891,4838
1528,Fashion,695,1047
1529,Sports,2545,4241
1530,Grocery,276,1255
1531,Home,4914,5229
1532,Grocery,387,1946
1533,Home,4954,5550
1534,Electronics,30801,31843
1535,Fashion,4502,4711
1536,Home,8488,9593
1537,Grocery,485,2037
1538,Sports,3395,3913
1539,Home,5258,6125
1540,Electronics,6378,7016
1541,Home,4608,5712
1542,Electronics,48034,48593
1543,Grocery,197,1182
1544,Electronics,45311,46380
1545,Sports,4081,5518
1546,Grocery,78,1447
1547,Grocery,105,951
1548,Home,5052,5641
1549,Grocery,151,1578
1550,Electronics,9919,10756
1551,Sports,4596,5928
1552,Grocery,392,1428
1553,Grocery,324,1491
1554,Fashion,3154,3628
1555,Fashion,3390,4019
1556,Sports,4222,4339
1557,Electronics,27905,28548
1558,Electronics,46210,47012
1559,Fashion,2624,4071
1560,Grocery,470,1021
1561,Electronics,5202,5780
1562,Electronics,33667,34162
1563,Grocery,64,837
1564,Electronics,22131,23299
1565,Home,9176,9887
1566,Electronics,34376,35881
1567,Fashion,795,2539
1568,Home,5192,5984
1569,Grocery,259,749
1570,Fashion,4746,6125
1571,Grocery,292,1934
1572,Fashion,2321,4294
1573,Electronics,34163,34944
1574,Home,7187,9085
1575,Electronics,27953,28751
1576,Electronics,14796,15026
1577,Grocery,221,1464
1578,Fashion,793,2790
1579,Electronics,45304,45903
1580,Electronics,5849,6574
1581,Home,5119,6486
1582,Home,9462,10305
1583,Sports,2378,4103
1584,Home,9253,10734
1585,Home,8517,8754
1586,Sports,7933,9448
1587,Fashion,4889,5882
1588,Home,2028,2289
1589,Grocery,474,621
1590,Home,5320,7298
1591,Fashion,2686,4570
1592,Grocery,437,1169
1593,Grocery,480,665
1594,Grocery,433,567
1595,Electronics,23693,25108
1596,Home,7009,7273
1597,Electronics,48488,50260
1598,Grocery,159,844
1599,Grocery,274,646
1600,Electronics,30205,30385
1601,Home,2881,4312
1602,Grocery,77,291
1603,Home,5743,6329
1604,Fashion,3087,3953
1605,Home,8353,9647
1606,Electronics,9602,11384
1607,Electronics,25983,26363
1608,Electronics,46538,47090
1609,Fashion,2570,3234
1610,Sports,7461,8055
1611,Fashion,3570,4632
1612,Fashion,2250,3429
1613,Home,7328,8488
1614,Fashion,3724,4603
1615,Grocery,352,626
1616,Sports,5444,6874
1617,Sports,5888,6439
1618,Sports,7234,9116
1619,Home,4863,5675
1620,Home,7813,9280
1621,Electronics,11912,12989
1622,Electronics,37730,38240
1623,Fashion,1562,2542
1624,Grocery,93,1530
1625,Sports,1045,2071
1626,Grocery,57,241
1627,Electronics,38899,40125
1628,Electronics,9630,11045
1629,Sports,5884,6291
1630,Grocery,52,604
1631,Electronics,36906,38033
1632,Grocery,98,503
1633,Home,2812,3787
1634,Home,6740,7028
1635,Fashion,2736,4591
1636,Home,2392,2927
1637,Sports,2945,4917
1638,Fashion,4398,5976
1639,Grocery,452,1803
1640,Sports,6213,6359
1641,Sports,1503,2553
1642,Home,9587,10923
1643,Grocery,485,1302
1644,Electronics,37812,39492
1645,Grocery,392,2323
1646,Sports,2265,3967
1647,Fashion,4853,5847
1648,Sports,5674,6729
1649,Grocery,192,1859
1650,Sports,6191,6990
1651,Grocery,379,2325
1652,Home,6955,7325
1653,Fashion,4407,5357
1654,Electronics,32060,33782
1655,Grocery,180,1616
1656,Home,3322,3661
1657,Electronics,27321,28202
1658,Fashion,4826,6685
1659,Sports,4951,5564
1660,Fashion,1369,1610
1661,Fashion,3172,3990
1662,Grocery,112,1798
1663,Electronics,41563,43187
1664,Sports,1050,1428
1665,Fashion,3570,5527
1666,Home,4513,5811
1667,Fashion,1972,2404
1668,Home,9291,9890
1669,Home,5802,6153
1670,Sports,4629,6156
1671,Home,8670,9889
1672,Sports,4301,6274
1673,Sports,7474,8071
1674,Fashion,3240,5152
1675,Grocery,234,1457
1676,Home,6636,7874
1677,Home,3602,4172
1678,Sports,1009,1408
1679,Grocery,227,1725
1680,Fashion,546,766
1681,Fashion,1553,1987
1682,Sports,3697,4321
1683,Home,6614,8357
1684,Fashion,2872,3944
1685,Electronics,46996,47448
1686,Fashion,1075,2968
1687,Grocery,356,2123
1688,Home,5664,7658
1689,Electronics,46747,48565
1690,Electronics,28041,29199
1691,Home,3878,4851
1692,Sports,5399,7190
1693,Sports,3743,5079
1694,Grocery,345,2285
1695,Electronics,47147,48616
1696,Grocery,478,2263
1697,Electronics,16197,18053
1698,Grocery,167,1383
1699,Grocery,98,1659
1700,Electronics,14381,16320
1701,Electronics,21511,22230
1702,Grocery,377,1594
1703,Grocery,456,1791
1704,Electronics,8781,10162
1705,Sports,7728,9043
1706,Grocery,402,723
1707,Home,9887,10976
1708,Grocery,83,802
1709,Grocery,290,1908
1710,Electronics,34736,36583
1711,Grocery,295,578
1712,Electronics,13725,15088
1713,Sports,4152,5792
1714,Fashion,1716,3687
1715,Electronics,41670,42334
1716,Grocery,168,1904
1717,Home,8408,9613
1718,Grocery,231,802
1719,Grocery,194,402
1720,Electronics,17439,18018
1721,Sports,7856,8517
1722,Grocery,393,2270
1723,Grocery,221,1618
1724,Electronics,36960,38609
1725,Fashion,4675,6335
1726,Fashion,2198,2630
1727,Grocery,306,474
1728,Grocery,155,255
1729,Grocery,114,1927
1730,Grocery,256,2070
1731,Fashion,3817,5539
1732,Home,4070,4905
1733,Sports,7599,7836
1734,Grocery,369,2277
1735,Home,8934,10009
1736,Electronics,43636,45482
1737,Home,1547,1975
1738,Electronics,38121,38329
1739,Fashion,4574,4711
1740,Sports,1979,2160
1741,Electronics,22531,22643
1742,Electronics,37976,38387
1743,Fashion,1531,3163
1744,Grocery,116,1759
1745,Sports,5187,5867
1746,Fashion,4480,5831
1747,Electronics,44321,45249
1748,Grocery,489,1517
1749,Electronics,26567,27519
1750,Home,2877,4363
1751,Sports,5956,6841
1752,Home,9040,10950
1753,Grocery,176,604
1754,Grocery,208,1471
1755,Grocery,197,826
1756,Fashion,1899,3090
1757,Electronics,19943,20757
1758,Sports,6159,6291
1759,Home,8603,9994
1760,Home,3713,5120
1761,Grocery,307,1982
1762,Electronics,47003,48794
1763,Sports,6916,7349
1764,Grocery,132,1881
1765,Electronics,38688,38899
1766,Grocery,216,473
1767,Grocery,87,1196
1768,Sports,2653,3200
1769,Home,9025,10855
1770,Electronics,38041,38956
1771,Electronics,46089,47691
1772,Grocery,453,1515
1773,Sports,3914,4506
1774,Grocery,355,1307
1775,Grocery,178,1118
1776,Home,8191,9078
1777,Grocery,448,1441
1778,Home,9390,10632
1779,Grocery,249,1659
1780,Fashion,2081,3969
1781,Home,2016,3587
1782,Home,3501,4627
1783,Fashion,2418,4412
1784,Electronics,43685,44124
1785,Home,3926,5695
1786,Sports,4206,5807
1787,Fashion,4955,6625
1788,Home,5768,6654
1789,Sports,4937,5647
1790,Grocery,96,647
1791,Fashion,2115,3926
1792,Home,3705,4809
1793,Sports,5350,6609
1794,Fashion,1607,2060
1795,Grocery,237,598
1796,Fashion,2888,4577
1797,Electronics,8304,9662
1798,Home,4306,6121
1799,Sports,6617,7342
1800,Sports,1936,2960
1801,Grocery,388,994
1802,Fashion,3246,4786
1803,Electronics,20978,22280
1804,Fashion,3312,4855
1805,Electronics,5237,5767
1806,Electronics,33844,34154
1807,Home,3314,3697
1808,Grocery,103,1447
1809,Electronics,5556,6852
1810,Fashion,2741,3870
1811,Home,9332,11017
1812,Grocery,466,935
1813,Sports,6110,7396
1814,Grocery,64,1616
1815,Fashion,1955,2948
1816,Electronics,17076,17492
1817,Grocery,275,1730
1818,Home,8693,9071
1819,Electronics,41313,42277
1820,Grocery,278,588
1821,Grocery,320,1375
1822,Sports,6002,6751
1823,Grocery,64,506
1824,Electronics,39505,40021
1825,Home,8221,10062
1826,Home,7869,9811
1827,Electronics,33027,33558
1828,Home,1583,2043
1829,Home,5526,7148
1830,Grocery,106,1714
1831,Home,3735,5211
1832,Home,2886,3317
1833,Grocery,289,556
1834,Electronics,31282,32254
1835,Electronics,42915,43843
1836,Electronics,49078,50272
1837,Fashion,3383,4270
1838,Electronics,28930,29827
1839,Sports,2335,3385
1840,Home,7443,8479
1841,Grocery,86,1953
1842,Fashion,4212,4646
1843,Home,1197,1628
1844,Electronics,35425,36082
1845,Sports,5503,7058
1846,Fashion,3050,4362
1847,Grocery,381,1913
1848,Sports,5731,6977
1849,Sports,3259,3588
1850,Sports,1360,3168
1851,Grocery,343,874
1852,Sports,1316,2004
1853,Electronics,14444,14812
1854,Fashion,2065,2962
1855,Fashion,3407,4316
1856,Fashion,1074,2244
1857,Electronics,14483,14684
1858,Home,8470,8936
1859,Home,6279,6660
1860,Fashion,1375,3140
1861,Grocery,349,626
1862,Grocery,165,655
1863,Electronics,32047,33670
1864,Electronics,46856,47457
1865,Sports,5115,5317
1866,Sports,5518,5970
1867,Fashion,3087,4336
1868,Electronics,47565,49200
1869,Sports,5992,6524
1870,Fashion,1823,2955
1871,Grocery,293,1913
1872,Sports,3464,3978
1873,Grocery,159,2041
1874,Home,7116,7336
1875,Grocery,371,502
1876,Home,9325,10966
1877,Home,4979,6404
1878,Electronics,45606,47508
1879,Electronics,19775,20861
1880,Grocery,474,1404
1881,Electronics,5620,7017
1882,Electronics,38500,38729
1883,Fashion,3930,5135
1884,Grocery,329,1019
1885,Electronics,42087,43272
1886,Grocery,287,2236
1887,Grocery,473,1439
1888,Sports,2436,2906
1889,Grocery,486,1289
1890,Home,9660,11033
1891,Electronics,25887,26322
1892,Home,4831,5445
1893,Sports,6960,7746
1894,Home,1519,2884
1895,Sports,2080,3590
1896,Home,3115,4350
1897,Fashion,3322,4597
1898,Electronics,48137,48245
1899,Sports,7842,9267
1900,Electronics,8316,10043
1901,Fashion,4968,6836
1902,Grocery,57,1237
1903,Grocery,50,1561
1904,Sports,7722,8992
1905,Grocery,123,673
1906,Home,2845,4639
1907,Sports,4571,5928
1908,Home,6190,7279
1909,Grocery,361,828
1910,Electronics,30263,31184
1911,Fashion,880,2732
1912,Electronics,29370,30699
1913,Home,6148,6430
1914,Electronics,19092,21054
1915,Grocery,261,633
1916,Fashion,644,2347
1917,Fashion,4288,5308
1918,Home,7423,8747
1919,Grocery,430,2392
1920,Grocery,251,382
1921,Electronics,24921,25155
1922,Electronics,15833,16063
1923,Home,9188,9838
1924,Grocery,254,458
1925,Grocery,320,1024
1926,Electronics,45340,45718
1927,Fashion,1153,1749
1928,Grocery,261,786
1929,Home,5634,6526
1930,Electronics,37443,38695
1931,Grocery,236,1321
1932,Sports,3019,4818
1933,Electronics,18008,18376
1934,Grocery,62,1261
1935,Sports,1533,2706
1936,Sports,814,2099
1937,Fashion,4355,4495
1938,Home,2936,3438
1939,Sports,4692,6078
1940,Electronics,39654,40977
1941,Electronics,8440,8856
1942,Home,4361,5869
1943,Home,5712,5939
1944,Sports,6826,7971
1945,Sports,2353,2681
1946,Grocery,80,1861
1947,Grocery,152,726
1948,Sports,2849,2969
1949,Electronics,35961,37178
1950,Fashion,2936,4257
1951,Home,6669,7602
1952,Home,1931,2531
1953,Fashion,4054,4491
1954,Fashion,1984,3236
1955,Grocery,398,1702
1956,Electronics,48615,50303
1957,Sports,6620,8598
1958,Sports,4301,5651
1959,Electronics,45184,47009
1960,Sports,1501,1682
1961,Sports,7567,9493
1962,Sports,4010,5024
1963,Grocery,163,1693
1964,Fashion,2611,3820
1965,Home,1379,2515
1966,Sports,7735,8703
1967,Grocery,497,2005
1968,Home,2131,2809
1969,Sports,5868,6058
1970,Sports,7727,8240
1971,Sports,7443,8731
1972,Grocery,312,501
1973,Fashion,4844,5497
1974,Home,9350,9453
1975,Home,8487,8692
1976,Electronics,48914,49601
1977,Grocery,214,1905
1978,Sports,2215,3453
1979,Fashion,2034,2537
1980,Fashion,2202,3252
1981,Home,5066,5601
1982,Grocery,62,385
1983,Electronics,22707,24501
1984,Electronics,43257,45068
1985,Fashion,2426,2823
1986,Fashion,962,2685
1987,Fashion,1078,1601
1988,Fashion,2401,4159
1989,Home,4640,5921
1990,Fashion,1431,3037
1991,Fashion,1245,2609
1992,Home,5463,6189
1993,Home,8276,8928
1994,Electronics,34779,35098
1995,Sports,5104,5260
1996,Grocery,100,1282
1997,Electronics,14007,15236
1998,Fashion,4822,6054
1999,Home,3324,3719
2000,Grocery,144,1531
2001,Grocery,368,2168
2002,Grocery,266,892
2003,Fashion,2589,2900
2004,Electronics,17489,18456
2005,Fashion,569,2187
2006,Home,6382,8032
2007,Sports,1602,1734
2008,Electronics,16974,17385
2009,Electronics,28810,29121
2010,Home,9239,9655
2011,Electronics,22936,24458
2012,Electronics,43922,45853
2013,Grocery,286,640
2014,Home,3636,4759
2015,Grocery,126,1439
2016,Home,5129,6024
2017,Electronics,25597,27559
2018,Grocery,311,1053
2019,Fashion,3962,5285
2020,Grocery,414,2285
2021,Fashion,3072,3631
2022,Electronics,43865,45454
2023,Grocery,267,1374
2024,Home,6016,6379
2025,Electronics,25266,25802
2026,Fashion,4679,5628
2027,Home,8432,9805
2028,Home,8928,10318
2029,Home,8994,10319
2030,Home,1937,3208
2031,Electronics,44351,46102
2032,Sports,3842,5832
2033,Fashion,2149,2575
2034,Sports,4529,6509
2035,Home,6466,8333
2036,Fashion,1061,1640
2037,Electronics,29334,29503
2038,Home,6132,6679
2039,Sports,4867,5001
2040,Sports,6479,7185
2041,Electronics,41449,42448
2042,Sports,5697,6532
2043,Grocery,363,1015
2044,Sports,4298,5027
2045,Grocery,334,1356
2046,Home,6270,7119
2047,Grocery,96,956
2048,Sports,3572,3750
2049,Fashion,1566,2282
2050,Home,9183,9730
2051,Home,4631,4766
2052,Fashion,3785,5342
2053,Grocery,279,927
2054,Home,7973,9217
2055,Sports,1840,2531
2056,Home,1333,2210
2057,Fashion,1635,2409
2058,Electronics,14094,14956
2059,Fashion,3038,4672
2060,Sports,1701,2296
2061,Home,4199,5591
2062,Home,2379,4009
2063,Fashion,4729,5424
2064,Home,7739,9069
2065,Sports,1309,2392
2066,Grocery,112,1891
2067,Grocery,108,906
2068,Home,7011,8959
2069,Sports,6208,7669
2070,Fashion,2654,3878
2071,Fashion,1704,2560
2072,Electronics,33692,34556
2073,Fashion,3422,4286
2074,Grocery,140,1545
2075,Sports,1306,1890
2076,Electronics,16367,17036
2077,Electronics,44531,45418
2078,Home,1034,1484
2079,Home,7125,7228
2080,Electronics,17798,18585
2081,Electronics,25500,27349
2082,Electronics,48790,50681
2083,Grocery,172,1519
2084,Fashion,873,2516
2085,Fashion,672,1879
2086,Sports,4808,5256
2087,Electronics,17881,19538
2088,Fashion,1440,3426
2089,Home,5981,7314
2090,Home,4136,5761
2091,Home,6221,8164
2092,Electronics,28153,29032
2093,Sports,6770,7574
2094,Grocery,311,1511
2095,Grocery,306,2104
2096,Home,5574,6666
2097,Fashion,4317,6067
2098,Home,2326,3760
2099,Electronics,49837,51139
2100,Fashion,3633,3774
2101,Grocery,442,977
2102,Grocery,482,1917
2103,Grocery,206,1236
2104,Grocery,426,2399
2105,Grocery,303,1308
2106,Sports,7148,8806
2107,Sports,7032,8049
2108,Grocery,221,1662
2109,Grocery,61,955
2110,Sports,2754,2987
2111,Fashion,3452,4930
2112,Fashion,4224,5014
2113,Home,1224,3082
2114,Grocery,465,639
2115,Electronics,29862,31349
2116,Home,4311,5448
2117,Fashion,3696,5001
2118,Fashion,700,1121
2119,Grocery,416,1061
2120,Fashion,1070,2814
2121,Sports,1810,3167
2122,Grocery,110,959
2123,Fashion,3004,4606
2124,Fashion,1273,2817
2125,Electronics,36528,37198
2126,Home,5430,6384
2127,Grocery,485,1149
2128,Fashion,3189,4387
2129,Grocery,67,875
2130,Electronics,23219,25179
2131,Electronics,41926,43029
2132,Electronics,33933,34859
2133,Fashion,1931,2420
2134,Fashion,2570,3197
2135,Electronics,35761,36630
2136,Sports,5804,6307
2137,Grocery,188,956
2138,Grocery,287,1356
2139,Sports,6941,7628
2140,Fashion,1000,2415
2141,Grocery,158,950
2142,Grocery,198,1496
2143,Sports,7541,9541
2144,Home,4052,4800
2145,Sports,7153,8776
2146,Electronics,38178,39892
2147,Home,5149,6970
2148,Sports,6350,6631
2149,Fashion,2846,4751
2150,Fashion,1314,1899
2151,Grocery,293,2036
2152,Sports,6429,6642
2153,Electronics,19684,20909
2154,Electronics,23862,25221
2155,Sports,4118,4938
2156,Electronics,10084,10604
2157,Grocery,421,1385
2158,Fashion,4425,5122
2159,Home,3179,5051
2160,Electronics,28297,29750
2161,Electronics,38189,38768
2162,Electronics,41532,43512
2163,Home,5702,6120
2164,Grocery,242,1884
2165,Home,7005,7469
2166,Home,8669,9927
2167,Grocery,490,1827
2168,Grocery,220,810
2169,Home,4326,5525
2170,Sports,1236,1907
2171,Electronics,44888,45240
2172,Electronics,42479,42989
2173,Electronics,36228,37742
2174,Home,5669,6118
2175,Electronics,13836,15139
2176,Fashion,2899,3214
2177,Fashion,2050,2296
2178,Electronics,25256,25795
2179,Electronics,41014,42781
2180,Sports,2813,3263
2181,Electronics,46079,46464
2182,Electronics,35014,36956
2183,Home,5229,6588
2184,Grocery,419,988
2185,Fashion,590,1616
2186,Sports,4052,5854
2187,Grocery,367,2308
2188,Electronics,28568,29844
2189,Home,7871,8310
2190,Home,5018,5352
2191,Fashion,1393,2750
2192,Sports,3969,4941
2193,Fashion,3031,3954
2194,Sports,3980,5615
2195,Grocery,379,2366
2196,Electronics,25696,26386
2197,Electronics,14762,15449
2198,Sports,3979,4399
2199,Sports,4775,6171
2200,Electronics,15209,16889
2201,Electronics,10479,11389
2202,Fashion,757,950
2203,Electronics,17556,18324
2204,Home,7498,9249
2205,Electronics,28018,29618
2206,Home,1681,2265
2207,Home,5499,6773
2208,Fashion,3277,4371
2209,Home,1012,2097
2210,Electronics,24963,26604
2211,Sports,4315,5664
2212,Electronics,34814,35014
2213,Electronics,12891,13758
2214,Home,8693,10308
2215,Electronics,41910,42636
2216,Fashion,1147,2307
2217,Sports,6900,8336
2218,Grocery,455,1399
2219,Grocery,314,1901
2220,Fashion,4810,4943
2221,Grocery,421,1664
2222,Sports,1011,2535
2223,Grocery,393,1005
2224,Home,4089,5837
2225,Sports,2202,2951
2226,Sports,7347,9129
2227,Fashion,3190,3800
2228,Grocery,212,2139
2229,Fashion,3048,4270
2230,Home,6866,7851
2231,Sports,6332,7035
2232,Grocery,296,418
2233,Grocery,305,2277
2234,Electronics,46510,46675
2235,Fashion,4868,5413
2236,Sports,5486,5819
2237,Electronics,34584,35218
2238,Electronics,32535,34341
2239,Sports,2607,3890
2240,Fashion,3948,4982
2241,Home,1528,2681
2242,Fashion,817,1734
2243,Electronics,39833,40877
2244,Grocery,353,2029
2245,Home,2592,4540
2246,Sports,7459,9069
2247,Grocery,102,1255
2248,Grocery,450,1603
2249,Home,5368,6680
2250,Sports,2128,2593
2251,Electronics,45030,45543
2252,Home,2637,3239
2253,Grocery,204,2041
2254,Home,8099,9631
2255,Grocery,314,1545
2256,Fashion,4038,5451
2257,Home,4716,6322
2258,Home,8683,8867
2259,Electronics,47748,48122
2260,Grocery,201,1557
2261,Grocery,193,408
2262,Home,5338,6268
2263,Electronics,11667,12175
2264,Sports,4187,5514
2265,Home,1652,2040
2266,Electronics,13902,15861
2267,Fashion,3229,3329
2268,Fashion,2531,2984
2269,Electronics,15862,17270
2270,Fashion,4204,5095
2271,Sports,6873,8297
2272,Sports,4874,6113
2273,Electronics,46086,47532
2274,Fashion,3495,5351
2275,Sports,2517,4471
2276,Grocery,408,1368
2277,Sports,2920,4916
2278,Grocery,192,1646
2279,Electronics,22761,22996
2280,Grocery,410,1841
2281,Electronics,20803,22298
2282,Grocery,486,1108
2283,Grocery,277,605
2284,Home,9615,10731
2285,Home,8837,10441
2286,Electronics,16621,16900
2287,Electronics,46455,47233
2288,Fashion,2964,3701
2289,Fashion,2766,4498
2290,Electronics,26093,27617
2291,Fashion,772,1952
2292,Electronics,43819,44260
2293,Home,3220,4038
2294,Electronics,33296,33740
2295,Electronics,38014,38709
2296,Electronics,18959,20097
2297,Grocery,317,2214
2298,Electronics,39515,39790
2299,Sports,3758,5284
2300,Sports,3113,5099
2301,Home,5561,6531
2302,Fashion,872,1707
2303,Grocery,118,942
2304,Fashion,1787,3589
2305,Grocery,318,640
2306,Grocery,129,2111
2307,Grocery,262,1466
2308,Electronics,48845,49420
2309,Grocery,386,2309
2310,Fashion,759,1884
2311,Fashion,4334,5351
2312,Sports,6610,8518
2313,Grocery,162,418
2314,Sports,4387,5860
2315,Home,4811,6761
2316,Grocery,185,638
2317,Fashion,2668,3668
2318,Home,8931,9079
2319,Grocery,328,1285
2320,Electronics,45816,46480
2321,Grocery,366,1731
2322,Grocery,462,1639
2323,Grocery,118,2075
2324,Sports,2662,3348
2325,Sports,5393,7101
2326,Sports,4663,6133
2327,Electronics,17567,19213
2328,Sports,3749,5641
2329,Home,2296,3982
2330,Home,9457,11027
2331,Sports,2718,3382
2332,Grocery,481,1660
2333,Electronics,21745,22956
2334,Home,7741,8125
2335,Fashion,2586,4187
2336,Fashion,1850,3437
2337,Grocery,291,863
2338,Grocery,80,2018
2339,Grocery,173,1372
2340,Home,3261,3552
2341,Sports,4611,5263
2342,Fashion,1510,1805
2343,Electronics,29971,30401
2344,Electronics,48691,49848
2345,Electronics,23063,23213
2346,Fashion,4483,6456
2347,Fashion,2614,3144
2348,Electronics,21416,22276
2349,Fashion,710,2695
2350,Sports,4184,5871
2351,Grocery,182,1614
2352,Home,4038,5867
2353,Electronics,36699,37610
2354,Sports,7902,9863
2355,Sports,6048,7238
2356,Fashion,1349,1552
2357,Grocery,475,1581
2358,Grocery,326,1213
2359,Fashion,3862,5667
2360,Fashion,4402,5831
2361,Sports,3016,3276
2362,Home,3871,5710
2363,Home,5453,7182
2364,Home,5190,6111
2365,Sports,4640,5214
2366,Sports,5438,7282
2367,Electronics,37150,37760
2368,Grocery,422,1379
2369,Home,9705,10172
2370,Sports,6182,7513
2371,Home,6809,7717
2372,Fashion,4858,5513
2373,Sports,1766,3015
2374,Fashion,2085,3008
2375,Grocery,338,1119
2376,Sports,4699,5804
2377,Home,3456,4518
2378,Home,5352,6452
2379,Sports,5979,7630
2380,Electronics,7882,9052
2381,Sports,1285,1787
2382,Grocery,236,1500
2383,Sports,6073,6732
2384,Sports,6466,8423
2385,Home,1609,3343
2386,Grocery,437,1930
2387,Sports,1871,3525
2388,Electronics,32932,34048
2389,Fashion,1049,1486
2390,Grocery,122,2086
2391,Home,2713,4125
2392,Sports,7274,9162
2393,Sports,1927,3832
2394,Home,4224,5883
2395,Sports,2931,4291
2396,Fashion,945,2591
2397,Grocery,373,1036
2398,Grocery,262,505
2399,Fashion,3215,3930
2400,Grocery,252,1296
2401,Sports,2981,3258
2402,Fashion,4617,6140
2403,Grocery,75,1052
2404,Grocery,258,2215
2405,Electronics,36786,38765
2406,Fashion,3945,4635
2407,Fashion,1777,3746
2408,Grocery,68,1482
2409,Electronics,10502,11855
2410,Home,1459,2765
2411,Electronics,46018,47914
2412,Fashion,4973,6405
2413,Grocery,448,999
2414,Electronics,44670,46103
2415,Grocery,177,1699
2416,Fashion,4948,5457
2417,Home,5318,6109
2418,Home,3605,3950
2419,Electronics,15535,16263
2420,Grocery,479,1496
2421,Fashion,2964,4399
2422,Sports,4662,6647
2423,Electronics,37804,38020
2424,Fashion,895,2253
2425,Home,3508,4780
2426,Home,6884,7227
2427,Electronics,23951,24343
2428,Fashion,4097,4279
2429,Fashion,1936,3269
2430,Home,7022,8835
2431,Grocery,310,1619
2432,Fashion,1154,2639
2433,Electronics,17245,18046
2434,Sports,5816,7636
2435,Electronics,20157,20343
2436,Sports,5150,6085
2437,Sports,6021,6856
2438,Fashion,666,1322
2439,Grocery,369,883
2440,Fashion,910,2013
2441,Electronics,16804,18290
2442,Fashion,594,2063
2443,Electronics,8217,9198
2444,Fashion,1522,3410
2445,Fashion,2073,3897
2446,Home,3007,4228
2447,Fashion,2617,4357
2448,Fashion,2016,3573
2449,Fashion,4883,6872
2450,Home,7051,8394
2451,Electronics,9709,11501
2452,Home,1463,1919
2453,Sports,5043,5897
2454,Home,8407,9461
2455,Electronics,15733,16373
2456,Grocery,447,2427
2457,Home,4336,6250
2458,Electronics,13896,15848
2459,Sports,3935,4994
2460,Sports,6835,6977
2461,Fashion,1512,2457
2462,Sports,7988,9150
2463,Home,9311,9667
2464,Grocery,461,815
2465,Grocery,363,1629
2466,Electronics,19998,21539
2467,Home,9177,9598
2468,Home,4201,4887
2469,Electronics,47851,48547
2470,Electronics,18683,19199
2471,Grocery,411,1752
2472,Electronics,29775,31750
2473,Fashion,2315,2697
2474,Electronics,28497,29502
2475,Grocery,500,814
2476,Home,3623,5306
2477,Home,9621,11484
2478,Grocery,425,594
2479,Electronics,34611,36563
2480,Fashion,1259,2952
2481,Home,8091,8957
2482,Electronics,27053,28554
2483,Electronics,8041,9331
2484,Fashion,4982,5918
2485,Electronics,26736,26962
2486,Sports,7259,7451
2487,Fashion,4560,6155
2488,Electronics,20428,22122
2489,Electronics,38259,38967
2490,Electronics,25907,26143
2491,Electronics,13357,13850
2492,Home,4338,4965
2493,Grocery,475,733
2494,Sports,7091,8004
2495,Fashion,1070,1299
2496,Fashion,913,2833
2497,Grocery,447,1065
2498,Electronics,11557,12131
2499,Sports,5991,6336
2500,Sports,2762,3469
2501,Home,7471,9295
2502,Electronics,17617,19497
2503,Home,9663,10819
2504,Sports,1218,1925
2505,Electronics,26455,27402
2506,Electronics,7838,8396
2507,Grocery,172,505
2508,Grocery,175,1597
2509,Fashion,1007,1811
2510,Fashion,687,2048
2511,Home,6923,8780
2512,Fashion,1041,3003
2513,Home,7565,9070
2514,Sports,3067,5057
2515,Electronics,26068,27984
2516,Sports,4373,5896
2517,Electronics,12536,13139
2518,Grocery,492,1219
2519,Home,4624,6615
2520,Home,3464,3931
2521,Grocery,138,1256
2522,Electronics,12280,13063
2523,Fashion,4213,4871
2524,Electronics,13872,15622
2525,Home,1977,2462
2526,Electronics,26208,27385
2527,Sports,5555,6472
2528,Home,1080,2765
2529,Sports,1403,3373
2530,Grocery,381,1649
2531,Grocery,407,2045
2532,Home,4870,6603
2533,Grocery,124,738
2534,Fashion,859,1244
2535,Grocery,112,799
2536,Home,6823,6945
2537,Sports,5557,6390
2538,Home,3345,4952
2539,Sports,3681,4420
2540,Sports,6725,8569
2541,Sports,5551,6888
2542,Sports,4332,5355
2543,Electronics,39309,40697
2544,Home,6880,7121
2545,Fashion,2545,3300
2546,Home,1113,1430
2547,Sports,5595,5728
2548,Electronics,48861,49826
2549,Fashion,1785,2404
2550,Home,3725,5534
2551,Electronics,8357,10101
2552,Grocery,234,442
2553,Home,8243,10075
2554,Grocery,73,1267
2555,Fashion,1449,2452
2556,Home,7719,8105
2557,Electronics,30819,32243
2558,Fashion,2583,3586
2559,Sports,7130,7979
2560,Electronics,35771,37654
2561,Home,7906,8541
2562,Home,7780,8881
2563,Electronics,49627,51005
2564,Electronics,34292,35036
2565,Fashion,2647,3114
2566,Home,5446,5749
2567,Home,5355,6138
2568,Electronics,39046,39559
2569,Home,4143,5717
2570,Grocery,436,1908
2571,Electronics,28920,29829
2572,Fashion,2580,2966
2573,Fashion,1844,2153
2574,Sports,2877,3334
2575,Electronics,18047,19466
2576,Fashion,3898,5530
2577,Sports,2359,3145
2578,Electronics,28274,30214
2579,Home,8094,9244
2580,Grocery,494,2463
2581,Electronics,40704,42447
2582,Fashion,3967,5671
2583,Electronics,48389,49389
2584,Electronics,48067,49566
2585,Electronics,44956,46661
2586,Grocery,200,1435
2587,Sports,3857,5237
2588,Grocery,292,1892
2589,Home,5096,7026
2590,Electronics,15276,16856
2591,Home,1234,3144
2592,Electronics,25877,27098
2593,Electronics,7305,8404
2594,Home,3914,4127
2595,Sports,3142,4533
2596,Fashion,2638,3726
2597,Electronics,20219,21999
2598,Home,3843,5498
2599,Electronics,21312,21699
2600,Sports,2945,4879
2601,Grocery,372,1196
2602,Sports,1772,3300
2603,Electronics,33678,33955
2604,Fashion,1735,2526
2605,Grocery,406,968
2606,Home,8782,8909
2607,Fashion,3455,4360
2608,Grocery,366,989
2609,Sports,5088,5986
2610,Electronics,10291,10619
2611,Fashion,1494,2360
2612,Electronics,9564,10191
2613,Electronics,31725,32082
2614,Fashion,924,2199
2615,Electronics,7055,8246
2616,Electronics,25096,26589
2617,Sports,2726,3473
2618,Electronics,26985,27781
2619,Home,3164,3887
2620,Electronics,31698,32106
2621,Fashion,1635,3420
2622,Electronics,48046,48727
2623,Home,2017,2641
2624,Home,2382,3603
2625,Home,1789,2921
2626,Grocery,291,2057
2627,Electronics,30093,30221
2628,Sports,6293,7662
2629,Electronics,42960,44516
2630,Fashion,1691,3563
2631,Grocery,118,404
2632,Sports,1865,2434
2633,Sports,4239,5138
2634,Sports,5373,5711
2635,Grocery,78,1799
2636,Fashion,1793,2447
2637,Electronics,49252,49895
2638,Home,8951,10796
2639,Fashion,2497,3177
2640,Sports,2530,4179
2641,Fashion,4245,4810
2642,Electronics,47966,48259
2643,Home,1925,2583
2644,Electronics,39139,39494
2645,Home,9923,10718
2646,Grocery,345,1046
2647,Electronics,49775,50899
2648,Sports,6667,7019
2649,Sports,7547,8449
2650,Home,6286,8266
2651,Sports,1751,2243
2652,Home,5005,6630
2653,Electronics,10470,11889
2654,Home,7493,7981
2655,Home,6265,6869
2656,Fashion,1231,2555
2657,Sports,5070,5635
2658,Home,5827,6717
2659,Grocery,79,1293
2660,Sports,2624,3526
2661,Grocery,362,1162
2662,Fashion,524,688
2663,Sports,1074,3019
2664,Home,9199,10253
2665,Home,7830,9664
2666,Fashion,1593,1985
2667,Sports,7270,8325
2668,Home,1898,2290
2669,Sports,5761,6401
2670,Home,8422,9635
2671,Grocery,368,829
2672,Electronics,41314,42775
2673,Grocery,72,1167
2674,Home,2799,3835
2675,Fashion,828,2500
2676,Electronics,37834,39341
2677,Home,9346,9847
2678,Sports,6885,7050
2679,Sports,5338,5727
2680,Electronics,31245,32692
2681,Sports,3758,4798
2682,Home,6787,7526
2683,Home,4703,5183
2684,Sports,1217,1983
2685,Grocery,67,1239
2686,Home,4571,5833
2687,Fashion,3551,4353
2688,Sports,4287,5344
2689,Home,1975,2470
2690,Fashion,871,1775
2691,Fashion,621,1116
2692,Fashion,4258,4719
2693,Grocery,68,689
2694,Home,3562,4582
2695,Grocery,380,1873
2696,Electronics,39209,40976
2697,Grocery,310,971
2698,Fashion,979,2201
2699,Grocery,256,2216
2700,Home,9415,10131
2701,Grocery,322,1634
2702,Electronics,45142,46011
2703,Fashion,2550,2747
2704,Grocery,254,1627
2705,Electronics,38848,39965
2706,Home,5667,7438
2707,Home,1176,1303
2708,Home,7123,9089
2709,Fashion,2986,4401
2710,Fashion,4406,5361
2711,Fashion,1145,1998
2712,Fashion,2039,3965
2713,Home,4519,4888
2714,Sports,5534,6674
2715,Electronics,32370,33584
2716,Sports,2474,3177
2717,Sports,3250,4737
2718,Sports,7631,8768
2719,Sports,5938,6412
2720,Electronics,38534,39044
2721,Home,1972,2551
2722,Electronics,16186,17660
2723,Grocery,483,715
2724,Electronics,8378,10028
2725,Grocery,336,2223
2726,Electronics,5051,5234
2727,Home,5326,6549
2728,Home,2894,4142
2729,Grocery,347,1408
2730,Fashion,4178,6043
2731,Grocery,432,861
2732,Sports,3361,4020
2733,Home,1247,1917
2734,Grocery,160,655
2735,Electronics,49454,51063
2736,Grocery,83,355
2737,Electronics,42872,44615
2738,Sports,6683,7469
2739,Electronics,16875,17921
2740,Sports,4287,4548
2741,Grocery,214,526
2742,Home,6673,7836
2743,Fashion,1843,2796
2744,Sports,7239,8808
2745,Home,6995,8806
2746,Home,2164,3439
2747,Home,9591,11320
2748,Grocery,430,1594
2749,Sports,7098,7707
2750,Electronics,6965,7812
2751,Fashion,3727,4608
2752,Grocery,191,1093
2753,Electronics,41778,42985
2754,Sports,4985,6220
2755,Home,8027,8336
2756,Grocery,462,1776
2757,Fashion,3816,4679
2758,Grocery,337,1855
2759,Electronics,7312,8120
2760,Home,5266,6948
2761,Grocery,331,1617
2762,Home,6648,7248
2763,Sports,7942,8802
2764,Home,3614,4018
2765,Sports,4366,5480
2766,Fashion,1968,3692
2767,Home,4642,5931
2768,Sports,5459,6873
2769,Grocery,328,873
2770,Electronics,22762,24203
2771,Electronics,12806,12914
2772,Home,3023,4719
2773,Grocery,152,506
2774,Grocery,69,235
2775,Sports,6705,8304
2776,Electronics,28727,30584
2777,Sports,4742,4886
2778,Grocery,314,763
2779,Sports,5798,7225
2780,Home,1961,3887
2781,Electronics,34384,35610
2782,Sports,3155,4197
2783,Electronics,28013,28635
2784,Electronics,9654,9989
2785,Sports,7271,7416
2786,Grocery,108,1422
2787,Home,9742,10807
2788,Fashion,3531,4953
2789,Electronics,41117,41715
2790,Fashion,3631,4130
2791,Fashion,4428,5040
2792,Grocery,465,1973
2793,Grocery,347,486
2794,Sports,5852,7415
2795,Sports,6511,7810
2796,Grocery,416,1217
2797,Electronics,14405,15948
2798,Grocery,338,841
2799,Fashion,3660,4816
2800,Sports,6076,7577
2801,Home,2113,2959
2802,Sports,6020,6301
2803,Fashion,914,1331
2804,Sports,7979,8822
2805,Grocery,463,1063
2806,Sports,4201,4797
2807,Home,1351,2563
2808,Electronics,45399,47143
2809,Electronics,19422,20786
2810,Home,3232,3707
2811,Electronics,20156,20801
2812,Grocery,214,708
2813,Sports,4787,5735
2814,Electronics,20081,21298
2815,Home,9288,9887
2816,Electronics,14488,16074
2817,Fashion,3863,4890
2818,Fashion,3749,5215
2819,Sports,904,1507
2820,Sports,1844,1988
2821,Home,3269,3531
2822,Grocery,172,963
2823,Grocery,307,979
2824,Fashion,3889,4200
2825,Fashion,1825,3057
2826,Grocery,466,612
2827,Fashion,1388,1697
2828,Grocery,319,1683
2829,Home,1541,2659
2830,Home,9987,11138
2831,Home,1862,2877
2832,Home,8767,10314
2833,Fashion,2761,4196
2834,Fashion,3010,3926
2835,Electronics,22555,23667
2836,Sports,2219,3272
2837,Fashion,1963,2768
2838,Electronics,5552,7414
2839,Grocery,326,1071
2840,Fashion,3581,4527
2841,Fashion,3316,5158
2842,Sports,2027,3491
2843,Grocery,385,498
2844,Home,5072,5463
2845,Home,9953,10645
2846,Home,8121,8293
2847,Grocery,483,1332
2848,Home,4396,4868
2849,Fashion,4533,5968
2850,Electronics,40766,41143
2851,Electronics,24106,25585
2852,Electronics,12839,13098
2853,Sports,6518,6880
2854,Grocery,389,1492
2855,Home,8269,10020
2856,Grocery,300,1746
2857,Sports,2382,4366
2858,Fashion,3650,5152
2859,Sports,5897,7472
2860,Home,8953,10780
2861,Fashion,4099,5998
2862,Sports,7865,9851
2863,Fashion,3490,5367
2864,Electronics,21492,22521
2865,Home,1217,1325
2866,Grocery,285,695
2867,Grocery,249,873
2868,Sports,7806,9472
2869,Home,3849,5551
2870,Fashion,3282,4463
2871,Grocery,104,750
2872,Home,4946,6531
2873,Fashion,3282,4752
2874,Home,5743,7543
2875,Grocery,271,1019
2876,Grocery,60,216
2877,Grocery,114,865
2878,Grocery,51,1311
2879,Grocery,415,704
2880,Sports,1324,3018
2881,Home,2357,2649
2882,Sports,4158,5798
2883,Fashion,4707,5079
2884,Electronics,23889,24858
2885,Fashion,4356,5566
2886,Home,2376,2837
2887,Electronics,16619,17055
2888,Grocery,200,509
2889,Electronics,38922,39761
2890,Home,3689,4399
2891,Sports,6464,6862
2892,Electronics,38501,38824
2893,Fashion,3131,4032
2894,Grocery,222,1217
2895,Home,2614,2779
2896,Home,4355,4565
2897,Fashion,3230,4176
2898,Grocery,441,1756
2899,Fashion,801,2319
2900,Sports,2902,3801
2901,Grocery,185,603
2902,Fashion,2887,3336
2903,Electronics,14796,15277
2904,Home,5786,6978
2905,Grocery,106,284
2906,Grocery,343,827
2907,Sports,4703,6396
2908,Electronics,24559,26339
2909,Sports,6620,7356
2910,Sports,7672,7863
2911,Electronics,40461,41388
2912,Electronics,28471,29968
2913,Sports,5861,7124
2914,Electronics,28123,30035
2915,Fashion,2803,4116
2916,Sports,4231,4976
2917,Home,2909,4901
2918,Fashion,4132,4269
2919,Home,5469,6186
2920,Electronics,8659,10264
2921,Sports,5048,5871
2922,Sports,901,1946
2923,Sports,6177,8065
2924,Sports,3472,3823
2925,Grocery,296,1195
2926,Fashion,1718,3416
2927,Home,7303,9267
2928,Home,1341,2535
2929,Fashion,3020,4597
2930,Electronics,31170,31368
2931,Electronics,14633,14989
2932,Home,1924,3823
2933,Electronics,42503,43916
2934,Grocery,459,2244
2935,Sports,4413,5153
2936,Fashion,4566,5923
2937,Sports,3120,4090
2938,Electronics,8925,9534
2939,Fashion,771,2504
2940,Fashion,1092,2379
2941,Home,7259,8617
2942,Home,4594,5948
2943,Sports,4018,4193
2944,Home,8271,9796
2945,Grocery,205,837
2946,Home,1455,2968
2947,Home,5548,7073
2948,Grocery,237,1809
2949,Grocery,436,1168
2950,Sports,7410,7915
2951,Electronics,21926,22522
2952,Home,7572,7981
2953,Fashion,887,1916
2954,Home,2166,3513
2955,Grocery,171,2166
2956,Fashion,1312,2581
2957,Grocery,198,2044
2958,Home,4353,5702
2959,Electronics,13152,14740
2960,Sports,947,2582
2961,Electronics,13595,13697
2962,Electronics,15490,16314
2963,Electronics,30063,30544
2964,Electronics,38747,40490
2965,Home,9721,10149
2966,Grocery,94,289
2967,Fashion,3076,3596
2968,Grocery,88,1834
2969,Fashion,3830,5624
2970,Grocery,485,841
2971,Grocery,383,1118
2972,Sports,1074,3028
2973,Sports,5418,5969
2974,Electronics,6910,8127
2975,Grocery,473,1473
2976,Grocery,218,1150
2977,Fashion,1107,1858
2978,Fashion,1349,2741
2979,Grocery,358,800
2980,Sports,6416,8191
2981,Home,3122,4373
2982,Sports,7804,9423
2983,Grocery,200,1022
2984,Fashion,2886,3467
2985,Fashion,649,2058
2986,Sports,2960,4140
2987,Grocery,375,1435
2988,Sports,3616,5528
2989,Grocery,164,523
2990,Grocery,393,2339
2991,Electronics,40933,41363
2992,Sports,5975,6695
2993,Sports,4504,6060
2994,Home,2867,3905
2995,Home,9715,10573
2996,Sports,6988,7160
2997,Electronics,23559,23768
2998,Sports,5940,6464
2999,Grocery,323,879
3000,Fashion,1308,1746
3001,Electronics,29817,30119
3002,Grocery,73,943
3003,Grocery,405,1195
3004,Electronics,12042,12167
3005,Electronics,5253,6058
3006,Home,1673,1958
3007,Home,6937,7969
3008,Grocery,457,1992
3009,Fashion,3678,4131
3010,Home,8229,9235
3011,Grocery,307,685
3012,Grocery,374,1183
3013,Home,7551,9494
3014,Home,6194,7984
3015,Home,6849,8670
3016,Electronics,23586,24005
3017,Grocery,179,739
3018,Fashion,1271,1513
3019,Grocery,60,559
3020,Electronics,43079,43271
3021,Fashion,3409,5147
3022,Home,4263,5889
3023,Home,8253,8795
3024,Home,9723,11544
3025,Grocery,449,1316
3026,Grocery,322,1341
3027,Electronics,7539,8594
3028,Fashion,3906,4954
3029,Grocery,122,293
3030,Grocery,316,1642
3031,Electronics,29873,31399
3032,Home,7455,9153
3033,Fashion,4809,5096
3034,Home,4299,5265
3035,Sports,2569,3987
3036,Home,8448,9781
3037,Home,7601,8457
3038,Home,3640,3855
3039,Electronics,25097,25684
3040,Grocery,266,552
3041,Home,6779,7915
3042,Electronics,22012,23186
3043,Sports,2855,3992
3044,Fashion,4398,5867
3045,Home,9915,11069
3046,Home,3079,3516
3047,Electronics,14298,14859
3048,Fashion,3541,4372
3049,Grocery,144,1041
3050,Fashion,620,1340
3051,Home,5761,6646
3052,Home,7217,7878
3053,Home,5143,6942
3054,Sports,5497,6247
3055,Electronics,13462,14340
3056,Home,6913,7835
3057,Home,8489,9688
3058,Electronics,7430,8120
3059,Fashion,4129,5108
3060,Home,9150,9742
3061,Sports,5536,6953
3062,Sports,7395,7569
3063,Fashion,689,2493
3064,Electronics,44753,45249
3065,Grocery,479,1125
3066,Home,6466,7001
3067,Grocery,213,766
3068,Fashion,3339,4000
3069,Electronics,41244,41469
3070,Grocery,421,1195
3071,Home,8272,8813
3072,Grocery,228,1856
3073,Home,2732,4176
3074,Fashion,2531,4036
3075,Sports,2711,3571
3076,Electronics,15808,17117
3077,Sports,7480,8328
3078,Fashion,4375,6276
3079,Grocery,317,1155
3080,Fashion,4714,5967
3081,Sports,1131,3005
3082,Sports,3954,5878
3083,Fashion,1859,2457
3084,Electronics,7651,8864
3085,Electronics,49099,49406
3086,Sports,5557,7185
3087,Sports,3762,4033
3088,Sports,4779,6346
3089,Home,9418,10330
3090,Sports,4851,5777
3091,Grocery,398,726
3092,Electronics,21859,23379
3093,Sports,2781,3323
3094,Sports,5774,7579
3095,Home,3345,4651
3096,Grocery,240,1701
3097,Sports,6986,8069
3098,Grocery,175,990
3099,Electronics,31049,31613
3100,Home,4583,6275
3101,Sports,4975,6253
3102,Sports,2427,2544
3103,Electronics,14609,15354
3104,Sports,4994,5573
3105,Sports,5779,7683
3106,Electronics,23209,24626
3107,Grocery,208,1880
3108,Electronics,8962,10064
3109,Sports,3134,3351
3110,Electronics,45457,46151
3111,Electronics,21169,22867
3112,Electronics,21876,23799
3113,Electronics,15787,16410
3114,Sports,3263,3539
3115,Fashion,2704,4022
3116,Home,7059,7790
3117,Fashion,3578,4407
3118,Sports,4545,5842
3119,Grocery,426,1029
3120,Electronics,46796,47922
3121,Fashion,2137,2850
3122,Sports,5229,6935
3123,Grocery,452,1972
3124,Fashion,1710,2029
3125,Sports,5183,5935
3126,Electronics,40223,40806
3127,Grocery,114,447
3128,Electronics,46189,46500
3129,Electronics,46622,46766
3130,Grocery,56,845
3131,Sports,4798,5073
3132,Electronics,9918,11080
3133,Grocery,186,1541
3134,Fashion,2043,2545
3135,Grocery,170,1133
3136,Fashion,2559,4518
3137,Sports,869,1019
3138,Home,5453,7429
3139,Sports,3538,3984
3140,Electronics,24604,26016
3141,Home,8574,9551
3142,Grocery,292,1552
3143,Fashion,4063,4235
3144,Electronics,14746,16016
3145,Sports,1046,1405
3146,Fashion,4459,5430
3147,Fashion,2841,3784
3148,Fashion,3551,4080
3149,Electronics,47265,48536
3150,Grocery,153,915
3151,Grocery,238,1671
3152,Home,8199,10176
3153,Grocery,361,2282
3154,Electronics,13379,15146
3155,Home,2979,4892
3156,Fashion,1356,1808
3157,Sports,6917,8507
3158,Fashion,3039,4595
3159,Grocery,56,1133
3160,Sports,3893,5246
3161,Home,5417,7396
3162,Electronics,39869,39987
3163,Grocery,277,2171
3164,Home,9787,10353
3165,Electronics,42800,44574
3166,Home,6794,8278
3167,Electronics,23425,25352
3168,Electronics,14197,15641
3169,Home,9076,10457
3170,Sports,6605,7558
3171,Home,7501,8881
3172,Grocery,431,1488
3173,Sports,3704,5036
3174,Fashion,3208,3784
3175,Electronics,21594,22552
3176,Sports,1602,3371
3177,Sports,6760,6894
3178,Fashion,2401,3885
3179,Home,6080,6804
3180,Fashion,4698,5637
3181,Home,3163,3807
3182,Sports,7473,8425
3183,Electronics,48150,48800
3184,Fashion,4955,5982
3185,Electronics,7989,8650
3186,Electronics,48477,50303
3187,Fashion,1964,3151
3188,Home,6083,6941
3189,Grocery,282,965
3190,Sports,2396,3683
3191,Sports,5956,7218
3192,Fashion,1124,3106
3193,Electronics,16654,18147
3194,Home,2533,3649
3195,Home,3960,4329
3196,Sports,1417,2828
3197,Electronics,14949,15068
3198,Grocery,118,633
3199,Grocery,148,1410
3200,Sports,2616,4089
3201,Sports,6505,8496
3202,Fashion,4738,5043
3203,Home,1566,2956
3204,Grocery,140,366
3205,Grocery,113,1902
3206,Electronics,33685,35343
3207,Fashion,4066,5448
3208,Fashion,2851,4667
3209,Sports,2203,3480
3210,Electronics,10666,10847
3211,Sports,6758,7466
3212,Grocery,76,1298
3213,Grocery,282,1842
3214,Home,7480,9083
3215,Home,3353,4032
3216,Home,5643,7159
3217,Sports,3068,3966
3218,Home,4267,4900
3219,Electronics,39122,40649
3220,Sports,7236,8193
3221,Fashion,1169,1628
3222,Fashion,3244,3848
3223,Fashion,1512,2069
3224,Home,5677,7118
3225,Sports,7874,8280
3226,Home,7446,8943
3227,Grocery,334,1245
3228,Sports,2514,3045
3229,Electronics,19465,20290
3230,Grocery,120,1094
3231,Home,4092,5538
3232,Grocery,261,2178
3233,Home,1955,3585
3234,Sports,6490,6752
3235,Home,3436,4917
3236,Home,1105,2649
3237,Electronics,18724,19239
3238,Sports,1701,3084
3239,Home,2871,4219
3240,Sports,1093,2875
3241,Fashion,4578,5004
3242,Grocery,102,2010
3243,Grocery,485,1925
3244,Fashion,2322,2779
3245,Home,8410,9345
3246,Electronics,11874,13588
3247,Home,8879,9980
3248,Electronics,10112,11434
3249,Grocery,129,264
3250,Home,2728,3689
3251,Home,4519,5465
3252,Electronics,44299,45499
3253,Sports,4299,5222
3254,Sports,1038,2919
3255,Electronics,18134,19516
3256,Fashion,2926,4659
3257,Fashion,2929,4604
3258,Fashion,3671,5569
3259,Sports,1600,1849
3260,Home,2580,3713
3261,Fashion,2835,2943
3262,Electronics,5520,7496
3263,Electronics,6805,7025
3264,Home,5516,7216
3265,Home,3572,4024
3266,Sports,6830,7980
3267,Fashion,2547,2729
3268,Home,7787,7995
3269,Fashion,4286,4814
3270,Electronics,46227,46588
3271,Electronics,8845,9729
3272,Electronics,22788,23189
3273,Fashion,1131,3033
3274,Electronics,24876,26013
3275,Grocery,410,1820
3276,Grocery,493,1409
3277,Fashion,2574,3440
3278,Sports,6287,7263
3279,Electronics,27459,28698
3280,Electronics,12343,14217
3281,Grocery,264,2256
3282,Fashion,892,2888
3283,Sports,3353,3954
3284,Sports,6354,7931
3285,Fashion,2202,2803
3286,Grocery,293,1340
3287,Home,9483,10556
3288,Sports,2733,3059
3289,Electronics,45178,46081
3290,Grocery,423,1292
3291,Fashion,1250,2699
3292,Home,4222,4482
3293,Grocery,367,564
3294,Home,7558,9273
3295,Electronics,34617,34869
3296,Fashion,3411,5229
3297,Electronics,21768,22864
3298,Grocery,497,1459
3299,Fashion,4813,4943
3300,Home,3210,5163
3301,Sports,2383,3026
3302,Grocery,413,2225
3303,Grocery,478,990
3304,Home,3408,4110
3305,Grocery,281,1501
3306,Home,5245,7154
3307,Home,9094,9791
3308,Home,4857,6488
3309,Electronics,24596,25124
3310,Fashion,3761,4679
3311,Home,6062,7035
3312,Grocery,327,1155
3313,Home,8596,9878
3314,Electronics,41923,42118
3315,Electronics,12399,12900
3316,Fashion,2419,3501
3317,Fashion,2313,3626
3318,Electronics,23566,24305
3319,Fashion,3662,4209
3320,Home,6558,8028
3321,Fashion,767,2459
3322,Fashion,4965,5432
3323,Electronics,30886,31379
3324,Fashion,1423,3420
3325,Home,7281,7645
3326,Grocery,448,1959
3327,Grocery,339,1694
3328,Electronics,26670,28529
3329,Home,8473,9434
3330,Sports,6295,7744
3331,Sports,5545,6057
3332,Home,1849,2886
3333,Fashion,2496,4197
3334,Electronics,28707,30154
3335,Sports,6536,7361
3336,Fashion,1105,2098
3337,Electronics,38012,39616
3338,Electronics,43935,45423
3339,Electronics,38741,40485
3340,Home,1622,1900
3341,Home,7607,8603
3342,Electronics,12941,13766
3343,Fashion,947,2081
3344,Sports,2191,3908
3345,Grocery,233,1901
3346,Grocery,61,1650
3347,Home,7318,7604
3348,Sports,1410,1531
3349,Home,3020,3977
3350,Electronics,22368,22858
3351,Home,8910,9351
3352,Home,5981,6943
3353,Electronics,49588,50438
3354,Electronics,8900,9991
3355,Grocery,287,1589
3356,Home,8308,9511
3357,Electronics,10059,12039
3358,Home,1989,3809
3359,Home,9681,9861
3360,Home,9107,10673
3361,Grocery,109,1263
3362,Fashion,2065,2938
3363,Grocery,187,847
3364,Grocery,419,1530
3365,Sports,6422,7292
3366,Home,3440,3980
3367,Electronics,16183,16678
3368,Grocery,206,331
3369,Home,4300,4608
3370,Electronics,7514,9335
3371,Grocery,460,654
3372,Grocery,65,1252
3373,Grocery,126,1779
3374,Home,3910,5652
3375,Grocery,91,1814
3376,Grocery,325,1627
3377,Grocery,412,644
3378,Home,9299,10426
3379,Sports,7031,8210
3380,Fashion,2822,3488
3381,Sports,6286,7418
3382,Fashion,4770,5737
3383,Sports,2672,4319
3384,Electronics,43873,45528
3385,Fashion,4160,5167
3386,Sports,5754,6645
3387,Home,5626,7437
3388,Grocery,484,870
3389,Fashion,3608,5192
3390,Sports,6788,7766
3391,Fashion,1338,3037
3392,Sports,5593,6036
3393,Sports,4036,4351
3394,Sports,2066,3022
3395,Electronics,38925,40193
3396,Sports,1118,1815
3397,Electronics,19007,19189
3398,Sports,5511,7410
3399,Fashion,3731,4556
3400,Electronics,23412,24955
3401,Electronics,24652,26002
3402,Sports,7404,8964
3403,Grocery,170,2052
3404,Sports,6348,7355
3405,Sports,6758,7391
3406,Fashion,3976,5434
3407,Home,4753,6346
3408,Fashion,3929,4676
3409,Electronics,46434,48035
3410,Fashion,2204,2576
3411,Grocery,486,788
3412,Sports,935,1285
3413,Sports,7166,8183
3414,Electronics,10128,11722
3415,Home,9606,11503
3416,Home,1521,3251
3417,Grocery,284,2250
3418,Grocery,380,925
3419,Home,6688,8505
3420,Fashion,2176,2910
3421,Fashion,2467,3077
3422,Fashion,1144,2645
3423,Electronics,25959,26330
3424,Home,5570,7408
3425,Electronics,19325,20758
3426,Grocery,488,1890
3427,Electronics,28003,28799
3428,Electronics,44214,44690
3429,Sports,3443,5318
3430,Home,4415,5392
3431,Fashion,3202,4269
3432,Home,1101,2015
3433,Home,5816,7719
3434,Grocery,86,524
3435,Grocery,398,2070
3436,Electronics,22138,22828
3437,Grocery,485,631
3438,Fashion,1222,2808
3439,Grocery,70,1947
3440,Fashion,2854,3457
3441,Grocery,456,1066
3442,Home,6892,8768
3443,Fashion,3026,3647
3444,Sports,1953,3632
3445,Electronics,41777,42024
3446,Fashion,1242,1561
3447,Electronics,33814,35268
3448,Electronics,49648,51402
3449,Home,9976,11579
3450,Grocery,158,1694
3451,Grocery,222,395
3452,Sports,3470,4784
3453,Home,4804,5797
3454,Electronics,41609,42237
3455,Electronics,25170,25776
3456,Home,5930,7175
3457,Fashion,798,1018
3458,Fashion,1558,2004
3459,Fashion,1481,2029
3460,Sports,5841,6414
3461,Sports,7930,8067
3462,Home,2900,3598
3463,Sports,1074,1357
3464,Grocery,482,790
3465,Fashion,3898,5115
3466,Sports,2726,3515
3467,Grocery,346,2334
3468,Grocery,389,1812
3469,Electronics,22032,23118
3470,Grocery,319,2236
3471,Home,1535,3161
3472,Grocery,194,1416
3473,Grocery,156,283
3474,Electronics,13960,15363
3475,Sports,1315,2071
3476,Fashion,4998,5468
3477,Home,9617,9759
3478,Fashion,4255,5195
3479,Grocery,161,1729
3480,Home,2691,2839
3481,Grocery,322,1691
3482,Home,7840,9722
3483,Home,6341,6683
3484,Home,5077,6150
3485,Sports,1826,2734
3486,Fashion,633,2136
3487,Grocery,330,1570
3488,Electronics,15344,16924
3489,Fashion,4191,5140
3490,Sports,4129,5939
3491,Home,6320,7247
3492,Home,2192,3856
3493,Fashion,1049,2092
3494,Electronics,22893,23926
3495,Home,7426,8095
3496,Grocery,278,456
3497,Electronics,11932,12132
3498,Grocery,233,1600
3499,Electronics,42536,42955
3500,Grocery,316,2047
3501,Fashion,3767,5697
3502,Electronics,38242,39479
3503,Electronics,29049,30393
3504,Grocery,361,1826
3505,Grocery,65,1100
3506,Sports,7789,8889
3507,Home,4361,4810
3508,Sports,7774,9209
3509,Sports,1309,2399
3510,Electronics,15477,16848
3511,Fashion,1632,1998
3512,Electronics,42943,43278
3513,Fashion,988,1265
3514,Grocery,493,2365
3515,Sports,5565,7140
3516,Fashion,1308,1708
3517,Fashion,839,2311
3518,Grocery,236,992
3519,Electronics,22576,24490
3520,Home,1764,2133
3521,Fashion,771,1876
3522,Sports,2917,4292
3523,Sports,2504,2624
3524,Grocery,413,656
3525,Grocery,391,541
3526,Home,2710,2905
3527,Sports,3532,3740
3528,Sports,6928,8886
3529,Sports,1723,3337
3530,Grocery,466,2456
3531,Sports,3202,4043
3532,Fashion,563,2310
3533,Sports,5532,5798
3534,Fashion,4809,6596
3535,Sports,6663,6935
3536,Grocery,474,2281
3537,Grocery,499,655
3538,Grocery,364,1397
3539,Grocery,96,2077
3540,Grocery,117,977
3541,Fashion,2509,3303
3542,Fashion,3739,5515
3543,Home,8586,9201
3544,Electronics,28767,29151
3545,Home,7562,7768
3546,Sports,4704,6482
3547,Home,8195,9443
3548,Home,4841,5870
3549,Sports,6973,8778
3550,Electronics,37043,38303
3551,Grocery,230,1518
3552,Sports,3217,3790
3553,Home,1612,3595
3554,Sports,6404,6586
3555,Grocery,408,754
3556,Fashion,1259,2448
3557,Sports,4765,5179
3558,Fashion,1375,1802
3559,Home,6507,8029
3560,Home,2731,3470
3561,Grocery,369,1406
3562,Electronics,22909,23842
3563,Fashion,4642,5545
3564,Home,4436,4739
3565,Grocery,237,1343
3566,Home,9089,9788
3567,Electronics,12188,13435
3568,Grocery,173,663
3569,Home,5813,7157
3570,Grocery,156,792
3571,Fashion,4507,4889
3572,Home,8140,8720
3573,Home,6700,8386
3574,Sports,7611,9078
3575,Home,6527,7235
3576,Sports,2155,3750
3577,Grocery,427,1730
3578,Home,3510,3850
3579,Fashion,3269,4768
3580,Electronics,26378,28210
3581,Home,3770,4792
3582,Electronics,28871,30372
3583,Sports,2763,3695
3584,Fashion,4643,6577
3585,Electronics,21694,23333
3586,Home,3979,5582
3587,Electronics,17193,19048
3588,Grocery,126,955
3589,Home,3295,5211
3590,Home,6919,8628
3591,Grocery,398,1457
3592,Home,8958,9248
3593,Grocery,199,415
3594,Electronics,10402,11711
3595,Grocery,312,1787
3596,Electronics,27611,28527
3597,Electronics,40181,41659
3598,Sports,7235,8936
3599,Home,5859,6616
3600,Grocery,236,1512
3601,Sports,6873,8829
3602,Sports,4742,5345
3603,Grocery,202,1467
3604,Sports,4907,6560
3605,Home,9195,9495
3606,Sports,3094,4887
3607,Grocery,52,632
3608,Electronics,37273,37622
3609,Sports,6585,6702
3610,Electronics,44734,46716
3611,Sports,5036,6910
3612,Electronics,34458,34571
3613,Grocery,332,1687
3614,Grocery,477,1754
3615,Electronics,8620,10064
3616,Grocery,450,840
3617,Electronics,34007,34127
3618,Grocery,308,1407
3619,Home,3665,5599
3620,Home,5689,6098
3621,Fashion,2422,3375
3622,Grocery,74,1543
3623,Grocery,417,853
3624,Sports,3878,5241
3625,Fashion,3671,4765
3626,Sports,6051,7436
3627,Home,4859,6212
3628,Grocery,437,830
3629,Fashion,4255,5879
3630,Sports,3383,3506
3631,Fashion,4841,6245
3632,Electronics,18588,19095
3633,Sports,1305,3260
3634,Electronics,39494,39739
3635,Grocery,426,824
3636,Home,7147,7721
3637,Grocery,415,536
3638,Sports,3936,5179
3639,Sports,7089,7989
3640,Grocery,81,1175
3641,Electronics,25918,26481
3642,Grocery,437,1999
3643,Sports,977,1820
3644,Sports,1375,2186
3645,Sports,3605,5083
3646,Fashion,2909,3235
3647,Grocery,363,1437
3648,Fashion,500,1621
3649,Fashion,3898,4680
3650,Fashion,4405,5865
3651,Grocery,92,1363
3652,Sports,6855,8550
3653,Sports,5972,6461
3654,Sports,2820,3920
3655,Fashion,1572,2814
3656,Electronics,7030,8181
3657,Home,1368,2153
3658,Fashion,4975,5251
3659,Home,3947,4754
3660,Fashion,3746,5131
3661,Grocery,500,2428
3662,Sports,1998,2507
3663,Electronics,45341,46479
3664,Electronics,17717,18422
3665,Electronics,6301,7253
3666,Grocery,305,1122
3667,Fashion,4471,6093
3668,Electronics,45245,45427
3669,Home,3433,4989
3670,Home,1240,2098
3671,Fashion,4816,6553
3672,Home,1557,2346
3673,Fashion,515,1310
3674,Sports,4229,5554
3675,Home,8204,9848
3676,Grocery,216,540
3677,Grocery,103,1952
3678,Sports,4020,5219
3679,Sports,7574,8159
3680,Sports,3322,4163
3681,Home,6257,8043
3682,Home,4707,6682
3683,Home,2954,3772
3684,Fashion,2120,2729
3685,Grocery,190,752
3686,Sports,6968,7315
3687,Fashion,4932,5869
3688,Sports,3038,4028
3689,Electronics,12591,13758
3690,Grocery,133,430
3691,Home,2912,4414
3692,Electronics,43787,44301
3693,Fashion,1970,3772
3694,Grocery,111,1542
3695,Grocery,211,1223
3696,Sports,4651,5198
3697,Home,8486,8832
3698,Fashion,2758,3991
3699,Electronics,32163,33171
3700,Home,8412,10267
3701,Fashion,2589,4233
3702,Electronics,27002,27584
3703,Electronics,15231,15899
3704,Fashion,3280,4175
3705,Electronics,32610,33862
3706,Home,5740,6904
3707,Fashion,4961,6595
3708,Sports,5665,7257
3709,Fashion,1096,2286
3710,Grocery,392,2363
3711,Fashion,4889,6026
3712,Sports,5442,6510
3713,Fashion,4581,4744
3714,Electronics,38164,38966
3715,Fashion,4464,5946
3716,Electronics,37371,38423
3717,Fashion,688,1443
3718,Electronics,30130,31059
3719,Grocery,131,757
3720,Sports,1650,3464
3721,Grocery,439,1254
3722,Sports,3438,5379
3723,Home,7214,8160
3724,Electronics,46380,47896
3725,Home,1934,2853
3726,Electronics,11410,13166
3727,Home,4670,5003
3728,Home,4824,5200
3729,Electronics,30380,31116
3730,Grocery,340,1411
3731,Fashion,701,1208
3732,Grocery,217,2080
3733,Home,9709,10764
3734,Grocery,218,1289
3735,Electronics,32185,33863
3736,Electronics,20761,21158
3737,Sports,4653,6201
3738,Sports,3404,4935
3739,Electronics,6475,6647
3740,Sports,5793,6852
3741,Grocery,211,911
3742,Grocery,284,1537
3743,Fashion,3842,5381
3744,Home,8000,9434
3745,Sports,7192,8311
3746,Home,5427,7183
3747,Electronics,13542,14628
3748,Fashion,1851,2105
3749,Fashion,1091,3080
3750,Home,2615,3497
3751,Grocery,315,1578
3752,Fashion,1112,1888
3753,Home,5926,7080
3754,Fashion,2953,4689
3755,Electronics,10375,11328
3756,Home,3077,4293
3757,Grocery,384,1571
3758,Sports,4605,5102
3759,Electronics,9964,11166
3760,Fashion,3356,3463
3761,Grocery,97,996
3762,Home,6099,7990
3763,Electronics,32188,32554
3764,Electronics,27002,27714
3765,Sports,2467,3046
3766,Grocery,331,900
3767,Electronics,25715,26012
3768,Fashion,4343,6272
3769,Fashion,721,1688
3770,Home,9021,9466
3771,Sports,5385,5537
3772,Sports,7814,8492
3773,Grocery,356,2279
3774,Fashion,2924,4045
3775,Home,9585,10379
3776,Fashion,2305,3876
3777,Sports,7046,7296
3778,Electronics,29638,30368
3779,Grocery,344,1900
3780,Home,4412,4653
3781,Electronics,32920,33850
3782,Fashion,2145,3211
3783,Sports,6790,7798
3784,Grocery,178,1690
3785,Fashion,4704,5695
3786,Home,8858,9035
3787,Electronics,36468,37351
3788,Grocery,199,886
3789,Sports,5375,6716
3790,Fashion,2498,3951
3791,Home,1104,1214
3792,Grocery,62,1367
3793,Home,8147,8486
3794,Sports,6834,6973
3795,Grocery,455,880
3796,Sports,828,1536
3797,Sports,5511,7123
3798,Sports,2803,3768
3799,Grocery,141,1016
3800,Grocery,70,2052
3801,Electronics,44779,46012
3802,Fashion,3090,4322
3803,Fashion,1823,1978
3804,Home,1837,2984
3805,Sports,7385,8864
3806,Home,5375,6820
3807,Fashion,1618,2784
3808,Fashion,1346,2385
3809,Sports,3670,3888
3810,Electronics,18764,20228
3811,Fashion,911,1556
3812,Grocery,215,1070
3813,Grocery,146,1738
3814,Fashion,4854,5132
3815,Electronics,43238,44734
3816,Electronics,35584,37442
3817,Sports,1793,2094
3818,Home,6551,7198
3819,Grocery,266,1561
3820,Sports,5538,6367
3821,Fashion,4818,6766
3822,Fashion,1140,1590
3823,Grocery,55,1602
3824,Home,4355,5570
3825,Grocery,440,1646
3826,Electronics,44858,45620
3827,Electronics,49808,50299
3828,Sports,3281,5110
3829,Grocery,172,685
3830,Fashion,3456,4102
3831,Grocery,299,444
3832,Grocery,499,1189
3833,Fashion,4647,4966
3834,Fashion,764,2458
3835,Fashion,3442,5106
3836,Grocery,220,1323
3837,Sports,5117,6093
3838,Grocery,312,717
3839,Sports,2825,3956
3840,Grocery,70,1850
3841,Electronics,39370,40756
3842,Electronics,43679,44750
3843,Home,3143,4064
3844,Sports,7430,7876
3845,Sports,3260,4903
3846,Fashion,4427,5371
3847,Fashion,1399,2343
3848,Electronics,41278,43193
3849,Home,8778,10379
3850,Electronics,20436,21122
3851,Home,4491,5731
3852,Sports,5603,7175
3853,Grocery,397,1563
3854,Grocery,249,825
3855,Electronics,19766,20153
3856,Grocery,401,1975
3857,Sports,5749,6469
3858,Sports,1900,3451
3859,Electronics,38355,38707
3860,Home,2643,4068
3861,Fashion,4781,6334
3862,Fashion,3858,5216
3863,Grocery,66,644
3864,Grocery,498,1244
3865,Sports,7956,8827
3866,Electronics,33889,35687
3867,Home,1841,3242
3868,Grocery,270,1953
3869,Sports,7296,7911
3870,Grocery,151,1173
3871,Fashion,3681,4185
3872,Electronics,46577,47089
3873,Electronics,31795,33193
3874,Electronics,6410,7092
3875,Fashion,2727,3343
3876,Grocery,167,1347
3877,Fashion,4109,5543
3878,Home,3616,4943
3879,Home,5762,6707
3880,Fashion,1502,3207
3881,Sports,1541,1879
3882,Home,8435,9731
3883,Electronics,38340,38912
3884,Home,2386,3289
3885,Sports,5803,6836
3886,Fashion,883,2404
3887,Home,1739,3611
3888,Fashion,3733,4603
3889,Home,1519,2170
3890,Electronics,25214,26247
3891,Fashion,2355,3354
3892,Electronics,27215,27839
3893,Home,8861,10654
3894,Sports,1151,1809
3895,Sports,7973,9821
3896,Sports,5163,5514
3897,Home,7827,9356
3898,Home,6648,6937
3899,Grocery,184,1809
3900,Sports,2330,3788
3901,Home,9282,9821
3902,Home,2456,3239
3903,Electronics,38524,39413
3904,Grocery,351,1283
3905,Sports,5376,6278
3906,Home,2284,3956
3907,Sports,5043,6133
3908,Sports,3011,4674
3909,Fashion,2448,4218
3910,Sports,1866,3306
3911,Grocery,359,890
3912,Sports,1544,3276
3913,Grocery,300,2170
3914,Fashion,2760,3713
3915,Fashion,1827,2827
3916,Home,4154,5385
3917,Electronics,28720,28907
3918,Electronics,21726,22483
3919,Fashion,4364,4810
3920,Grocery,380,1215
3921,Sports,7710,8433
3922,Sports,5127,5538
3923,Home,9165,9375
3924,Home,8457,9593
3925,Sports,2011,3834
3926,Grocery,118,868
3927,Grocery,495,2142
3928,Grocery,477,1648
3929,Sports,1617,1857
3930,Fashion,1002,1651
3931,Fashion,2457,2777
3932,Electronics,5051,5322
3933,Sports,2096,3272
3934,Fashion,3733,4104
3935,Grocery,133,852
3936,Grocery,300,1586
3937,Fashion,1010,1146
3938,Grocery,164,2015
3939,Grocery,86,906
3940,Fashion,3240,4799
3941,Fashion,3793,4354
3942,Home,7965,9853
3943,Electronics,30400,31849
3944,Home,2364,4069
3945,Fashion,1828,2858
3946,Grocery,264,1570
3947,Fashion,2511,2917
3948,Grocery,128,887
3949,Fashion,3427,4610
3950,Home,7387,9364
3951,Fashion,4471,6281
3952,Sports,2986,4538
3953,Electronics,47285,48844
3954,Home,8930,9938
3955,Sports,4964,5748
3956,Home,1226,1993
3957,Home,4126,6002
3958,Grocery,326,1388
3959,Grocery,416,784
3960,Home,2825,2976
3961,Home,1142,1601
3962,Fashion,2255,3713
3963,Grocery,162,1186
3964,Home,9487,10775
3965,Home,2825,3612
3966,Electronics,26569,28085
3967,Sports,2807,3871
3968,Home,7029,7778
3969,Fashion,4290,5549
3970,Grocery,417,1285
3971,Fashion,3853,5710
3972,Electronics,30507,32491
3973,Electronics,7703,9692
3974,Fashion,4565,4880
3975,Fashion,3374,3556
3976,Home,2769,3164
3977,Electronics,11315,12192
3978,Electronics,42985,43106
3979,Fashion,4206,5287
3980,Grocery,111,1271
3981,Grocery,207,1978
3982,Fashion,2496,4459
3983,Electronics,35633,35798
3984,Fashion,3566,4849
3985,Electronics,46284,46640
3986,Electronics,12280,13922
3987,Grocery,117,372
3988,Fashion,1448,2523
3989,Home,3545,4938
3990,Grocery,364,2267
3991,Home,2361,4079
3992,Sports,1878,2283
3993,Grocery,274,1136
3994,Fashion,3037,3343
3995,Fashion,3401,4471
3996,Sports,3250,3455
3997,Electronics,28394,29356
3998,Electronics,16327,18173
3999,Home,4467,6137
4000,Fashion,1088,2241
4001,Home,2587,3639
4002,Grocery,447,647
4003,Grocery,63,1842
4004,Sports,5532,6471
4005,Home,6937,8534
4006,Grocery,480,1085
4007,Fashion,3954,5535
4008,Home,8761,9182
4009,Home,1363,1966
4010,Home,3751,4376
4011,Sports,2586,2752
4012,Sports,1334,2847
4013,Grocery,123,767
4014,Fashion,4605,6114
4015,Grocery,443,949
4016,Fashion,2507,3096
4017,Electronics,6542,7103
4018,Electronics,41570,42437
4019,Grocery,383,1061
4020,Sports,1841,2417
4021,Sports,1200,2475
4022,Sports,4429,6331
4023,Electronics,25776,26074
4024,Home,7963,8921
4025,Home,3098,3620
4026,Sports,2758,3305
4027,Home,9706,11351
4028,Fashion,1265,1683
4029,Sports,3343,5136
4030,Electronics,32293,32394
4031,Sports,7884,9138
4032,Grocery,284,1289
4033,Grocery,314,1466
4034,Fashion,3757,5733
4035,Sports,7261,8586
4036,Home,8095,9054
4037,Electronics,9726,11509
4038,Fashion,1871,2170
4039,Sports,6505,7446
4040,Home,3473,5414
4041,Home,2871,4619
4042,Home,5079,5273
4043,Grocery,369,1782
4044,Home,9062,10823
4045,Electronics,34393,35523
4046,Home,6574,8254
4047,Home,7051,9006
4048,Grocery,60,1183
4049,Grocery,313,836
4050,Grocery,141,613
4051,Home,7777,9309
4052,Grocery,173,590
4053,Fashion,3515,4945
4054,Grocery,354,1009
4055,Home,4227,4751
4056,Home,9854,10511
4057,Electronics,10868,11563
4058,Grocery,346,1234
4059,Grocery,167,2078
4060,Sports,6565,8097
4061,Fashion,3321,5080
4062,Electronics,19008,20816
4063,Grocery,292,516
4064,Fashion,4583,6359
4065,Fashion,2916,3373
4066,Home,3487,4211
4067,Electronics,7082,8951
4068,Fashion,4434,5532
4069,Electronics,11728,12979
4070,Home,7610,8764
4071,Fashion,1088,1433
4072,Sports,3816,4008
4073,Grocery,145,842
4074,Grocery,268,781
4075,Grocery,106,797
4076,Grocery,376,2014
4077,Electronics,45764,46759
4078,Grocery,481,1161
4079,Electronics,6227,6853
4080,Home,1235,1907
4081,Grocery,84,1695
4082,Sports,5124,6329
4083,Electronics,18680,19843
4084,Electronics,15195,16244
4085,Fashion,1446,3381
4086,Fashion,1438,2238
4087,Sports,1239,1975
4088,Grocery,329,589
4089,Fashion,4756,5692
4090,Sports,4355,4845
4091,Sports,1182,1862
4092,Fashion,3290,4611
4093,Electronics,9609,10021
4094,Sports,5569,6191
4095,Sports,3735,5710
4096,Fashion,3287,4230
4097,Home,2795,3268
4098,Grocery,457,792
4099,Grocery,75,585
4100,Fashion,4483,5837
4101,Sports,5736,7607
4102,Home,3602,5267
4103,Fashion,3980,4149
4104,Sports,2099,2463
4105,Grocery,86,426
4106,Sports,934,1834
4107,Electronics,37712,39257
4108,Electronics,8221,9262
4109,Sports,1363,2927
4110,Fashion,3401,3593
4111,Home,9610,9737
4112,Electronics,6301,7225
4113,Fashion,2046,4042
4114,Sports,3443,5101
4115,Sports,1284,1471
4116,Grocery,236,1219
4117,Fashion,3839,4791
4118,Home,5109,5817
4119,Fashion,744,1377
4120,Electronics,45646,46781
4121,Grocery,406,2268
4122,Fashion,1667,3197
4123,Grocery,184,456
4124,Sports,4465,6069
4125,Grocery,379,730
4126,Fashion,4075,5981
4127,Fashion,3055,3975
4128,Fashion,601,1026
4129,Grocery,76,1470
4130,Grocery,124,828
4131,Sports,6495,8055
4132,Home,5876,6459
4133,Fashion,4084,5658
4134,Electronics,17777,18727
4135,Grocery,88,1312
4136,Sports,5862,6661
4137,Sports,4636,5286
4138,Sports,6954,7336
4139,Fashion,3728,4371
4140,Fashion,763,1728
4141,Fashion,2757,4260
4142,Electronics,46040,47444
4143,Grocery,427,993
4144,Home,2393,3533
4145,Fashion,513,825
4146,Fashion,1172,2967
4147,Electronics,39883,40094
4148,Sports,2096,2361
4149,Home,4288,5046
4150,Electronics,36606,37008
4151,Sports,7257,7823
4152,Home,3437,3693
4153,Grocery,300,2228
4154,Grocery,115,1251
4155,Fashion,2674,4098
4156,Sports,2174,3790
4157,Fashion,3783,4752
4158,Grocery,235,715
4159,Home,4698,6123
4160,Sports,2253,2462
4161,Electronics,37727,39579
4162,Fashion,1557,1999
4163,Grocery,433,1186
4164,Fashion,4862,6736
4165,Grocery,75,838
4166,Home,1010,2750
4167,Fashion,701,2187
4168,Electronics,37613,38161
4169,Sports,5600,6584
4170,Grocery,306,1533
4171,Electronics,8356,9192
4172,Sports,5976,7690
4173,Fashion,808,1650
4174,Sports,3704,5100
4175,Home,3515,4485
4176,Electronics,36143,37791
4177,Fashion,2803,4139
4178,Electronics,49591,50393
4179,Electronics,8338,9507
4180,Grocery,89,1203
4181,Home,2701,3836
4182,Electronics,43228,44531
4183,Home,9357,11194
4184,Electronics,32795,34006
4185,Electronics,15103,15811
4186,Home,5345,6082
4187,Sports,3985,4866
4188,Grocery,361,526
4189,Electronics,23625,24573
4190,Fashion,3959,5320
4191,Grocery,477,778
4192,Sports,6450,7055
4193,Home,9350,10473
4194,Grocery,479,1487
4195,Grocery,231,1633
4196,Grocery,68,434
4197,Sports,6590,7796
4198,Electronics,49596,49978
4199,Home,9073,10343
4200,Sports,3442,4180
4201,Grocery,243,1831
4202,Home,8478,10434
4203,Electronics,37778,39727
4204,Sports,6954,7424
4205,Home,5112,6647
4206,Fashion,1645,2240
4207,Grocery,147,495
4208,Home,8452,9706
4209,Home,9958,10275
4210,Fashion,4786,5274
4211,Electronics,18939,20180
4212,Fashion,4401,4741
4213,Fashion,4646,6344
4214,Grocery,263,2244
4215,Fashion,3746,4878
4216,Fashion,1742,1896
4217,Home,5489,6345
4218,Grocery,427,2137
4219,Home,6789,8602
4220,Fashion,3380,4328
4221,Home,5536,6181
4222,Electronics,17253,18695
4223,Fashion,1860,3576
4224,Sports,2802,3393
4225,Sports,4667,6150
4226,Sports,3456,4208
4227,Electronics,32338,32679
4228,Electronics,41559,42538
4229,Electronics,34993,35907
4230,Fashion,3304,3439
4231,Electronics,8023,9820
4232,Sports,7977,8617
4233,Grocery,64,2027
4234,Home,2535,3754
4235,Grocery,498,1010
4236,Electronics,11388,13045
4237,Grocery,425,1491
4238,Electronics,32983,34170
4239,Grocery,110,814
4240,Home,5243,6486
4241,Home,1733,2810
4242,Sports,6334,6665
4243,Grocery,143,747
4244,Home,7880,8744
4245,Sports,4234,4877
4246,Home,2711,4252
4247,Home,9925,11602
4248,Fashion,2128,2970
4249,Grocery,198,1850
4250,Fashion,4666,6041
4251,Electronics,15673,17552
4252,Sports,1605,1785
4253,Fashion,2967,3439
4254,Home,2486,4313
4255,Sports,4832,5931
4256,Grocery,219,2146
4257,Grocery,99,444
4258,Fashion,4186,5081
4259,Home,5822,6551
4260,Grocery,370,2303
4261,Home,2365,2837
4262,Electronics,48833,50799
4263,Home,7136,7428
4264,Fashion,3777,5538
4265,Grocery,63,835
4266,Grocery,386,1314
4267,Electronics,45715,46305
4268,Electronics,24311,24813
4269,Sports,1122,1825
4270,Grocery,346,2293
4271,Sports,7418,8042
4272,Electronics,42594,43306
4273,Grocery,343,809
4274,Sports,2657,3092
4275,Home,5831,6411
4276,Electronics,30914,32505
4277,Grocery,330,1082
4278,Grocery,493,1765
4279,Fashion,2423,3554
4280,Sports,1619,2760
4281,Fashion,3167,5113
4282,Home,3613,4928
4283,Home,1102,2645
4284,Grocery,114,1600
4285,Grocery,63,1856
4286,Fashion,3288,5048
4287,Sports,3866,5186
4288,Sports,2071,3428
4289,Sports,6997,7167
4290,Grocery,269,553
4291,Fashion,3158,3929
4292,Sports,3183,4708
4293,Home,7544,8552
4294,Home,3276,3475
4295,Grocery,245,1067
4296,Grocery,425,1781
4297,Home,6832,7944
4298,Electronics,48444,49169
4299,Grocery,99,1506
4300,Grocery,188,2170
4301,Sports,4485,6230
4302,Fashion,2824,3276
4303,Grocery,209,896
4304,Electronics,33798,34490
4305,Grocery,100,1140
4306,Home,8446,10183
4307,Sports,7771,8949
4308,Grocery,202,1842
4309,Electronics,9281,9535
4310,Electronics,30112,30631
4311,Sports,6842,7948
4312,Sports,2491,3532
4313,Fashion,1616,2723
4314,Sports,1264,3032
4315,Home,5313,6412
4316,Fashion,4901,6665
4317,Fashion,2035,3052
4318,Electronics,24614,25650
4319,Home,3616,4670
4320,Sports,7792,8500
4321,Sports,1235,3183
4322,Electronics,24635,25938
4323,Fashion,4734,5990
4324,Electronics,33796,34881
4325,Fashion,2602,3645
4326,Fashion,2313,3108
4327,Home,7838,9004
4328,Home,7204,8764
4329,Sports,6533,8428
4330,Fashion,1844,3532
4331,Sports,3739,5686
4332,Electronics,8392,10024
4333,Electronics,9419,10751
4334,Sports,3381,3756
4335,Sports,4195,5097
4336,Grocery,190,1503
4337,Electronics,46559,48453
4338,Sports,5209,6033
4339,Fashion,4408,4542
4340,Electronics,28054,29268
4341,Sports,7462,8392
4342,Fashion,4084,5631
4343,Fashion,4321,4479
4344,Electronics,29229,29997
4345,Sports,2036,3811
4346,Home,7745,8364
4347,Fashion,4212,5641
4348,Sports,3213,5105
4349,Sports,6053,7117
4350,Home,7285,7479
4351,Grocery,444,1774
4352,Home,1095,1395
4353,Fashion,4105,5077
4354,Grocery,124,641
4355,Sports,5341,5861
4356,Electronics,20747,22446
4357,Grocery,406,966
4358,Home,9758,11041
4359,Home,5400,6567
4360,Home,8296,8400
4361,Sports,6260,7836
4362,Electronics,19581,19914
4363,Grocery,442,1276
4364,Home,7890,8468
4365,Electronics,21586,22923
4366,Sports,3811,4073
4367,Home,3523,4043
4368,Fashion,1985,3378
4369,Fashion,1450,3292
4370,Home,9501,10667
4371,Fashion,2418,4040
4372,Electronics,24744,25894
4373,Sports,2457,2576
4374,Electronics,17606,19159
4375,Home,1056,2698
4376,Fashion,4337,5120
4377,Fashion,4345,5406
4378,Electronics,47415,49201
4379,Electronics,33945,35530
4380,Grocery,51,1491
4381,Sports,2418,2852
4382,Electronics,47167,48695
4383,Grocery,152,2145
4384,Fashion,2959,3373
4385,Fashion,2018,2388
4386,Sports,5680,6572
4387,Fashion,718,1325
4388,Electronics,37284,38567
4389,Electronics,13555,14298
4390,Fashion,3237,3600
4391,Sports,6866,7912
4392,Fashion,4653,5611
4393,Electronics,31213,32375
4394,Home,9310,10487
4395,Sports,2254,3636
4396,Grocery,196,1595
4397,Electronics,47028,47566
4398,Sports,5263,6480
4399,Grocery,258,444
4400,Fashion,4901,5655
4401,Grocery,498,2135
4402,Fashion,3536,4662
4403,Grocery,292,1654
4404,Grocery,235,602
4405,Electronics,16163,17463
4406,Fashion,3889,4689
4407,Sports,1823,3054
4408,Grocery,476,913
4409,Sports,7595,9370
4410,Electronics,45517,46653
4411,Home,5519,6587
4412,Home,5518,6676
4413,Fashion,2729,3626
4414,Electronics,26309,27389
4415,Sports,4199,6060
4416,Fashion,2440,2695
4417,Fashion,522,2452
4418,Home,5465,5929
4419,Electronics,48383,49968
4420,Sports,3204,3957
4421,Fashion,4547,5456
4422,Sports,1435,3303
4423,Home,7743,7848
4424,Electronics,30782,32540
4425,Sports,4711,5117
4426,Fashion,3349,4319
4427,Grocery,359,1839
4428,Grocery,340,530
4429,Sports,2896,3838
4430,Sports,1911,2343
4431,Grocery,148,938
4432,Fashion,2187,3064
4433,Sports,3773,4215
4434,Home,3489,5261
4435,Home,6036,7597
4436,Fashion,3625,5083
4437,Electronics,28462,29642
4438,Fashion,3813,4159
4439,Home,2029,3524
4440,Home,7083,7548
4441,Fashion,2842,3458
4442,Fashion,517,2349
4443,Sports,7033,7761
4444,Electronics,44925,46431
4445,Fashion,3604,5542
4446,Home,2677,2902
4447,Fashion,4509,5905
4448,Grocery,106,1210
4449,Home,8390,10028
4450,Sports,4588,5310
4451,Electronics,49800,51646
4452,Home,8847,10833
4453,Electronics,22238,22359
4454,Sports,7986,9354
4455,Fashion,4605,5762
4456,Sports,1729,1858
4457,Grocery,188,1239
4458,Home,1464,3211
4459,Electronics,9434,10490
4460,Electronics,35282,36822
4461,Fashion,4240,5207
4462,Home,8012,8685
4463,Electronics,7155,7317
4464,Sports,2258,3764
4465,Grocery,71,1281
4466,Home,2772,4021
4467,Fashion,1048,2127
4468,Home,4441,6148
4469,Home,4218,5050
4470,Electronics,11671,12254
4471,Grocery,352,953
4472,Electronics,49914,51858
4473,Grocery,412,863
4474,Electronics,45605,47108
4475,Electronics,16826,18278
4476,Grocery,270,861
4477,Grocery,367,1190
4478,Grocery,272,1066
4479,Electronics,14740,14877
4480,Home,9822,11788
4481,Fashion,4067,4744
4482,Home,7076,7752
4483,Sports,7608,8850
4484,Fashion,4605,6234
4485,Sports,2718,3882
4486,Electronics,47109,48726
4487,Fashion,4782,5571
4488,Home,1661,2887
4489,Fashion,3601,4260
4490,Electronics,13978,15753
4491,Electronics,14819,15262
4492,Sports,4494,5323
4493,Electronics,35405,36603
4494,Home,7399,8879
4495,Grocery,428,2322
4496,Fashion,4225,5741
4497,Electronics,23310,23907
4498,Fashion,2070,3567
4499,Home,2645,3040
4500,Grocery,335,476
4501,Home,5809,7769
4502,Grocery,343,2313
4503,Home,4234,4580
4504,Sports,7886,8092
4505,Electronics,13776,15744
4506,Fashion,1322,1636
4507,Sports,7804,9583
4508,Home,4095,4849
4509,Electronics,25584,26623
4510,Home,1800,2328
4511,Sports,1311,3164
4512,Fashion,4205,5960
4513,Fashion,740,2736
4514,Grocery,452,852
4515,Fashion,2147,2523
4516,Electronics,46417,47064
4517,Fashion,2732,2952
4518,Electronics,26248,28149
4519,Electronics,21090,23059
4520,Sports,1013,1704
4521,Grocery,327,1285
4522,Grocery,55,676
4523,Home,7773,7896
4524,Sports,4736,5377
4525,Electronics,41840,43098
4526,Electronics,28418,29438
4527,Grocery,298,878
4528,Grocery,341,702
4529,Fashion,3928,4744
4530,Sports,2318,2505
4531,Sports,3394,3513
4532,Electronics,10953,11403
4533,Grocery,147,830
4534,Home,9420,9947
4535,Fashion,4894,5827
4536,Sports,5528,6214
4537,Home,3621,4029
4538,Fashion,2932,3108
4539,Fashion,4064,5515
4540,Electronics,19731,21295
4541,Sports,7600,8108
4542,Electronics,39671,40243
4543,Fashion,3079,3793
4544,Grocery,180,432
4545,Sports,3500,4433
4546,Grocery,138,827
4547,Home,2768,4680
4548,Grocery,231,465
4549,Home,6389,6909
4550,Home,6062,7023
4551,Sports,4616,6419
4552,Home,3257,4246
4553,Home,7933,9167
4554,Electronics,29508,29890
4555,Home,4012,4169
4556,Electronics,41927,42285
4557,Fashion,1545,2174
4558,Electronics,21722,23429
4559,Electronics,26179,26728
4560,Electronics,45588,46963
4561,Sports,4309,4818
4562,Grocery,380,811
4563,Electronics,48334,49845
4564,Sports,1512,2617
4565,Sports,6644,7309
4566,Fashion,4516,4885
4567,Electronics,5038,6528
4568,Sports,3582,4758
4569,Fashion,1293,1996
4570,Home,3039,4314
4571,Grocery,298,1453
4572,Grocery,102,956
4573,Home,1009,2393
4574,Grocery,390,2359
4575,Grocery,234,1368
4576,Sports,3198,4273
4577,Electronics,46978,48717
4578,Grocery,434,2416
4579,Grocery,461,1193
4580,Fashion,779,1040
4581,Fashion,1683,3104
4582,Electronics,28360,29725
4583,Home,1519,2550
4584,Electronics,28193,29706
4585,Home,8312,9366
4586,Electronics,45412,45794
4587,Grocery,146,986
4588,Home,6598,7331
4589,Electronics,43134,44191
4590,Home,4098,4832
4591,Fashion,3923,4411
4592,Electronics,44000,44418
4593,Electronics,43104,44871
4594,Home,4180,5727
4595,Electronics,11595,12413
4596,Home,6537,8409
4597,Home,7714,8719
4598,Fashion,923,1327
4599,Sports,4431,4601
4600,Grocery,345,1861
4601,Sports,4210,4980
4602,Fashion,3915,4604
4603,Grocery,424,2178
4604,Home,5711,6533
4605,Electronics,22130,22808
4606,Fashion,3059,4158
4607,Home,7287,9011
4608,Sports,4162,4675
4609,Electronics,14317,16256
4610,Electronics,16978,18797
4611,Home,2802,3499
4612,Grocery,169,1914
4613,Fashion,4461,6010
4614,Electronics,12981,14393
4615,Grocery,120,1807
4616,Home,9893,10798
4617,Electronics,22395,22892
4618,Sports,6560,8072
4619,Electronics,27462,28931
4620,Sports,4452,5862
4621,Home,7865,8285
4622,Fashion,3838,5129
4623,Home,5796,6437
4624,Sports,3473,5278
4625,Grocery,487,2291
4626,Electronics,33580,34646
4627,Electronics,29506,31462
4628,Sports,4412,4706
4629,Fashion,2937,4657
4630,Electronics,37686,39368
4631,Grocery,273,1685
4632,Home,1197,2134
4633,Sports,7642,7888
4634,Fashion,2085,3568
4635,Fashion,4469,6111
4636,Fashion,3904,4424
4637,Fashion,4015,5630
4638,Electronics,22102,22211
4639,Electronics,31740,33273
4640,Fashion,830,2569
4641,Home,7883,8448
4642,Grocery,353,1801
4643,Fashion,4128,5930
4644,Home,2262,2877
4645,Sports,2163,2669
4646,Home,8911,9588
4647,Fashion,4568,6444
4648,Electronics,5959,7552
4649,Sports,1483,3312
4650,Fashion,3249,4753
4651,Home,1962,3068
4652,Home,8004,8427
4653,Sports,6543,6890
4654,Sports,7310,7876
4655,Grocery,357,1619
4656,Home,3255,4829
4657,Fashion,511,1104
4658,Sports,6333,7325
4659,Sports,3440,4640
4660,Fashion,1379,2691
4661,Home,9744,10443
4662,Grocery,487,1361
4663,Fashion,967,1435
4664,Electronics,49218,50340
4665,Fashion,1471,2776
4666,Grocery,132,1830
4667,Electronics,24877,26510
4668,Sports,6153,6748
4669,Fashion,753,1156
4670,Sports,2176,4036
4671,Home,1020,2701
4672,Electronics,32252,34153
4673,Fashion,2915,4558
4674,Grocery,183,1584
4675,Sports,3374,5361
4676,Electronics,43334,44860
4677,Home,2141,2539
4678,Sports,5340,6238
4679,Fashion,1509,1860
4680,Fashion,1579,2619
4681,Sports,5360,5820
4682,Fashion,4631,4897
4683,Electronics,35352,36210
4684,Electronics,41120,42102
4685,Home,1883,3857
4686,Fashion,2761,3851
4687,Grocery,329,879
4688,Grocery,92,1267
4689,Sports,1510,1813
4690,Sports,2231,2803
4691,Sports,2837,4204
4692,Home,7583,8137
4693,Fashion,1754,2215
4694,Grocery,343,1906
4695,Grocery,185,344
4696,Sports,5296,5433
4697,Fashion,4256,5104
4698,Home,5349,5665
4699,Fashion,1830,2989
4700,Fashion,517,1170
4701,Home,7418,8178
4702,Home,4930,6381
4703,Fashion,863,1517
4704,Home,7816,9418
4705,Electronics,5506,6477
4706,Grocery,87,1861
4707,Grocery,487,1702
4708,Grocery,408,640
4709,Home,4487,5881
4710,Home,4856,6327
4711,Grocery,462,1190
4712,Grocery,318,516
4713,Electronics,8639,9827
4714,Grocery,245,1071
4715,Home,1525,3154
4716,Fashion,1136,2333
4717,Sports,3696,5586
4718,Grocery,311,1211
4719,Sports,5389,6070
4720,Fashion,4239,4381
4721,Fashion,3275,3451
4722,Grocery,139,1333
4723,Sports,4319,4543
4724,Fashion,961,1414
4725,Grocery,217,1686
4726,Fashion,2454,4133
4727,Fashion,3111,4301
4728,Sports,2593,3100
4729,Sports,5997,7418
4730,Grocery,206,1255
4731,Grocery,112,596
4732,Electronics,8813,10162
4733,Fashion,4578,5276
4734,Electronics,42962,44698
4735,Electronics,20312,21274
4736,Electronics,29798,30697
4737,Electronics,5150,5434
4738,Electronics,28283,29627
4739,Electronics,10474,10660
4740,Fashion,1843,3462
4741,Grocery,253,1750
4742,Grocery,389,775
4743,Sports,7202,7890
4744,Sports,7692,7948
4745,Sports,1358,2802
4746,Home,4344,5711
4747,Fashion,1036,1471
4748,Home,4854,5872
4749,Sports,5597,6189
4750,Grocery,434,590
4751,Electronics,29876,31703
4752,Home,5930,6712
4753,Sports,6680,8059
4754,Electronics,29273,30861
4755,Sports,957,1960
4756,Sports,2187,2857
4757,Fashion,621,1849
4758,Electronics,35137,37037
4759,Fashion,3431,3787
4760,Sports,2688,4370
4761,Home,9436,11241
4762,Grocery,170,1328
4763,Electronics,37780,38164
4764,Electronics,38841,39554
4765,Sports,6761,8522
4766,Grocery,472,839
4767,Home,7256,8322
4768,Grocery,200,1488
4769,Fashion,4881,6874
4770,Grocery,372,1847
4771,Grocery,314,423
4772,Home,5870,6239
4773,Electronics,40547,41609
4774,Home,4969,5497
4775,Home,6728,7951
4776,Grocery,348,1587
4777,Grocery,132,423
4778,Grocery,474,798
4779,Grocery,377,1789
4780,Home,9694,11270
4781,Electronics,15470,16583
4782,Electronics,23495,25205
4783,Sports,3531,3860
4784,Home,4781,5639
4785,Grocery,327,472
4786,Home,8973,10801
4787,Electronics,5464,5738
4788,Sports,6575,6828
4789,Fashion,4281,4932
4790,Electronics,48590,49602
4791,Sports,7125,8094
4792,Fashion,1177,1349
4793,Fashion,3978,4773
4794,Fashion,4020,4358
4795,Grocery,195,631
4796,Fashion,2543,4246
4797,Electronics,39428,39817
4798,Home,5350,5680
4799,Home,8513,8976
4800,Sports,4601,5934
4801,Home,4949,5840
4802,Electronics,49493,50629
4803,Grocery,422,1081
4804,Grocery,213,1607
4805,Sports,3133,4524
4806,Electronics,26693,28300
4807,Electronics,40697,42095
4808,Fashion,2218,4083
4809,Sports,5890,7379
4810,Fashion,2935,3495
4811,Fashion,974,1620
4812,Electronics,23934,24272
4813,Electronics,44293,45153
4814,Grocery,144,815
4815,Grocery,119,614
4816,Electronics,28934,30053
4817,Electronics,15759,17320
4818,Sports,3850,4471
4819,Grocery,349,731
4820,Grocery,270,993
4821,Electronics,45741,46597
4822,Grocery,235,2019
4823,Fashion,717,1192
4824,Electronics,15871,16854
4825,Home,4054,4386
4826,Home,4949,5537
4827,Grocery,72,1970
4828,Grocery,215,710
4829,Fashion,3358,4183
4830,Sports,3542,4199
4831,Grocery,64,646
4832,Fashion,2150,2815
4833,Home,7947,8488
4834,Sports,3315,3810
4835,Fashion,2775,3139
4836,Grocery,85,296
4837,Sports,3958,4180
4838,Home,2526,3523
4839,Fashion,3802,4876
4840,Home,6016,6348
4841,Grocery,354,770
4842,Fashion,774,2664
4843,Grocery,398,1367
4844,Sports,3454,4679
4845,Electronics,18353,19418
4846,Sports,3494,5237
4847,Fashion,726,835
4848,Grocery,337,2016
4849,Home,1721,2258
4850,Fashion,2737,3420
4851,Sports,5716,5875
4852,Home,5985,7667
4853,Fashion,1449,2596
4854,Electronics,9960,11045
4855,Home,6643,7454
4856,Home,3433,4806
4857,Grocery,168,1755
4858,Fashion,539,1675
4859,Fashion,4020,4869
4860,Home,7579,8594
4861,Grocery,221,2078
4862,Fashion,1091,1469
4863,Sports,832,2685
4864,Fashion,4669,6614
4865,Electronics,14056,14804
4866,Fashion,4448,4838
4867,Sports,3355,4584
4868,Electronics,44647,44974
4869,Fashion,4737,5866
4870,Home,1433,3206
4871,Fashion,2340,3158
4872,Fashion,1084,2380
4873,Sports,6821,8015
4874,Fashion,4641,6429
4875,Home,7903,8853
4876,Electronics,19424,20866
4877,Home,4931,6814
4878,Home,6089,7577
4879,Home,4601,6493
4880,Fashion,2850,4652
4881,Electronics,31056,31204
4882,Electronics,34898,36836
4883,Sports,3204,4498
4884,Electronics,32403,33311
4885,Fashion,3274,4463
4886,Fashion,2269,2849
4887,Home,8847,10065
4888,Home,4445,5435
4889,Sports,1988,2794
4890,Grocery,340,946
4891,Fashion,1871,2893
4892,Grocery,146,843
4893,Home,9030,9702
4894,Fashion,4101,5275
4895,Home,1208,2724
4896,Electronics,13160,13633
4897,Fashion,4415,5605
4898,Grocery,315,2160
4899,Electronics,27976,28362
4900,Grocery,141,1479
4901,Sports,7673,9098
4902,Grocery,462,1243
4903,Fashion,4190,5058
4904,Grocery,457,1241
4905,Grocery,416,1871
4906,Fashion,715,2046
4907,Electronics,25783,26707
4908,Sports,7592,8152
4909,Electronics,18104,19711
4910,Fashion,2835,3239
4911,Home,8176,10087
4912,Grocery,239,992
4913,Electronics,31109,32218
4914,Sports,7409,8759
4915,Home,5330,7174
4916,Electronics,15722,17133
4917,Sports,3604,5370
4918,Home,4714,5091
4919,Sports,5466,5964
4920,Home,1009,1676
4921,Sports,4365,6073
4922,Home,2096,2350
4923,Electronics,30286,32221
4924,Grocery,487,1015
4925,Grocery,125,264
4926,Sports,5569,6143
4927,Electronics,22198,23527
4928,Fashion,2220,3333
4929,Fashion,3306,4238
4930,Sports,2825,3478
4931,Grocery,224,808
4932,Grocery,257,1752
4933,Electronics,47098,47738
4934,Electronics,46113,47326
4935,Fashion,2705,3709
4936,Sports,3278,3835
4937,Home,1521,3384
4938,Electronics,13693,15550
4939,Grocery,91,257
4940,Home,7161,8274
4941,Grocery,435,986
4942,Home,8861,10359
4943,Electronics,36718,37171
4944,Fashion,4382,4573
4945,Home,2788,3916
4946,Fashion,1766,2768
4947,Sports,5162,6710
4948,Home,2663,4261
4949,Sports,4648,5404
4950,Home,9374,10676
4951,Sports,6549,8057
4952,Home,3757,5096
4953,Electronics,14207,16000
4954,Grocery,308,1402
4955,Fashion,567,1675
4956,Sports,7791,8670
4957,Sports,4632,6389
4958,Grocery,155,608
4959,Fashion,2753,4716
4960,Home,2732,2854
4961,Sports,3259,3683
4962,Sports,3314,5068
4963,Home,2635,3478
4964,Sports,1932,3614
4965,Grocery,361,1448
4966,Sports,4207,5376
4967,Sports,3878,5831
4968,Fashion,4980,6376
4969,Grocery,225,967
4970,Home,9830,10268
4971,Sports,4806,6303
4972,Electronics,30448,31302
4973,Electronics,47458,48925
4974,Sports,2335,4029
4975,Electronics,25610,27382
4976,Grocery,379,2287
4977,Fashion,1155,2604
4978,Electronics,9167,10232
4979,Home,1388,3261
4980,Electronics,21403,22572
4981,Electronics,26294,27272
4982,Fashion,1244,2040
4983,Home,8164,8272
4984,Home,9397,10587
4985,Electronics,5955,7387
4986,Sports,1945,2729
4987,Sports,2415,4323
4988,Grocery,361,1375
4989,Home,9467,10231
4990,Home,5981,6459
4991,Electronics,14051,14772
4992,Electronics,6219,7947
4993,Fashion,4296,5957
4994,Electronics,42790,44138
4995,Grocery,333,1845
4996,Grocery,492,2035
4997,Grocery,104,261
4998,Grocery,90,1568
4999,Fashion,4203,4664
5000,Grocery,429,572
